Copyright 1986-2018 Xilinx, Inc. All Rights Reserved.
--------------------------------------------------------------------------------------------------------------------------------------------------------------------------------------------------------------------------
| Tool Version : Vivado v.2018.3 (win64) Build 2405991 Thu Dec  6 23:38:27 MST 2018
| Date         : Mon Jan  5 16:20:22 2026
| Host         : LAPTOP-DHS056N6 running 64-bit major release  (build 9200)
| Command      : report_methodology -file image_rotator_design_wrapper_methodology_drc_routed.rpt -pb image_rotator_design_wrapper_methodology_drc_routed.pb -rpx image_rotator_design_wrapper_methodology_drc_routed.rpx
| Design       : image_rotator_design_wrapper
| Device       : xc7z020clg400-1
| Speed File   : -1
| Design State : Fully Routed
--------------------------------------------------------------------------------------------------------------------------------------------------------------------------------------------------------------------------

Report Methodology

Table of Contents
-----------------
1. REPORT SUMMARY
2. REPORT DETAILS

1. REPORT SUMMARY
-----------------
            Netlist: netlist
          Floorplan: design_1
      Design limits: <entire design considered>
             Max violations: <unlimited>
             Violations found: 1000
+-----------+----------+-----------------------+------------+
| Rule      | Severity | Description           | Violations |
+-----------+----------+-----------------------+------------+
| TIMING-16 | Warning  | Large setup violation | 1000       |
+-----------+----------+-----------------------+------------+

2. REPORT DETAILS
-----------------
TIMING-16#1 Warning
Large setup violation  
There is a large setup violation of -1.004 ns between image_rotator_design_i/axi_dma_0/U0/I_PRMRY_DATAMOVER/GEN_MM2S_FULL.I_MM2S_FULL_WRAPPER/ENABLE_AXIS_SKID.I_MM2S_SKID_BUF/sig_data_reg_out_reg[6]/C (clocked by clk_fpga_0) and image_rotator_design_i/axi_image_rotator_0/inst/bram_bank0_reg_1024_1087_6_6/SP/I (clocked by clk_fpga_0). Large setup violations at the end of those stages might be difficult to fix during the post-placement implementation flow and could be the result of non-optimal XDC constraints or non-optimal design architecture
Related violations: <none>

TIMING-16#2 Warning
Large setup violation  
There is a large setup violation of -1.005 ns between image_rotator_design_i/axi_dma_0/U0/I_PRMRY_DATAMOVER/GEN_MM2S_FULL.I_MM2S_FULL_WRAPPER/ENABLE_AXIS_SKID.I_MM2S_SKID_BUF/sig_data_reg_out_reg[6]/C (clocked by clk_fpga_0) and image_rotator_design_i/axi_image_rotator_0/inst/bram_bank0_reg_1152_1215_6_6/SP/I (clocked by clk_fpga_0). Large setup violations at the end of those stages might be difficult to fix during the post-placement implementation flow and could be the result of non-optimal XDC constraints or non-optimal design architecture
Related violations: <none>

TIMING-16#3 Warning
Large setup violation  
There is a large setup violation of -1.013 ns between image_rotator_design_i/axi_dma_0/U0/I_PRMRY_DATAMOVER/GEN_MM2S_FULL.I_MM2S_FULL_WRAPPER/ENABLE_AXIS_SKID.I_MM2S_SKID_BUF/sig_data_reg_out_reg[6]/C (clocked by clk_fpga_0) and image_rotator_design_i/axi_image_rotator_0/inst/bram_bank1_reg_1664_1727_6_6/SP/I (clocked by clk_fpga_0). Large setup violations at the end of those stages might be difficult to fix during the post-placement implementation flow and could be the result of non-optimal XDC constraints or non-optimal design architecture
Related violations: <none>

TIMING-16#4 Warning
Large setup violation  
There is a large setup violation of -1.015 ns between image_rotator_design_i/axi_dma_0/U0/I_PRMRY_DATAMOVER/GEN_MM2S_FULL.I_MM2S_FULL_WRAPPER/ENABLE_AXIS_SKID.I_MM2S_SKID_BUF/sig_data_reg_out_reg[6]/C (clocked by clk_fpga_0) and image_rotator_design_i/axi_image_rotator_0/inst/bram_bank1_reg_128_191_6_6/SP/I (clocked by clk_fpga_0). Large setup violations at the end of those stages might be difficult to fix during the post-placement implementation flow and could be the result of non-optimal XDC constraints or non-optimal design architecture
Related violations: <none>

TIMING-16#5 Warning
Large setup violation  
There is a large setup violation of -1.024 ns between image_rotator_design_i/axi_dma_0/U0/I_PRMRY_DATAMOVER/GEN_MM2S_FULL.I_MM2S_FULL_WRAPPER/ENABLE_AXIS_SKID.I_MM2S_SKID_BUF/sig_data_reg_out_reg[0]/C (clocked by clk_fpga_0) and image_rotator_design_i/axi_image_rotator_0/inst/bram_bank2_reg_896_959_0_2/RAMA/I (clocked by clk_fpga_0). Large setup violations at the end of those stages might be difficult to fix during the post-placement implementation flow and could be the result of non-optimal XDC constraints or non-optimal design architecture
Related violations: <none>

TIMING-16#6 Warning
Large setup violation  
There is a large setup violation of -1.026 ns between image_rotator_design_i/axi_image_rotator_0/inst/state_reg[0]/C (clocked by clk_fpga_0) and image_rotator_design_i/axi_image_rotator_0/inst/bram_bank1_reg_2112_2175_6_6/DP/WE (clocked by clk_fpga_0). Large setup violations at the end of those stages might be difficult to fix during the post-placement implementation flow and could be the result of non-optimal XDC constraints or non-optimal design architecture
Related violations: <none>

TIMING-16#7 Warning
Large setup violation  
There is a large setup violation of -1.026 ns between image_rotator_design_i/axi_image_rotator_0/inst/state_reg[0]/C (clocked by clk_fpga_0) and image_rotator_design_i/axi_image_rotator_0/inst/bram_bank1_reg_2112_2175_6_6/SP/WE (clocked by clk_fpga_0). Large setup violations at the end of those stages might be difficult to fix during the post-placement implementation flow and could be the result of non-optimal XDC constraints or non-optimal design architecture
Related violations: <none>

TIMING-16#8 Warning
Large setup violation  
There is a large setup violation of -1.030 ns between image_rotator_design_i/axi_image_rotator_0/inst/wr_ptr_reg[4]/C (clocked by clk_fpga_0) and image_rotator_design_i/axi_image_rotator_0/inst/bram_bank1_reg_2048_2111_7_7/DP/WADR2 (clocked by clk_fpga_0). Large setup violations at the end of those stages might be difficult to fix during the post-placement implementation flow and could be the result of non-optimal XDC constraints or non-optimal design architecture
Related violations: <none>

TIMING-16#9 Warning
Large setup violation  
There is a large setup violation of -1.030 ns between image_rotator_design_i/axi_image_rotator_0/inst/wr_ptr_reg[4]/C (clocked by clk_fpga_0) and image_rotator_design_i/axi_image_rotator_0/inst/bram_bank1_reg_2048_2111_7_7/SP/WADR2 (clocked by clk_fpga_0). Large setup violations at the end of those stages might be difficult to fix during the post-placement implementation flow and could be the result of non-optimal XDC constraints or non-optimal design architecture
Related violations: <none>

TIMING-16#10 Warning
Large setup violation  
There is a large setup violation of -1.043 ns between image_rotator_design_i/axi_dma_0/U0/I_PRMRY_DATAMOVER/GEN_MM2S_FULL.I_MM2S_FULL_WRAPPER/ENABLE_AXIS_SKID.I_MM2S_SKID_BUF/sig_data_reg_out_reg[6]/C (clocked by clk_fpga_0) and image_rotator_design_i/axi_image_rotator_0/inst/bram_bank0_reg_1792_1855_6_6/SP/I (clocked by clk_fpga_0). Large setup violations at the end of those stages might be difficult to fix during the post-placement implementation flow and could be the result of non-optimal XDC constraints or non-optimal design architecture
Related violations: <none>

TIMING-16#11 Warning
Large setup violation  
There is a large setup violation of -1.045 ns between image_rotator_design_i/axi_dma_0/U0/I_PRMRY_DATAMOVER/GEN_MM2S_FULL.I_MM2S_FULL_WRAPPER/ENABLE_AXIS_SKID.I_MM2S_SKID_BUF/sig_data_reg_out_reg[6]/C (clocked by clk_fpga_0) and image_rotator_design_i/axi_image_rotator_0/inst/bram_bank0_reg_1920_1983_6_6/DP/I (clocked by clk_fpga_0). Large setup violations at the end of those stages might be difficult to fix during the post-placement implementation flow and could be the result of non-optimal XDC constraints or non-optimal design architecture
Related violations: <none>

TIMING-16#12 Warning
Large setup violation  
There is a large setup violation of -1.045 ns between image_rotator_design_i/axi_image_rotator_0/inst/state_reg[0]/C (clocked by clk_fpga_0) and image_rotator_design_i/axi_image_rotator_0/inst/bram_bank1_reg_1792_1855_7_7/DP/WE (clocked by clk_fpga_0). Large setup violations at the end of those stages might be difficult to fix during the post-placement implementation flow and could be the result of non-optimal XDC constraints or non-optimal design architecture
Related violations: <none>

TIMING-16#13 Warning
Large setup violation  
There is a large setup violation of -1.045 ns between image_rotator_design_i/axi_image_rotator_0/inst/state_reg[0]/C (clocked by clk_fpga_0) and image_rotator_design_i/axi_image_rotator_0/inst/bram_bank1_reg_1792_1855_7_7/SP/WE (clocked by clk_fpga_0). Large setup violations at the end of those stages might be difficult to fix during the post-placement implementation flow and could be the result of non-optimal XDC constraints or non-optimal design architecture
Related violations: <none>

TIMING-16#14 Warning
Large setup violation  
There is a large setup violation of -1.049 ns between image_rotator_design_i/axi_image_rotator_0/inst/wr_ptr_reg[10]/C (clocked by clk_fpga_0) and image_rotator_design_i/axi_image_rotator_0/inst/bram_bank0_reg_3456_3519_7_7/DP/WE (clocked by clk_fpga_0). Large setup violations at the end of those stages might be difficult to fix during the post-placement implementation flow and could be the result of non-optimal XDC constraints or non-optimal design architecture
Related violations: <none>

TIMING-16#15 Warning
Large setup violation  
There is a large setup violation of -1.049 ns between image_rotator_design_i/axi_image_rotator_0/inst/wr_ptr_reg[10]/C (clocked by clk_fpga_0) and image_rotator_design_i/axi_image_rotator_0/inst/bram_bank0_reg_3456_3519_7_7/SP/WE (clocked by clk_fpga_0). Large setup violations at the end of those stages might be difficult to fix during the post-placement implementation flow and could be the result of non-optimal XDC constraints or non-optimal design architecture
Related violations: <none>

TIMING-16#16 Warning
Large setup violation  
There is a large setup violation of -1.053 ns between image_rotator_design_i/axi_image_rotator_0/inst/wr_ptr_reg[4]/C (clocked by clk_fpga_0) and image_rotator_design_i/axi_image_rotator_0/inst/bram_bank2_reg_1792_1855_7_7/DP/WADR2 (clocked by clk_fpga_0). Large setup violations at the end of those stages might be difficult to fix during the post-placement implementation flow and could be the result of non-optimal XDC constraints or non-optimal design architecture
Related violations: <none>

TIMING-16#17 Warning
Large setup violation  
There is a large setup violation of -1.053 ns between image_rotator_design_i/axi_image_rotator_0/inst/wr_ptr_reg[4]/C (clocked by clk_fpga_0) and image_rotator_design_i/axi_image_rotator_0/inst/bram_bank2_reg_1792_1855_7_7/SP/WADR2 (clocked by clk_fpga_0). Large setup violations at the end of those stages might be difficult to fix during the post-placement implementation flow and could be the result of non-optimal XDC constraints or non-optimal design architecture
Related violations: <none>

TIMING-16#18 Warning
Large setup violation  
There is a large setup violation of -1.070 ns between image_rotator_design_i/axi_dma_0/U0/I_PRMRY_DATAMOVER/GEN_MM2S_FULL.I_MM2S_FULL_WRAPPER/ENABLE_AXIS_SKID.I_MM2S_SKID_BUF/sig_data_reg_out_reg[0]/C (clocked by clk_fpga_0) and image_rotator_design_i/axi_image_rotator_0/inst/bram_bank2_reg_2368_2431_0_2/RAMA/I (clocked by clk_fpga_0). Large setup violations at the end of those stages might be difficult to fix during the post-placement implementation flow and could be the result of non-optimal XDC constraints or non-optimal design architecture
Related violations: <none>

TIMING-16#19 Warning
Large setup violation  
There is a large setup violation of -1.076 ns between image_rotator_design_i/axi_dma_0/U0/I_PRMRY_DATAMOVER/GEN_MM2S_FULL.I_MM2S_FULL_WRAPPER/ENABLE_AXIS_SKID.I_MM2S_SKID_BUF/sig_data_reg_out_reg[0]/C (clocked by clk_fpga_0) and image_rotator_design_i/axi_image_rotator_0/inst/bram_bank2_reg_256_319_0_2/RAMA/I (clocked by clk_fpga_0). Large setup violations at the end of those stages might be difficult to fix during the post-placement implementation flow and could be the result of non-optimal XDC constraints or non-optimal design architecture
Related violations: <none>

TIMING-16#20 Warning
Large setup violation  
There is a large setup violation of -1.077 ns between image_rotator_design_i/axi_image_rotator_0/inst/wr_ptr_reg[3]/C (clocked by clk_fpga_0) and image_rotator_design_i/axi_image_rotator_0/inst/bram_bank2_reg_1344_1407_0_2/RAMA/WADR1 (clocked by clk_fpga_0). Large setup violations at the end of those stages might be difficult to fix during the post-placement implementation flow and could be the result of non-optimal XDC constraints or non-optimal design architecture
Related violations: <none>

TIMING-16#21 Warning
Large setup violation  
There is a large setup violation of -1.077 ns between image_rotator_design_i/axi_image_rotator_0/inst/wr_ptr_reg[3]/C (clocked by clk_fpga_0) and image_rotator_design_i/axi_image_rotator_0/inst/bram_bank2_reg_1344_1407_0_2/RAMB/WADR1 (clocked by clk_fpga_0). Large setup violations at the end of those stages might be difficult to fix during the post-placement implementation flow and could be the result of non-optimal XDC constraints or non-optimal design architecture
Related violations: <none>

TIMING-16#22 Warning
Large setup violation  
There is a large setup violation of -1.077 ns between image_rotator_design_i/axi_image_rotator_0/inst/wr_ptr_reg[3]/C (clocked by clk_fpga_0) and image_rotator_design_i/axi_image_rotator_0/inst/bram_bank2_reg_1344_1407_0_2/RAMC/WADR1 (clocked by clk_fpga_0). Large setup violations at the end of those stages might be difficult to fix during the post-placement implementation flow and could be the result of non-optimal XDC constraints or non-optimal design architecture
Related violations: <none>

TIMING-16#23 Warning
Large setup violation  
There is a large setup violation of -1.077 ns between image_rotator_design_i/axi_image_rotator_0/inst/wr_ptr_reg[3]/C (clocked by clk_fpga_0) and image_rotator_design_i/axi_image_rotator_0/inst/bram_bank2_reg_1344_1407_0_2/RAMD/WADR1 (clocked by clk_fpga_0). Large setup violations at the end of those stages might be difficult to fix during the post-placement implementation flow and could be the result of non-optimal XDC constraints or non-optimal design architecture
Related violations: <none>

TIMING-16#24 Warning
Large setup violation  
There is a large setup violation of -1.078 ns between image_rotator_design_i/axi_image_rotator_0/inst/state_reg[0]/C (clocked by clk_fpga_0) and image_rotator_design_i/axi_image_rotator_0/inst/bram_bank0_reg_3200_3263_3_5/RAMA/WE (clocked by clk_fpga_0). Large setup violations at the end of those stages might be difficult to fix during the post-placement implementation flow and could be the result of non-optimal XDC constraints or non-optimal design architecture
Related violations: <none>

TIMING-16#25 Warning
Large setup violation  
There is a large setup violation of -1.078 ns between image_rotator_design_i/axi_image_rotator_0/inst/state_reg[0]/C (clocked by clk_fpga_0) and image_rotator_design_i/axi_image_rotator_0/inst/bram_bank0_reg_3200_3263_3_5/RAMB/WE (clocked by clk_fpga_0). Large setup violations at the end of those stages might be difficult to fix during the post-placement implementation flow and could be the result of non-optimal XDC constraints or non-optimal design architecture
Related violations: <none>

TIMING-16#26 Warning
Large setup violation  
There is a large setup violation of -1.078 ns between image_rotator_design_i/axi_image_rotator_0/inst/state_reg[0]/C (clocked by clk_fpga_0) and image_rotator_design_i/axi_image_rotator_0/inst/bram_bank0_reg_3200_3263_3_5/RAMC/WE (clocked by clk_fpga_0). Large setup violations at the end of those stages might be difficult to fix during the post-placement implementation flow and could be the result of non-optimal XDC constraints or non-optimal design architecture
Related violations: <none>

TIMING-16#27 Warning
Large setup violation  
There is a large setup violation of -1.078 ns between image_rotator_design_i/axi_image_rotator_0/inst/state_reg[0]/C (clocked by clk_fpga_0) and image_rotator_design_i/axi_image_rotator_0/inst/bram_bank0_reg_3200_3263_3_5/RAMD/WE (clocked by clk_fpga_0). Large setup violations at the end of those stages might be difficult to fix during the post-placement implementation flow and could be the result of non-optimal XDC constraints or non-optimal design architecture
Related violations: <none>

TIMING-16#28 Warning
Large setup violation  
There is a large setup violation of -1.083 ns between image_rotator_design_i/axi_dma_0/U0/I_PRMRY_DATAMOVER/GEN_S2MM_FULL.I_S2MM_FULL_WRAPPER/GEN_ENABLE_INDET_BTT_SF.I_INDET_BTT/I_DATA_FIFO/BLK_MEM.I_SYNC_FIFOGEN_FIFO/xpm_fifo_instance.xpm_fifo_sync_inst/xpm_fifo_base_inst/gen_pntr_flags_cc.gen_full_rst_val.ram_full_i_reg/C (clocked by clk_fpga_0) and image_rotator_design_i/axi_dma_0/U0/I_PRMRY_DATAMOVER/GEN_S2MM_FULL.I_S2MM_FULL_WRAPPER/GEN_ENABLE_INDET_BTT_SF.I_INDET_BTT/INCLUDE_PACKING.DO_REG_SLICES[2].lsig_data_slice_reg_reg[2][5]/D (clocked by clk_fpga_0). Large setup violations at the end of those stages might be difficult to fix during the post-placement implementation flow and could be the result of non-optimal XDC constraints or non-optimal design architecture
Related violations: <none>

TIMING-16#29 Warning
Large setup violation  
There is a large setup violation of -1.085 ns between image_rotator_design_i/axi_image_rotator_0/inst/wr_ptr_reg[3]/C (clocked by clk_fpga_0) and image_rotator_design_i/axi_image_rotator_0/inst/bram_bank1_reg_2496_2559_7_7/DP/WADR1 (clocked by clk_fpga_0). Large setup violations at the end of those stages might be difficult to fix during the post-placement implementation flow and could be the result of non-optimal XDC constraints or non-optimal design architecture
Related violations: <none>

TIMING-16#30 Warning
Large setup violation  
There is a large setup violation of -1.085 ns between image_rotator_design_i/axi_image_rotator_0/inst/wr_ptr_reg[3]/C (clocked by clk_fpga_0) and image_rotator_design_i/axi_image_rotator_0/inst/bram_bank1_reg_2496_2559_7_7/SP/WADR1 (clocked by clk_fpga_0). Large setup violations at the end of those stages might be difficult to fix during the post-placement implementation flow and could be the result of non-optimal XDC constraints or non-optimal design architecture
Related violations: <none>

TIMING-16#31 Warning
Large setup violation  
There is a large setup violation of -1.087 ns between image_rotator_design_i/axi_dma_0/U0/I_PRMRY_DATAMOVER/GEN_MM2S_FULL.I_MM2S_FULL_WRAPPER/ENABLE_AXIS_SKID.I_MM2S_SKID_BUF/sig_data_reg_out_reg[6]/C (clocked by clk_fpga_0) and image_rotator_design_i/axi_image_rotator_0/inst/bram_bank0_reg_2944_3007_6_6/DP/I (clocked by clk_fpga_0). Large setup violations at the end of those stages might be difficult to fix during the post-placement implementation flow and could be the result of non-optimal XDC constraints or non-optimal design architecture
Related violations: <none>

TIMING-16#32 Warning
Large setup violation  
There is a large setup violation of -1.087 ns between image_rotator_design_i/axi_image_rotator_0/inst/wr_ptr_reg[4]/C (clocked by clk_fpga_0) and image_rotator_design_i/axi_image_rotator_0/inst/bram_bank2_reg_576_639_6_6/DP/WADR2 (clocked by clk_fpga_0). Large setup violations at the end of those stages might be difficult to fix during the post-placement implementation flow and could be the result of non-optimal XDC constraints or non-optimal design architecture
Related violations: <none>

TIMING-16#33 Warning
Large setup violation  
There is a large setup violation of -1.087 ns between image_rotator_design_i/axi_image_rotator_0/inst/wr_ptr_reg[4]/C (clocked by clk_fpga_0) and image_rotator_design_i/axi_image_rotator_0/inst/bram_bank2_reg_576_639_6_6/SP/WADR2 (clocked by clk_fpga_0). Large setup violations at the end of those stages might be difficult to fix during the post-placement implementation flow and could be the result of non-optimal XDC constraints or non-optimal design architecture
Related violations: <none>

TIMING-16#34 Warning
Large setup violation  
There is a large setup violation of -1.088 ns between image_rotator_design_i/axi_image_rotator_0/inst/wr_ptr_reg[3]/C (clocked by clk_fpga_0) and image_rotator_design_i/axi_image_rotator_0/inst/bram_bank2_reg_2368_2431_0_2/RAMA/WADR1 (clocked by clk_fpga_0). Large setup violations at the end of those stages might be difficult to fix during the post-placement implementation flow and could be the result of non-optimal XDC constraints or non-optimal design architecture
Related violations: <none>

TIMING-16#35 Warning
Large setup violation  
There is a large setup violation of -1.088 ns between image_rotator_design_i/axi_image_rotator_0/inst/wr_ptr_reg[3]/C (clocked by clk_fpga_0) and image_rotator_design_i/axi_image_rotator_0/inst/bram_bank2_reg_2368_2431_0_2/RAMB/WADR1 (clocked by clk_fpga_0). Large setup violations at the end of those stages might be difficult to fix during the post-placement implementation flow and could be the result of non-optimal XDC constraints or non-optimal design architecture
Related violations: <none>

TIMING-16#36 Warning
Large setup violation  
There is a large setup violation of -1.088 ns between image_rotator_design_i/axi_image_rotator_0/inst/wr_ptr_reg[3]/C (clocked by clk_fpga_0) and image_rotator_design_i/axi_image_rotator_0/inst/bram_bank2_reg_2368_2431_0_2/RAMC/WADR1 (clocked by clk_fpga_0). Large setup violations at the end of those stages might be difficult to fix during the post-placement implementation flow and could be the result of non-optimal XDC constraints or non-optimal design architecture
Related violations: <none>

TIMING-16#37 Warning
Large setup violation  
There is a large setup violation of -1.088 ns between image_rotator_design_i/axi_image_rotator_0/inst/wr_ptr_reg[3]/C (clocked by clk_fpga_0) and image_rotator_design_i/axi_image_rotator_0/inst/bram_bank2_reg_2368_2431_0_2/RAMD/WADR1 (clocked by clk_fpga_0). Large setup violations at the end of those stages might be difficult to fix during the post-placement implementation flow and could be the result of non-optimal XDC constraints or non-optimal design architecture
Related violations: <none>

TIMING-16#38 Warning
Large setup violation  
There is a large setup violation of -1.088 ns between image_rotator_design_i/axi_image_rotator_0/inst/wr_ptr_reg[4]/C (clocked by clk_fpga_0) and image_rotator_design_i/axi_image_rotator_0/inst/bram_bank2_reg_3520_3583_7_7/DP/WADR2 (clocked by clk_fpga_0). Large setup violations at the end of those stages might be difficult to fix during the post-placement implementation flow and could be the result of non-optimal XDC constraints or non-optimal design architecture
Related violations: <none>

TIMING-16#39 Warning
Large setup violation  
There is a large setup violation of -1.088 ns between image_rotator_design_i/axi_image_rotator_0/inst/wr_ptr_reg[4]/C (clocked by clk_fpga_0) and image_rotator_design_i/axi_image_rotator_0/inst/bram_bank2_reg_3520_3583_7_7/SP/WADR2 (clocked by clk_fpga_0). Large setup violations at the end of those stages might be difficult to fix during the post-placement implementation flow and could be the result of non-optimal XDC constraints or non-optimal design architecture
Related violations: <none>

TIMING-16#40 Warning
Large setup violation  
There is a large setup violation of -1.092 ns between image_rotator_design_i/axi_image_rotator_0/inst/wr_ptr_reg[4]/C (clocked by clk_fpga_0) and image_rotator_design_i/axi_image_rotator_0/inst/bram_bank2_reg_1984_2047_7_7/DP/WADR2 (clocked by clk_fpga_0). Large setup violations at the end of those stages might be difficult to fix during the post-placement implementation flow and could be the result of non-optimal XDC constraints or non-optimal design architecture
Related violations: <none>

TIMING-16#41 Warning
Large setup violation  
There is a large setup violation of -1.092 ns between image_rotator_design_i/axi_image_rotator_0/inst/wr_ptr_reg[4]/C (clocked by clk_fpga_0) and image_rotator_design_i/axi_image_rotator_0/inst/bram_bank2_reg_1984_2047_7_7/SP/WADR2 (clocked by clk_fpga_0). Large setup violations at the end of those stages might be difficult to fix during the post-placement implementation flow and could be the result of non-optimal XDC constraints or non-optimal design architecture
Related violations: <none>

TIMING-16#42 Warning
Large setup violation  
There is a large setup violation of -1.094 ns between image_rotator_design_i/axi_image_rotator_0/inst/wr_ptr_reg[4]/C (clocked by clk_fpga_0) and image_rotator_design_i/axi_image_rotator_0/inst/bram_bank2_reg_512_575_6_6/DP/WADR2 (clocked by clk_fpga_0). Large setup violations at the end of those stages might be difficult to fix during the post-placement implementation flow and could be the result of non-optimal XDC constraints or non-optimal design architecture
Related violations: <none>

TIMING-16#43 Warning
Large setup violation  
There is a large setup violation of -1.094 ns between image_rotator_design_i/axi_image_rotator_0/inst/wr_ptr_reg[4]/C (clocked by clk_fpga_0) and image_rotator_design_i/axi_image_rotator_0/inst/bram_bank2_reg_512_575_6_6/SP/WADR2 (clocked by clk_fpga_0). Large setup violations at the end of those stages might be difficult to fix during the post-placement implementation flow and could be the result of non-optimal XDC constraints or non-optimal design architecture
Related violations: <none>

TIMING-16#44 Warning
Large setup violation  
There is a large setup violation of -1.094 ns between image_rotator_design_i/axi_image_rotator_0/inst/wr_ptr_reg[9]/C (clocked by clk_fpga_0) and image_rotator_design_i/axi_image_rotator_0/inst/bram_bank2_reg_1856_1919_3_5/RAMA/WE (clocked by clk_fpga_0). Large setup violations at the end of those stages might be difficult to fix during the post-placement implementation flow and could be the result of non-optimal XDC constraints or non-optimal design architecture
Related violations: <none>

TIMING-16#45 Warning
Large setup violation  
There is a large setup violation of -1.094 ns between image_rotator_design_i/axi_image_rotator_0/inst/wr_ptr_reg[9]/C (clocked by clk_fpga_0) and image_rotator_design_i/axi_image_rotator_0/inst/bram_bank2_reg_1856_1919_3_5/RAMB/WE (clocked by clk_fpga_0). Large setup violations at the end of those stages might be difficult to fix during the post-placement implementation flow and could be the result of non-optimal XDC constraints or non-optimal design architecture
Related violations: <none>

TIMING-16#46 Warning
Large setup violation  
There is a large setup violation of -1.094 ns between image_rotator_design_i/axi_image_rotator_0/inst/wr_ptr_reg[9]/C (clocked by clk_fpga_0) and image_rotator_design_i/axi_image_rotator_0/inst/bram_bank2_reg_1856_1919_3_5/RAMC/WE (clocked by clk_fpga_0). Large setup violations at the end of those stages might be difficult to fix during the post-placement implementation flow and could be the result of non-optimal XDC constraints or non-optimal design architecture
Related violations: <none>

TIMING-16#47 Warning
Large setup violation  
There is a large setup violation of -1.094 ns between image_rotator_design_i/axi_image_rotator_0/inst/wr_ptr_reg[9]/C (clocked by clk_fpga_0) and image_rotator_design_i/axi_image_rotator_0/inst/bram_bank2_reg_1856_1919_3_5/RAMD/WE (clocked by clk_fpga_0). Large setup violations at the end of those stages might be difficult to fix during the post-placement implementation flow and could be the result of non-optimal XDC constraints or non-optimal design architecture
Related violations: <none>

TIMING-16#48 Warning
Large setup violation  
There is a large setup violation of -1.098 ns between image_rotator_design_i/axi_image_rotator_0/inst/wr_ptr_reg[4]/C (clocked by clk_fpga_0) and image_rotator_design_i/axi_image_rotator_0/inst/bram_bank2_reg_832_895_7_7/DP/WADR2 (clocked by clk_fpga_0). Large setup violations at the end of those stages might be difficult to fix during the post-placement implementation flow and could be the result of non-optimal XDC constraints or non-optimal design architecture
Related violations: <none>

TIMING-16#49 Warning
Large setup violation  
There is a large setup violation of -1.098 ns between image_rotator_design_i/axi_image_rotator_0/inst/wr_ptr_reg[4]/C (clocked by clk_fpga_0) and image_rotator_design_i/axi_image_rotator_0/inst/bram_bank2_reg_832_895_7_7/SP/WADR2 (clocked by clk_fpga_0). Large setup violations at the end of those stages might be difficult to fix during the post-placement implementation flow and could be the result of non-optimal XDC constraints or non-optimal design architecture
Related violations: <none>

TIMING-16#50 Warning
Large setup violation  
There is a large setup violation of -1.102 ns between image_rotator_design_i/axi_dma_0/U0/I_PRMRY_DATAMOVER/GEN_MM2S_FULL.I_MM2S_FULL_WRAPPER/ENABLE_AXIS_SKID.I_MM2S_SKID_BUF/sig_data_reg_out_reg[6]/C (clocked by clk_fpga_0) and image_rotator_design_i/axi_image_rotator_0/inst/bram_bank0_reg_4032_4095_6_6/DP/I (clocked by clk_fpga_0). Large setup violations at the end of those stages might be difficult to fix during the post-placement implementation flow and could be the result of non-optimal XDC constraints or non-optimal design architecture
Related violations: <none>

TIMING-16#51 Warning
Large setup violation  
There is a large setup violation of -1.109 ns between image_rotator_design_i/axi_dma_0/U0/I_PRMRY_DATAMOVER/GEN_MM2S_FULL.I_MM2S_FULL_WRAPPER/ENABLE_AXIS_SKID.I_MM2S_SKID_BUF/sig_data_reg_out_reg[6]/C (clocked by clk_fpga_0) and image_rotator_design_i/axi_image_rotator_0/inst/bram_bank0_reg_1344_1407_6_6/DP/I (clocked by clk_fpga_0). Large setup violations at the end of those stages might be difficult to fix during the post-placement implementation flow and could be the result of non-optimal XDC constraints or non-optimal design architecture
Related violations: <none>

TIMING-16#52 Warning
Large setup violation  
There is a large setup violation of -1.109 ns between image_rotator_design_i/axi_dma_0/U0/I_PRMRY_DATAMOVER/GEN_MM2S_FULL.I_MM2S_FULL_WRAPPER/ENABLE_AXIS_SKID.I_MM2S_SKID_BUF/sig_data_reg_out_reg[6]/C (clocked by clk_fpga_0) and image_rotator_design_i/axi_image_rotator_0/inst/bram_bank1_reg_1984_2047_6_6/SP/I (clocked by clk_fpga_0). Large setup violations at the end of those stages might be difficult to fix during the post-placement implementation flow and could be the result of non-optimal XDC constraints or non-optimal design architecture
Related violations: <none>

TIMING-16#53 Warning
Large setup violation  
There is a large setup violation of -1.112 ns between image_rotator_design_i/axi_dma_0/U0/I_PRMRY_DATAMOVER/GEN_MM2S_FULL.I_MM2S_FULL_WRAPPER/ENABLE_AXIS_SKID.I_MM2S_SKID_BUF/sig_data_reg_out_reg[7]/C (clocked by clk_fpga_0) and image_rotator_design_i/axi_image_rotator_0/inst/bram_bank0_reg_704_767_7_7/SP/I (clocked by clk_fpga_0). Large setup violations at the end of those stages might be difficult to fix during the post-placement implementation flow and could be the result of non-optimal XDC constraints or non-optimal design architecture
Related violations: <none>

TIMING-16#54 Warning
Large setup violation  
There is a large setup violation of -1.113 ns between image_rotator_design_i/axi_image_rotator_0/inst/wr_ptr_reg[4]/C (clocked by clk_fpga_0) and image_rotator_design_i/axi_image_rotator_0/inst/bram_bank2_reg_1088_1151_6_6/DP/WADR2 (clocked by clk_fpga_0). Large setup violations at the end of those stages might be difficult to fix during the post-placement implementation flow and could be the result of non-optimal XDC constraints or non-optimal design architecture
Related violations: <none>

TIMING-16#55 Warning
Large setup violation  
There is a large setup violation of -1.113 ns between image_rotator_design_i/axi_image_rotator_0/inst/wr_ptr_reg[4]/C (clocked by clk_fpga_0) and image_rotator_design_i/axi_image_rotator_0/inst/bram_bank2_reg_1088_1151_6_6/SP/WADR2 (clocked by clk_fpga_0). Large setup violations at the end of those stages might be difficult to fix during the post-placement implementation flow and could be the result of non-optimal XDC constraints or non-optimal design architecture
Related violations: <none>

TIMING-16#56 Warning
Large setup violation  
There is a large setup violation of -1.117 ns between image_rotator_design_i/axi_dma_0/U0/I_PRMRY_DATAMOVER/GEN_MM2S_FULL.I_MM2S_FULL_WRAPPER/ENABLE_AXIS_SKID.I_MM2S_SKID_BUF/sig_data_reg_out_reg[6]/C (clocked by clk_fpga_0) and image_rotator_design_i/axi_image_rotator_0/inst/bram_bank0_reg_768_831_6_6/SP/I (clocked by clk_fpga_0). Large setup violations at the end of those stages might be difficult to fix during the post-placement implementation flow and could be the result of non-optimal XDC constraints or non-optimal design architecture
Related violations: <none>

TIMING-16#57 Warning
Large setup violation  
There is a large setup violation of -1.123 ns between image_rotator_design_i/axi_dma_0/U0/I_PRMRY_DATAMOVER/GEN_MM2S_FULL.I_MM2S_FULL_WRAPPER/ENABLE_AXIS_SKID.I_MM2S_SKID_BUF/sig_data_reg_out_reg[6]/C (clocked by clk_fpga_0) and image_rotator_design_i/axi_image_rotator_0/inst/bram_bank1_reg_1920_1983_6_6/SP/I (clocked by clk_fpga_0). Large setup violations at the end of those stages might be difficult to fix during the post-placement implementation flow and could be the result of non-optimal XDC constraints or non-optimal design architecture
Related violations: <none>

TIMING-16#58 Warning
Large setup violation  
There is a large setup violation of -1.126 ns between image_rotator_design_i/axi_dma_0/U0/I_PRMRY_DATAMOVER/GEN_MM2S_FULL.I_MM2S_FULL_WRAPPER/ENABLE_AXIS_SKID.I_MM2S_SKID_BUF/sig_data_reg_out_reg[6]/C (clocked by clk_fpga_0) and image_rotator_design_i/axi_image_rotator_0/inst/bram_bank0_reg_576_639_6_6/SP/I (clocked by clk_fpga_0). Large setup violations at the end of those stages might be difficult to fix during the post-placement implementation flow and could be the result of non-optimal XDC constraints or non-optimal design architecture
Related violations: <none>

TIMING-16#59 Warning
Large setup violation  
There is a large setup violation of -1.144 ns between image_rotator_design_i/axi_image_rotator_0/inst/state_reg[0]/C (clocked by clk_fpga_0) and image_rotator_design_i/axi_image_rotator_0/inst/bram_bank1_reg_128_191_3_5/RAMA/WE (clocked by clk_fpga_0). Large setup violations at the end of those stages might be difficult to fix during the post-placement implementation flow and could be the result of non-optimal XDC constraints or non-optimal design architecture
Related violations: <none>

TIMING-16#60 Warning
Large setup violation  
There is a large setup violation of -1.144 ns between image_rotator_design_i/axi_image_rotator_0/inst/state_reg[0]/C (clocked by clk_fpga_0) and image_rotator_design_i/axi_image_rotator_0/inst/bram_bank1_reg_128_191_3_5/RAMB/WE (clocked by clk_fpga_0). Large setup violations at the end of those stages might be difficult to fix during the post-placement implementation flow and could be the result of non-optimal XDC constraints or non-optimal design architecture
Related violations: <none>

TIMING-16#61 Warning
Large setup violation  
There is a large setup violation of -1.144 ns between image_rotator_design_i/axi_image_rotator_0/inst/state_reg[0]/C (clocked by clk_fpga_0) and image_rotator_design_i/axi_image_rotator_0/inst/bram_bank1_reg_128_191_3_5/RAMC/WE (clocked by clk_fpga_0). Large setup violations at the end of those stages might be difficult to fix during the post-placement implementation flow and could be the result of non-optimal XDC constraints or non-optimal design architecture
Related violations: <none>

TIMING-16#62 Warning
Large setup violation  
There is a large setup violation of -1.144 ns between image_rotator_design_i/axi_image_rotator_0/inst/state_reg[0]/C (clocked by clk_fpga_0) and image_rotator_design_i/axi_image_rotator_0/inst/bram_bank1_reg_128_191_3_5/RAMD/WE (clocked by clk_fpga_0). Large setup violations at the end of those stages might be difficult to fix during the post-placement implementation flow and could be the result of non-optimal XDC constraints or non-optimal design architecture
Related violations: <none>

TIMING-16#63 Warning
Large setup violation  
There is a large setup violation of -1.146 ns between image_rotator_design_i/axi_image_rotator_0/inst/wr_ptr_reg[9]/C (clocked by clk_fpga_0) and image_rotator_design_i/axi_image_rotator_0/inst/bram_bank0_reg_3072_3135_0_2/RAMA/WE (clocked by clk_fpga_0). Large setup violations at the end of those stages might be difficult to fix during the post-placement implementation flow and could be the result of non-optimal XDC constraints or non-optimal design architecture
Related violations: <none>

TIMING-16#64 Warning
Large setup violation  
There is a large setup violation of -1.146 ns between image_rotator_design_i/axi_image_rotator_0/inst/wr_ptr_reg[9]/C (clocked by clk_fpga_0) and image_rotator_design_i/axi_image_rotator_0/inst/bram_bank0_reg_3072_3135_0_2/RAMB/WE (clocked by clk_fpga_0). Large setup violations at the end of those stages might be difficult to fix during the post-placement implementation flow and could be the result of non-optimal XDC constraints or non-optimal design architecture
Related violations: <none>

TIMING-16#65 Warning
Large setup violation  
There is a large setup violation of -1.146 ns between image_rotator_design_i/axi_image_rotator_0/inst/wr_ptr_reg[9]/C (clocked by clk_fpga_0) and image_rotator_design_i/axi_image_rotator_0/inst/bram_bank0_reg_3072_3135_0_2/RAMC/WE (clocked by clk_fpga_0). Large setup violations at the end of those stages might be difficult to fix during the post-placement implementation flow and could be the result of non-optimal XDC constraints or non-optimal design architecture
Related violations: <none>

TIMING-16#66 Warning
Large setup violation  
There is a large setup violation of -1.146 ns between image_rotator_design_i/axi_image_rotator_0/inst/wr_ptr_reg[9]/C (clocked by clk_fpga_0) and image_rotator_design_i/axi_image_rotator_0/inst/bram_bank0_reg_3072_3135_0_2/RAMD/WE (clocked by clk_fpga_0). Large setup violations at the end of those stages might be difficult to fix during the post-placement implementation flow and could be the result of non-optimal XDC constraints or non-optimal design architecture
Related violations: <none>

TIMING-16#67 Warning
Large setup violation  
There is a large setup violation of -1.146 ns between image_rotator_design_i/axi_image_rotator_0/inst/wr_ptr_reg[9]/C (clocked by clk_fpga_0) and image_rotator_design_i/axi_image_rotator_0/inst/bram_bank1_reg_2752_2815_6_6/DP/WE (clocked by clk_fpga_0). Large setup violations at the end of those stages might be difficult to fix during the post-placement implementation flow and could be the result of non-optimal XDC constraints or non-optimal design architecture
Related violations: <none>

TIMING-16#68 Warning
Large setup violation  
There is a large setup violation of -1.146 ns between image_rotator_design_i/axi_image_rotator_0/inst/wr_ptr_reg[9]/C (clocked by clk_fpga_0) and image_rotator_design_i/axi_image_rotator_0/inst/bram_bank1_reg_2752_2815_6_6/SP/WE (clocked by clk_fpga_0). Large setup violations at the end of those stages might be difficult to fix during the post-placement implementation flow and could be the result of non-optimal XDC constraints or non-optimal design architecture
Related violations: <none>

TIMING-16#69 Warning
Large setup violation  
There is a large setup violation of -1.154 ns between image_rotator_design_i/axi_image_rotator_0/inst/wr_ptr_reg[4]/C (clocked by clk_fpga_0) and image_rotator_design_i/axi_image_rotator_0/inst/bram_bank2_reg_1536_1599_3_5/RAMA/WADR2 (clocked by clk_fpga_0). Large setup violations at the end of those stages might be difficult to fix during the post-placement implementation flow and could be the result of non-optimal XDC constraints or non-optimal design architecture
Related violations: <none>

TIMING-16#70 Warning
Large setup violation  
There is a large setup violation of -1.154 ns between image_rotator_design_i/axi_image_rotator_0/inst/wr_ptr_reg[4]/C (clocked by clk_fpga_0) and image_rotator_design_i/axi_image_rotator_0/inst/bram_bank2_reg_1536_1599_3_5/RAMB/WADR2 (clocked by clk_fpga_0). Large setup violations at the end of those stages might be difficult to fix during the post-placement implementation flow and could be the result of non-optimal XDC constraints or non-optimal design architecture
Related violations: <none>

TIMING-16#71 Warning
Large setup violation  
There is a large setup violation of -1.154 ns between image_rotator_design_i/axi_image_rotator_0/inst/wr_ptr_reg[4]/C (clocked by clk_fpga_0) and image_rotator_design_i/axi_image_rotator_0/inst/bram_bank2_reg_1536_1599_3_5/RAMC/WADR2 (clocked by clk_fpga_0). Large setup violations at the end of those stages might be difficult to fix during the post-placement implementation flow and could be the result of non-optimal XDC constraints or non-optimal design architecture
Related violations: <none>

TIMING-16#72 Warning
Large setup violation  
There is a large setup violation of -1.154 ns between image_rotator_design_i/axi_image_rotator_0/inst/wr_ptr_reg[4]/C (clocked by clk_fpga_0) and image_rotator_design_i/axi_image_rotator_0/inst/bram_bank2_reg_1536_1599_3_5/RAMD/WADR2 (clocked by clk_fpga_0). Large setup violations at the end of those stages might be difficult to fix during the post-placement implementation flow and could be the result of non-optimal XDC constraints or non-optimal design architecture
Related violations: <none>

TIMING-16#73 Warning
Large setup violation  
There is a large setup violation of -1.155 ns between image_rotator_design_i/axi_dma_0/U0/I_PRMRY_DATAMOVER/GEN_MM2S_FULL.I_MM2S_FULL_WRAPPER/ENABLE_AXIS_SKID.I_MM2S_SKID_BUF/sig_data_reg_out_reg[6]/C (clocked by clk_fpga_0) and image_rotator_design_i/axi_image_rotator_0/inst/bram_bank0_reg_1664_1727_6_6/SP/I (clocked by clk_fpga_0). Large setup violations at the end of those stages might be difficult to fix during the post-placement implementation flow and could be the result of non-optimal XDC constraints or non-optimal design architecture
Related violations: <none>

TIMING-16#74 Warning
Large setup violation  
There is a large setup violation of -1.158 ns between image_rotator_design_i/axi_dma_0/U0/I_PRMRY_DATAMOVER/GEN_MM2S_FULL.I_MM2S_FULL_WRAPPER/ENABLE_AXIS_SKID.I_MM2S_SKID_BUF/sig_data_reg_out_reg[6]/C (clocked by clk_fpga_0) and image_rotator_design_i/axi_image_rotator_0/inst/bram_bank1_reg_640_703_6_6/SP/I (clocked by clk_fpga_0). Large setup violations at the end of those stages might be difficult to fix during the post-placement implementation flow and could be the result of non-optimal XDC constraints or non-optimal design architecture
Related violations: <none>

TIMING-16#75 Warning
Large setup violation  
There is a large setup violation of -1.161 ns between image_rotator_design_i/axi_dma_0/U0/I_PRMRY_DATAMOVER/GEN_MM2S_FULL.I_MM2S_FULL_WRAPPER/ENABLE_AXIS_SKID.I_MM2S_SKID_BUF/sig_data_reg_out_reg[6]/C (clocked by clk_fpga_0) and image_rotator_design_i/axi_image_rotator_0/inst/bram_bank0_reg_2240_2303_6_6/SP/I (clocked by clk_fpga_0). Large setup violations at the end of those stages might be difficult to fix during the post-placement implementation flow and could be the result of non-optimal XDC constraints or non-optimal design architecture
Related violations: <none>

TIMING-16#76 Warning
Large setup violation  
There is a large setup violation of -1.164 ns between image_rotator_design_i/axi_dma_0/U0/I_PRMRY_DATAMOVER/GEN_MM2S_FULL.I_MM2S_FULL_WRAPPER/ENABLE_AXIS_SKID.I_MM2S_SKID_BUF/sig_data_reg_out_reg[6]/C (clocked by clk_fpga_0) and image_rotator_design_i/axi_image_rotator_0/inst/bram_bank0_reg_1600_1663_6_6/SP/I (clocked by clk_fpga_0). Large setup violations at the end of those stages might be difficult to fix during the post-placement implementation flow and could be the result of non-optimal XDC constraints or non-optimal design architecture
Related violations: <none>

TIMING-16#77 Warning
Large setup violation  
There is a large setup violation of -1.165 ns between image_rotator_design_i/axi_dma_0/U0/I_PRMRY_DATAMOVER/GEN_S2MM_FULL.I_S2MM_FULL_WRAPPER/GEN_ENABLE_INDET_BTT_SF.I_INDET_BTT/I_DATA_FIFO/BLK_MEM.I_SYNC_FIFOGEN_FIFO/xpm_fifo_instance.xpm_fifo_sync_inst/xpm_fifo_base_inst/gen_pntr_flags_cc.gen_full_rst_val.ram_full_i_reg/C (clocked by clk_fpga_0) and image_rotator_design_i/axi_dma_0/U0/I_PRMRY_DATAMOVER/GEN_S2MM_FULL.I_S2MM_FULL_WRAPPER/GEN_ENABLE_INDET_BTT_SF.I_INDET_BTT/INCLUDE_PACKING.DO_REG_SLICES[2].lsig_data_slice_reg_reg[2][0]/CE (clocked by clk_fpga_0). Large setup violations at the end of those stages might be difficult to fix during the post-placement implementation flow and could be the result of non-optimal XDC constraints or non-optimal design architecture
Related violations: <none>

TIMING-16#78 Warning
Large setup violation  
There is a large setup violation of -1.165 ns between image_rotator_design_i/axi_dma_0/U0/I_PRMRY_DATAMOVER/GEN_S2MM_FULL.I_S2MM_FULL_WRAPPER/GEN_ENABLE_INDET_BTT_SF.I_INDET_BTT/I_DATA_FIFO/BLK_MEM.I_SYNC_FIFOGEN_FIFO/xpm_fifo_instance.xpm_fifo_sync_inst/xpm_fifo_base_inst/gen_pntr_flags_cc.gen_full_rst_val.ram_full_i_reg/C (clocked by clk_fpga_0) and image_rotator_design_i/axi_dma_0/U0/I_PRMRY_DATAMOVER/GEN_S2MM_FULL.I_S2MM_FULL_WRAPPER/GEN_ENABLE_INDET_BTT_SF.I_INDET_BTT/INCLUDE_PACKING.DO_REG_SLICES[2].lsig_data_slice_reg_reg[2][1]/CE (clocked by clk_fpga_0). Large setup violations at the end of those stages might be difficult to fix during the post-placement implementation flow and could be the result of non-optimal XDC constraints or non-optimal design architecture
Related violations: <none>

TIMING-16#79 Warning
Large setup violation  
There is a large setup violation of -1.165 ns between image_rotator_design_i/axi_dma_0/U0/I_PRMRY_DATAMOVER/GEN_S2MM_FULL.I_S2MM_FULL_WRAPPER/GEN_ENABLE_INDET_BTT_SF.I_INDET_BTT/I_DATA_FIFO/BLK_MEM.I_SYNC_FIFOGEN_FIFO/xpm_fifo_instance.xpm_fifo_sync_inst/xpm_fifo_base_inst/gen_pntr_flags_cc.gen_full_rst_val.ram_full_i_reg/C (clocked by clk_fpga_0) and image_rotator_design_i/axi_dma_0/U0/I_PRMRY_DATAMOVER/GEN_S2MM_FULL.I_S2MM_FULL_WRAPPER/GEN_ENABLE_INDET_BTT_SF.I_INDET_BTT/INCLUDE_PACKING.DO_REG_SLICES[2].lsig_data_slice_reg_reg[2][2]/CE (clocked by clk_fpga_0). Large setup violations at the end of those stages might be difficult to fix during the post-placement implementation flow and could be the result of non-optimal XDC constraints or non-optimal design architecture
Related violations: <none>

TIMING-16#80 Warning
Large setup violation  
There is a large setup violation of -1.165 ns between image_rotator_design_i/axi_dma_0/U0/I_PRMRY_DATAMOVER/GEN_S2MM_FULL.I_S2MM_FULL_WRAPPER/GEN_ENABLE_INDET_BTT_SF.I_INDET_BTT/I_DATA_FIFO/BLK_MEM.I_SYNC_FIFOGEN_FIFO/xpm_fifo_instance.xpm_fifo_sync_inst/xpm_fifo_base_inst/gen_pntr_flags_cc.gen_full_rst_val.ram_full_i_reg/C (clocked by clk_fpga_0) and image_rotator_design_i/axi_dma_0/U0/I_PRMRY_DATAMOVER/GEN_S2MM_FULL.I_S2MM_FULL_WRAPPER/GEN_ENABLE_INDET_BTT_SF.I_INDET_BTT/INCLUDE_PACKING.DO_REG_SLICES[2].lsig_data_slice_reg_reg[2][3]/CE (clocked by clk_fpga_0). Large setup violations at the end of those stages might be difficult to fix during the post-placement implementation flow and could be the result of non-optimal XDC constraints or non-optimal design architecture
Related violations: <none>

TIMING-16#81 Warning
Large setup violation  
There is a large setup violation of -1.165 ns between image_rotator_design_i/axi_dma_0/U0/I_PRMRY_DATAMOVER/GEN_S2MM_FULL.I_S2MM_FULL_WRAPPER/GEN_ENABLE_INDET_BTT_SF.I_INDET_BTT/I_DATA_FIFO/BLK_MEM.I_SYNC_FIFOGEN_FIFO/xpm_fifo_instance.xpm_fifo_sync_inst/xpm_fifo_base_inst/gen_pntr_flags_cc.gen_full_rst_val.ram_full_i_reg/C (clocked by clk_fpga_0) and image_rotator_design_i/axi_dma_0/U0/I_PRMRY_DATAMOVER/GEN_S2MM_FULL.I_S2MM_FULL_WRAPPER/GEN_ENABLE_INDET_BTT_SF.I_INDET_BTT/INCLUDE_PACKING.DO_REG_SLICES[2].lsig_data_slice_reg_reg[2][4]/CE (clocked by clk_fpga_0). Large setup violations at the end of those stages might be difficult to fix during the post-placement implementation flow and could be the result of non-optimal XDC constraints or non-optimal design architecture
Related violations: <none>

TIMING-16#82 Warning
Large setup violation  
There is a large setup violation of -1.165 ns between image_rotator_design_i/axi_dma_0/U0/I_PRMRY_DATAMOVER/GEN_S2MM_FULL.I_S2MM_FULL_WRAPPER/GEN_ENABLE_INDET_BTT_SF.I_INDET_BTT/I_DATA_FIFO/BLK_MEM.I_SYNC_FIFOGEN_FIFO/xpm_fifo_instance.xpm_fifo_sync_inst/xpm_fifo_base_inst/gen_pntr_flags_cc.gen_full_rst_val.ram_full_i_reg/C (clocked by clk_fpga_0) and image_rotator_design_i/axi_dma_0/U0/I_PRMRY_DATAMOVER/GEN_S2MM_FULL.I_S2MM_FULL_WRAPPER/GEN_ENABLE_INDET_BTT_SF.I_INDET_BTT/INCLUDE_PACKING.DO_REG_SLICES[2].lsig_data_slice_reg_reg[2][5]/CE (clocked by clk_fpga_0). Large setup violations at the end of those stages might be difficult to fix during the post-placement implementation flow and could be the result of non-optimal XDC constraints or non-optimal design architecture
Related violations: <none>

TIMING-16#83 Warning
Large setup violation  
There is a large setup violation of -1.165 ns between image_rotator_design_i/axi_dma_0/U0/I_PRMRY_DATAMOVER/GEN_S2MM_FULL.I_S2MM_FULL_WRAPPER/GEN_ENABLE_INDET_BTT_SF.I_INDET_BTT/I_DATA_FIFO/BLK_MEM.I_SYNC_FIFOGEN_FIFO/xpm_fifo_instance.xpm_fifo_sync_inst/xpm_fifo_base_inst/gen_pntr_flags_cc.gen_full_rst_val.ram_full_i_reg/C (clocked by clk_fpga_0) and image_rotator_design_i/axi_dma_0/U0/I_PRMRY_DATAMOVER/GEN_S2MM_FULL.I_S2MM_FULL_WRAPPER/GEN_ENABLE_INDET_BTT_SF.I_INDET_BTT/INCLUDE_PACKING.DO_REG_SLICES[2].lsig_data_slice_reg_reg[2][6]/CE (clocked by clk_fpga_0). Large setup violations at the end of those stages might be difficult to fix during the post-placement implementation flow and could be the result of non-optimal XDC constraints or non-optimal design architecture
Related violations: <none>

TIMING-16#84 Warning
Large setup violation  
There is a large setup violation of -1.165 ns between image_rotator_design_i/axi_dma_0/U0/I_PRMRY_DATAMOVER/GEN_S2MM_FULL.I_S2MM_FULL_WRAPPER/GEN_ENABLE_INDET_BTT_SF.I_INDET_BTT/I_DATA_FIFO/BLK_MEM.I_SYNC_FIFOGEN_FIFO/xpm_fifo_instance.xpm_fifo_sync_inst/xpm_fifo_base_inst/gen_pntr_flags_cc.gen_full_rst_val.ram_full_i_reg/C (clocked by clk_fpga_0) and image_rotator_design_i/axi_dma_0/U0/I_PRMRY_DATAMOVER/GEN_S2MM_FULL.I_S2MM_FULL_WRAPPER/GEN_ENABLE_INDET_BTT_SF.I_INDET_BTT/INCLUDE_PACKING.DO_REG_SLICES[2].lsig_data_slice_reg_reg[2][7]/CE (clocked by clk_fpga_0). Large setup violations at the end of those stages might be difficult to fix during the post-placement implementation flow and could be the result of non-optimal XDC constraints or non-optimal design architecture
Related violations: <none>

TIMING-16#85 Warning
Large setup violation  
There is a large setup violation of -1.173 ns between image_rotator_design_i/axi_image_rotator_0/inst/state_reg[0]/C (clocked by clk_fpga_0) and image_rotator_design_i/axi_image_rotator_0/inst/bram_bank0_reg_2304_2367_6_6/DP/WE (clocked by clk_fpga_0). Large setup violations at the end of those stages might be difficult to fix during the post-placement implementation flow and could be the result of non-optimal XDC constraints or non-optimal design architecture
Related violations: <none>

TIMING-16#86 Warning
Large setup violation  
There is a large setup violation of -1.173 ns between image_rotator_design_i/axi_image_rotator_0/inst/state_reg[0]/C (clocked by clk_fpga_0) and image_rotator_design_i/axi_image_rotator_0/inst/bram_bank0_reg_2304_2367_6_6/SP/WE (clocked by clk_fpga_0). Large setup violations at the end of those stages might be difficult to fix during the post-placement implementation flow and could be the result of non-optimal XDC constraints or non-optimal design architecture
Related violations: <none>

TIMING-16#87 Warning
Large setup violation  
There is a large setup violation of -1.173 ns between image_rotator_design_i/axi_image_rotator_0/inst/state_reg[0]/C (clocked by clk_fpga_0) and image_rotator_design_i/axi_image_rotator_0/inst/bram_bank0_reg_2432_2495_3_5/RAMA/WE (clocked by clk_fpga_0). Large setup violations at the end of those stages might be difficult to fix during the post-placement implementation flow and could be the result of non-optimal XDC constraints or non-optimal design architecture
Related violations: <none>

TIMING-16#88 Warning
Large setup violation  
There is a large setup violation of -1.173 ns between image_rotator_design_i/axi_image_rotator_0/inst/state_reg[0]/C (clocked by clk_fpga_0) and image_rotator_design_i/axi_image_rotator_0/inst/bram_bank0_reg_2432_2495_3_5/RAMB/WE (clocked by clk_fpga_0). Large setup violations at the end of those stages might be difficult to fix during the post-placement implementation flow and could be the result of non-optimal XDC constraints or non-optimal design architecture
Related violations: <none>

TIMING-16#89 Warning
Large setup violation  
There is a large setup violation of -1.173 ns between image_rotator_design_i/axi_image_rotator_0/inst/state_reg[0]/C (clocked by clk_fpga_0) and image_rotator_design_i/axi_image_rotator_0/inst/bram_bank0_reg_2432_2495_3_5/RAMC/WE (clocked by clk_fpga_0). Large setup violations at the end of those stages might be difficult to fix during the post-placement implementation flow and could be the result of non-optimal XDC constraints or non-optimal design architecture
Related violations: <none>

TIMING-16#90 Warning
Large setup violation  
There is a large setup violation of -1.173 ns between image_rotator_design_i/axi_image_rotator_0/inst/state_reg[0]/C (clocked by clk_fpga_0) and image_rotator_design_i/axi_image_rotator_0/inst/bram_bank0_reg_2432_2495_3_5/RAMD/WE (clocked by clk_fpga_0). Large setup violations at the end of those stages might be difficult to fix during the post-placement implementation flow and could be the result of non-optimal XDC constraints or non-optimal design architecture
Related violations: <none>

TIMING-16#91 Warning
Large setup violation  
There is a large setup violation of -1.176 ns between image_rotator_design_i/axi_dma_0/U0/I_PRMRY_DATAMOVER/GEN_MM2S_FULL.I_MM2S_FULL_WRAPPER/ENABLE_AXIS_SKID.I_MM2S_SKID_BUF/sig_data_reg_out_reg[6]/C (clocked by clk_fpga_0) and image_rotator_design_i/axi_image_rotator_0/inst/bram_bank0_reg_3840_3903_6_6/SP/I (clocked by clk_fpga_0). Large setup violations at the end of those stages might be difficult to fix during the post-placement implementation flow and could be the result of non-optimal XDC constraints or non-optimal design architecture
Related violations: <none>

TIMING-16#92 Warning
Large setup violation  
There is a large setup violation of -1.181 ns between image_rotator_design_i/axi_image_rotator_0/inst/state_reg[0]/C (clocked by clk_fpga_0) and image_rotator_design_i/axi_image_rotator_0/inst/bram_bank0_reg_3136_3199_0_2/RAMA/WE (clocked by clk_fpga_0). Large setup violations at the end of those stages might be difficult to fix during the post-placement implementation flow and could be the result of non-optimal XDC constraints or non-optimal design architecture
Related violations: <none>

TIMING-16#93 Warning
Large setup violation  
There is a large setup violation of -1.181 ns between image_rotator_design_i/axi_image_rotator_0/inst/state_reg[0]/C (clocked by clk_fpga_0) and image_rotator_design_i/axi_image_rotator_0/inst/bram_bank0_reg_3136_3199_0_2/RAMB/WE (clocked by clk_fpga_0). Large setup violations at the end of those stages might be difficult to fix during the post-placement implementation flow and could be the result of non-optimal XDC constraints or non-optimal design architecture
Related violations: <none>

TIMING-16#94 Warning
Large setup violation  
There is a large setup violation of -1.181 ns between image_rotator_design_i/axi_image_rotator_0/inst/state_reg[0]/C (clocked by clk_fpga_0) and image_rotator_design_i/axi_image_rotator_0/inst/bram_bank0_reg_3136_3199_0_2/RAMC/WE (clocked by clk_fpga_0). Large setup violations at the end of those stages might be difficult to fix during the post-placement implementation flow and could be the result of non-optimal XDC constraints or non-optimal design architecture
Related violations: <none>

TIMING-16#95 Warning
Large setup violation  
There is a large setup violation of -1.181 ns between image_rotator_design_i/axi_image_rotator_0/inst/state_reg[0]/C (clocked by clk_fpga_0) and image_rotator_design_i/axi_image_rotator_0/inst/bram_bank0_reg_3136_3199_0_2/RAMD/WE (clocked by clk_fpga_0). Large setup violations at the end of those stages might be difficult to fix during the post-placement implementation flow and could be the result of non-optimal XDC constraints or non-optimal design architecture
Related violations: <none>

TIMING-16#96 Warning
Large setup violation  
There is a large setup violation of -1.188 ns between image_rotator_design_i/axi_dma_0/U0/I_PRMRY_DATAMOVER/GEN_MM2S_FULL.I_MM2S_FULL_WRAPPER/ENABLE_AXIS_SKID.I_MM2S_SKID_BUF/sig_data_reg_out_reg[6]/C (clocked by clk_fpga_0) and image_rotator_design_i/axi_image_rotator_0/inst/bram_bank0_reg_1984_2047_6_6/DP/I (clocked by clk_fpga_0). Large setup violations at the end of those stages might be difficult to fix during the post-placement implementation flow and could be the result of non-optimal XDC constraints or non-optimal design architecture
Related violations: <none>

TIMING-16#97 Warning
Large setup violation  
There is a large setup violation of -1.207 ns between image_rotator_design_i/axi_dma_0/U0/I_PRMRY_DATAMOVER/GEN_MM2S_FULL.I_MM2S_FULL_WRAPPER/ENABLE_AXIS_SKID.I_MM2S_SKID_BUF/sig_data_reg_out_reg[6]/C (clocked by clk_fpga_0) and image_rotator_design_i/axi_image_rotator_0/inst/bram_bank1_reg_1472_1535_6_6/SP/I (clocked by clk_fpga_0). Large setup violations at the end of those stages might be difficult to fix during the post-placement implementation flow and could be the result of non-optimal XDC constraints or non-optimal design architecture
Related violations: <none>

TIMING-16#98 Warning
Large setup violation  
There is a large setup violation of -1.214 ns between image_rotator_design_i/axi_image_rotator_0/inst/state_reg[0]/C (clocked by clk_fpga_0) and image_rotator_design_i/axi_image_rotator_0/inst/bram_bank0_reg_2688_2751_6_6/DP/WE (clocked by clk_fpga_0). Large setup violations at the end of those stages might be difficult to fix during the post-placement implementation flow and could be the result of non-optimal XDC constraints or non-optimal design architecture
Related violations: <none>

TIMING-16#99 Warning
Large setup violation  
There is a large setup violation of -1.214 ns between image_rotator_design_i/axi_image_rotator_0/inst/state_reg[0]/C (clocked by clk_fpga_0) and image_rotator_design_i/axi_image_rotator_0/inst/bram_bank0_reg_2688_2751_6_6/SP/WE (clocked by clk_fpga_0). Large setup violations at the end of those stages might be difficult to fix during the post-placement implementation flow and could be the result of non-optimal XDC constraints or non-optimal design architecture
Related violations: <none>

TIMING-16#100 Warning
Large setup violation  
There is a large setup violation of -1.215 ns between image_rotator_design_i/axi_dma_0/U0/I_PRMRY_DATAMOVER/GEN_MM2S_FULL.I_MM2S_FULL_WRAPPER/ENABLE_AXIS_SKID.I_MM2S_SKID_BUF/sig_data_reg_out_reg[6]/C (clocked by clk_fpga_0) and image_rotator_design_i/axi_image_rotator_0/inst/bram_bank1_reg_1536_1599_6_6/DP/I (clocked by clk_fpga_0). Large setup violations at the end of those stages might be difficult to fix during the post-placement implementation flow and could be the result of non-optimal XDC constraints or non-optimal design architecture
Related violations: <none>

TIMING-16#101 Warning
Large setup violation  
There is a large setup violation of -1.218 ns between image_rotator_design_i/axi_image_rotator_0/inst/wr_ptr_reg[4]/C (clocked by clk_fpga_0) and image_rotator_design_i/axi_image_rotator_0/inst/bram_bank2_reg_3008_3071_7_7/DP/WADR2 (clocked by clk_fpga_0). Large setup violations at the end of those stages might be difficult to fix during the post-placement implementation flow and could be the result of non-optimal XDC constraints or non-optimal design architecture
Related violations: <none>

TIMING-16#102 Warning
Large setup violation  
There is a large setup violation of -1.218 ns between image_rotator_design_i/axi_image_rotator_0/inst/wr_ptr_reg[4]/C (clocked by clk_fpga_0) and image_rotator_design_i/axi_image_rotator_0/inst/bram_bank2_reg_3008_3071_7_7/SP/WADR2 (clocked by clk_fpga_0). Large setup violations at the end of those stages might be difficult to fix during the post-placement implementation flow and could be the result of non-optimal XDC constraints or non-optimal design architecture
Related violations: <none>

TIMING-16#103 Warning
Large setup violation  
There is a large setup violation of -1.228 ns between image_rotator_design_i/axi_image_rotator_0/inst/wr_ptr_reg[4]/C (clocked by clk_fpga_0) and image_rotator_design_i/axi_image_rotator_0/inst/bram_bank2_reg_2944_3007_7_7/DP/WADR2 (clocked by clk_fpga_0). Large setup violations at the end of those stages might be difficult to fix during the post-placement implementation flow and could be the result of non-optimal XDC constraints or non-optimal design architecture
Related violations: <none>

TIMING-16#104 Warning
Large setup violation  
There is a large setup violation of -1.228 ns between image_rotator_design_i/axi_image_rotator_0/inst/wr_ptr_reg[4]/C (clocked by clk_fpga_0) and image_rotator_design_i/axi_image_rotator_0/inst/bram_bank2_reg_2944_3007_7_7/SP/WADR2 (clocked by clk_fpga_0). Large setup violations at the end of those stages might be difficult to fix during the post-placement implementation flow and could be the result of non-optimal XDC constraints or non-optimal design architecture
Related violations: <none>

TIMING-16#105 Warning
Large setup violation  
There is a large setup violation of -1.233 ns between image_rotator_design_i/axi_image_rotator_0/inst/wr_ptr_reg[3]/C (clocked by clk_fpga_0) and image_rotator_design_i/axi_image_rotator_0/inst/bram_bank2_reg_1600_1663_0_2/RAMA/WADR1 (clocked by clk_fpga_0). Large setup violations at the end of those stages might be difficult to fix during the post-placement implementation flow and could be the result of non-optimal XDC constraints or non-optimal design architecture
Related violations: <none>

TIMING-16#106 Warning
Large setup violation  
There is a large setup violation of -1.233 ns between image_rotator_design_i/axi_image_rotator_0/inst/wr_ptr_reg[3]/C (clocked by clk_fpga_0) and image_rotator_design_i/axi_image_rotator_0/inst/bram_bank2_reg_1600_1663_0_2/RAMB/WADR1 (clocked by clk_fpga_0). Large setup violations at the end of those stages might be difficult to fix during the post-placement implementation flow and could be the result of non-optimal XDC constraints or non-optimal design architecture
Related violations: <none>

TIMING-16#107 Warning
Large setup violation  
There is a large setup violation of -1.233 ns between image_rotator_design_i/axi_image_rotator_0/inst/wr_ptr_reg[3]/C (clocked by clk_fpga_0) and image_rotator_design_i/axi_image_rotator_0/inst/bram_bank2_reg_1600_1663_0_2/RAMC/WADR1 (clocked by clk_fpga_0). Large setup violations at the end of those stages might be difficult to fix during the post-placement implementation flow and could be the result of non-optimal XDC constraints or non-optimal design architecture
Related violations: <none>

TIMING-16#108 Warning
Large setup violation  
There is a large setup violation of -1.233 ns between image_rotator_design_i/axi_image_rotator_0/inst/wr_ptr_reg[3]/C (clocked by clk_fpga_0) and image_rotator_design_i/axi_image_rotator_0/inst/bram_bank2_reg_1600_1663_0_2/RAMD/WADR1 (clocked by clk_fpga_0). Large setup violations at the end of those stages might be difficult to fix during the post-placement implementation flow and could be the result of non-optimal XDC constraints or non-optimal design architecture
Related violations: <none>

TIMING-16#109 Warning
Large setup violation  
There is a large setup violation of -1.236 ns between image_rotator_design_i/axi_image_rotator_0/inst/wr_ptr_reg[3]/C (clocked by clk_fpga_0) and image_rotator_design_i/axi_image_rotator_0/inst/bram_bank2_reg_1920_1983_0_2/RAMA/WADR1 (clocked by clk_fpga_0). Large setup violations at the end of those stages might be difficult to fix during the post-placement implementation flow and could be the result of non-optimal XDC constraints or non-optimal design architecture
Related violations: <none>

TIMING-16#110 Warning
Large setup violation  
There is a large setup violation of -1.236 ns between image_rotator_design_i/axi_image_rotator_0/inst/wr_ptr_reg[3]/C (clocked by clk_fpga_0) and image_rotator_design_i/axi_image_rotator_0/inst/bram_bank2_reg_1920_1983_0_2/RAMB/WADR1 (clocked by clk_fpga_0). Large setup violations at the end of those stages might be difficult to fix during the post-placement implementation flow and could be the result of non-optimal XDC constraints or non-optimal design architecture
Related violations: <none>

TIMING-16#111 Warning
Large setup violation  
There is a large setup violation of -1.236 ns between image_rotator_design_i/axi_image_rotator_0/inst/wr_ptr_reg[3]/C (clocked by clk_fpga_0) and image_rotator_design_i/axi_image_rotator_0/inst/bram_bank2_reg_1920_1983_0_2/RAMC/WADR1 (clocked by clk_fpga_0). Large setup violations at the end of those stages might be difficult to fix during the post-placement implementation flow and could be the result of non-optimal XDC constraints or non-optimal design architecture
Related violations: <none>

TIMING-16#112 Warning
Large setup violation  
There is a large setup violation of -1.236 ns between image_rotator_design_i/axi_image_rotator_0/inst/wr_ptr_reg[3]/C (clocked by clk_fpga_0) and image_rotator_design_i/axi_image_rotator_0/inst/bram_bank2_reg_1920_1983_0_2/RAMD/WADR1 (clocked by clk_fpga_0). Large setup violations at the end of those stages might be difficult to fix during the post-placement implementation flow and could be the result of non-optimal XDC constraints or non-optimal design architecture
Related violations: <none>

TIMING-16#113 Warning
Large setup violation  
There is a large setup violation of -1.236 ns between image_rotator_design_i/axi_image_rotator_0/inst/wr_ptr_reg[9]/C (clocked by clk_fpga_0) and image_rotator_design_i/axi_image_rotator_0/inst/bram_bank0_reg_3072_3135_7_7/DP/WE (clocked by clk_fpga_0). Large setup violations at the end of those stages might be difficult to fix during the post-placement implementation flow and could be the result of non-optimal XDC constraints or non-optimal design architecture
Related violations: <none>

TIMING-16#114 Warning
Large setup violation  
There is a large setup violation of -1.236 ns between image_rotator_design_i/axi_image_rotator_0/inst/wr_ptr_reg[9]/C (clocked by clk_fpga_0) and image_rotator_design_i/axi_image_rotator_0/inst/bram_bank0_reg_3072_3135_7_7/SP/WE (clocked by clk_fpga_0). Large setup violations at the end of those stages might be difficult to fix during the post-placement implementation flow and could be the result of non-optimal XDC constraints or non-optimal design architecture
Related violations: <none>

TIMING-16#115 Warning
Large setup violation  
There is a large setup violation of -1.242 ns between image_rotator_design_i/axi_image_rotator_0/inst/wr_ptr_reg[3]/C (clocked by clk_fpga_0) and image_rotator_design_i/axi_image_rotator_0/inst/bram_bank2_reg_3200_3263_6_6/DP/WADR1 (clocked by clk_fpga_0). Large setup violations at the end of those stages might be difficult to fix during the post-placement implementation flow and could be the result of non-optimal XDC constraints or non-optimal design architecture
Related violations: <none>

TIMING-16#116 Warning
Large setup violation  
There is a large setup violation of -1.242 ns between image_rotator_design_i/axi_image_rotator_0/inst/wr_ptr_reg[3]/C (clocked by clk_fpga_0) and image_rotator_design_i/axi_image_rotator_0/inst/bram_bank2_reg_3200_3263_6_6/SP/WADR1 (clocked by clk_fpga_0). Large setup violations at the end of those stages might be difficult to fix during the post-placement implementation flow and could be the result of non-optimal XDC constraints or non-optimal design architecture
Related violations: <none>

TIMING-16#117 Warning
Large setup violation  
There is a large setup violation of -1.242 ns between image_rotator_design_i/axi_image_rotator_0/inst/wr_ptr_reg[4]/C (clocked by clk_fpga_0) and image_rotator_design_i/axi_image_rotator_0/inst/bram_bank2_reg_1280_1343_7_7/DP/WADR2 (clocked by clk_fpga_0). Large setup violations at the end of those stages might be difficult to fix during the post-placement implementation flow and could be the result of non-optimal XDC constraints or non-optimal design architecture
Related violations: <none>

TIMING-16#118 Warning
Large setup violation  
There is a large setup violation of -1.242 ns between image_rotator_design_i/axi_image_rotator_0/inst/wr_ptr_reg[4]/C (clocked by clk_fpga_0) and image_rotator_design_i/axi_image_rotator_0/inst/bram_bank2_reg_1280_1343_7_7/SP/WADR2 (clocked by clk_fpga_0). Large setup violations at the end of those stages might be difficult to fix during the post-placement implementation flow and could be the result of non-optimal XDC constraints or non-optimal design architecture
Related violations: <none>

TIMING-16#119 Warning
Large setup violation  
There is a large setup violation of -1.254 ns between image_rotator_design_i/axi_image_rotator_0/inst/wr_ptr_reg[4]/C (clocked by clk_fpga_0) and image_rotator_design_i/axi_image_rotator_0/inst/bram_bank2_reg_2752_2815_7_7/DP/WADR2 (clocked by clk_fpga_0). Large setup violations at the end of those stages might be difficult to fix during the post-placement implementation flow and could be the result of non-optimal XDC constraints or non-optimal design architecture
Related violations: <none>

TIMING-16#120 Warning
Large setup violation  
There is a large setup violation of -1.254 ns between image_rotator_design_i/axi_image_rotator_0/inst/wr_ptr_reg[4]/C (clocked by clk_fpga_0) and image_rotator_design_i/axi_image_rotator_0/inst/bram_bank2_reg_2752_2815_7_7/SP/WADR2 (clocked by clk_fpga_0). Large setup violations at the end of those stages might be difficult to fix during the post-placement implementation flow and could be the result of non-optimal XDC constraints or non-optimal design architecture
Related violations: <none>

TIMING-16#121 Warning
Large setup violation  
There is a large setup violation of -1.258 ns between image_rotator_design_i/axi_dma_0/U0/I_PRMRY_DATAMOVER/GEN_MM2S_FULL.I_MM2S_FULL_WRAPPER/ENABLE_AXIS_SKID.I_MM2S_SKID_BUF/sig_data_reg_out_reg[6]/C (clocked by clk_fpga_0) and image_rotator_design_i/axi_image_rotator_0/inst/bram_bank0_reg_1024_1087_6_6/DP/I (clocked by clk_fpga_0). Large setup violations at the end of those stages might be difficult to fix during the post-placement implementation flow and could be the result of non-optimal XDC constraints or non-optimal design architecture
Related violations: <none>

TIMING-16#122 Warning
Large setup violation  
There is a large setup violation of -1.259 ns between image_rotator_design_i/axi_dma_0/U0/I_PRMRY_DATAMOVER/GEN_MM2S_FULL.I_MM2S_FULL_WRAPPER/ENABLE_AXIS_SKID.I_MM2S_SKID_BUF/sig_data_reg_out_reg[6]/C (clocked by clk_fpga_0) and image_rotator_design_i/axi_image_rotator_0/inst/bram_bank0_reg_1152_1215_6_6/DP/I (clocked by clk_fpga_0). Large setup violations at the end of those stages might be difficult to fix during the post-placement implementation flow and could be the result of non-optimal XDC constraints or non-optimal design architecture
Related violations: <none>

TIMING-16#123 Warning
Large setup violation  
There is a large setup violation of -1.264 ns between image_rotator_design_i/axi_image_rotator_0/inst/wr_ptr_reg[4]/C (clocked by clk_fpga_0) and image_rotator_design_i/axi_image_rotator_0/inst/bram_bank2_reg_1984_2047_6_6/DP/WADR2 (clocked by clk_fpga_0). Large setup violations at the end of those stages might be difficult to fix during the post-placement implementation flow and could be the result of non-optimal XDC constraints or non-optimal design architecture
Related violations: <none>

TIMING-16#124 Warning
Large setup violation  
There is a large setup violation of -1.264 ns between image_rotator_design_i/axi_image_rotator_0/inst/wr_ptr_reg[4]/C (clocked by clk_fpga_0) and image_rotator_design_i/axi_image_rotator_0/inst/bram_bank2_reg_1984_2047_6_6/SP/WADR2 (clocked by clk_fpga_0). Large setup violations at the end of those stages might be difficult to fix during the post-placement implementation flow and could be the result of non-optimal XDC constraints or non-optimal design architecture
Related violations: <none>

TIMING-16#125 Warning
Large setup violation  
There is a large setup violation of -1.267 ns between image_rotator_design_i/axi_dma_0/U0/I_PRMRY_DATAMOVER/GEN_MM2S_FULL.I_MM2S_FULL_WRAPPER/ENABLE_AXIS_SKID.I_MM2S_SKID_BUF/sig_data_reg_out_reg[6]/C (clocked by clk_fpga_0) and image_rotator_design_i/axi_image_rotator_0/inst/bram_bank1_reg_1664_1727_6_6/DP/I (clocked by clk_fpga_0). Large setup violations at the end of those stages might be difficult to fix during the post-placement implementation flow and could be the result of non-optimal XDC constraints or non-optimal design architecture
Related violations: <none>

TIMING-16#126 Warning
Large setup violation  
There is a large setup violation of -1.269 ns between image_rotator_design_i/axi_dma_0/U0/I_PRMRY_DATAMOVER/GEN_MM2S_FULL.I_MM2S_FULL_WRAPPER/ENABLE_AXIS_SKID.I_MM2S_SKID_BUF/sig_data_reg_out_reg[6]/C (clocked by clk_fpga_0) and image_rotator_design_i/axi_image_rotator_0/inst/bram_bank1_reg_128_191_6_6/DP/I (clocked by clk_fpga_0). Large setup violations at the end of those stages might be difficult to fix during the post-placement implementation flow and could be the result of non-optimal XDC constraints or non-optimal design architecture
Related violations: <none>

TIMING-16#127 Warning
Large setup violation  
There is a large setup violation of -1.279 ns between image_rotator_design_i/axi_dma_0/U0/I_PRMRY_DATAMOVER/GEN_MM2S_FULL.I_MM2S_FULL_WRAPPER/ENABLE_AXIS_SKID.I_MM2S_SKID_BUF/sig_data_reg_out_reg[0]/C (clocked by clk_fpga_0) and image_rotator_design_i/axi_image_rotator_0/inst/bram_bank2_reg_1088_1151_0_2/RAMA/I (clocked by clk_fpga_0). Large setup violations at the end of those stages might be difficult to fix during the post-placement implementation flow and could be the result of non-optimal XDC constraints or non-optimal design architecture
Related violations: <none>

TIMING-16#128 Warning
Large setup violation  
There is a large setup violation of -1.285 ns between image_rotator_design_i/axi_image_rotator_0/inst/wr_ptr_reg[4]/C (clocked by clk_fpga_0) and image_rotator_design_i/axi_image_rotator_0/inst/bram_bank2_reg_1920_1983_7_7/DP/WADR2 (clocked by clk_fpga_0). Large setup violations at the end of those stages might be difficult to fix during the post-placement implementation flow and could be the result of non-optimal XDC constraints or non-optimal design architecture
Related violations: <none>

TIMING-16#129 Warning
Large setup violation  
There is a large setup violation of -1.285 ns between image_rotator_design_i/axi_image_rotator_0/inst/wr_ptr_reg[4]/C (clocked by clk_fpga_0) and image_rotator_design_i/axi_image_rotator_0/inst/bram_bank2_reg_1920_1983_7_7/SP/WADR2 (clocked by clk_fpga_0). Large setup violations at the end of those stages might be difficult to fix during the post-placement implementation flow and could be the result of non-optimal XDC constraints or non-optimal design architecture
Related violations: <none>

TIMING-16#130 Warning
Large setup violation  
There is a large setup violation of -1.297 ns between image_rotator_design_i/axi_dma_0/U0/I_PRMRY_DATAMOVER/GEN_MM2S_FULL.I_MM2S_FULL_WRAPPER/ENABLE_AXIS_SKID.I_MM2S_SKID_BUF/sig_data_reg_out_reg[6]/C (clocked by clk_fpga_0) and image_rotator_design_i/axi_image_rotator_0/inst/bram_bank0_reg_1792_1855_6_6/DP/I (clocked by clk_fpga_0). Large setup violations at the end of those stages might be difficult to fix during the post-placement implementation flow and could be the result of non-optimal XDC constraints or non-optimal design architecture
Related violations: <none>

TIMING-16#131 Warning
Large setup violation  
There is a large setup violation of -1.308 ns between image_rotator_design_i/axi_dma_0/U0/I_PRMRY_DATAMOVER/GEN_MM2S_FULL.I_MM2S_FULL_WRAPPER/ENABLE_AXIS_SKID.I_MM2S_SKID_BUF/sig_data_reg_out_reg[6]/C (clocked by clk_fpga_0) and image_rotator_design_i/axi_image_rotator_0/inst/bram_bank1_reg_768_831_6_6/SP/I (clocked by clk_fpga_0). Large setup violations at the end of those stages might be difficult to fix during the post-placement implementation flow and could be the result of non-optimal XDC constraints or non-optimal design architecture
Related violations: <none>

TIMING-16#132 Warning
Large setup violation  
There is a large setup violation of -1.311 ns between image_rotator_design_i/axi_dma_0/U0/I_PRMRY_DATAMOVER/GEN_MM2S_FULL.I_MM2S_FULL_WRAPPER/ENABLE_AXIS_SKID.I_MM2S_SKID_BUF/sig_data_reg_out_reg[6]/C (clocked by clk_fpga_0) and image_rotator_design_i/axi_image_rotator_0/inst/bram_bank0_reg_2432_2495_6_6/SP/I (clocked by clk_fpga_0). Large setup violations at the end of those stages might be difficult to fix during the post-placement implementation flow and could be the result of non-optimal XDC constraints or non-optimal design architecture
Related violations: <none>

TIMING-16#133 Warning
Large setup violation  
There is a large setup violation of -1.313 ns between image_rotator_design_i/axi_dma_0/U0/I_PRMRY_DATAMOVER/GEN_MM2S_FULL.I_MM2S_FULL_WRAPPER/ENABLE_AXIS_SKID.I_MM2S_SKID_BUF/sig_data_reg_out_reg[0]/C (clocked by clk_fpga_0) and image_rotator_design_i/axi_image_rotator_0/inst/bram_bank2_reg_448_511_0_2/RAMA/I (clocked by clk_fpga_0). Large setup violations at the end of those stages might be difficult to fix during the post-placement implementation flow and could be the result of non-optimal XDC constraints or non-optimal design architecture
Related violations: <none>

TIMING-16#134 Warning
Large setup violation  
There is a large setup violation of -1.315 ns between image_rotator_design_i/axi_dma_0/U0/I_PRMRY_DATAMOVER/GEN_MM2S_FULL.I_MM2S_FULL_WRAPPER/ENABLE_AXIS_SKID.I_MM2S_SKID_BUF/sig_data_reg_out_reg[6]/C (clocked by clk_fpga_0) and image_rotator_design_i/axi_image_rotator_0/inst/bram_bank1_reg_0_63_6_6/SP/I (clocked by clk_fpga_0). Large setup violations at the end of those stages might be difficult to fix during the post-placement implementation flow and could be the result of non-optimal XDC constraints or non-optimal design architecture
Related violations: <none>

TIMING-16#135 Warning
Large setup violation  
There is a large setup violation of -1.322 ns between image_rotator_design_i/axi_dma_0/U0/I_PRMRY_DATAMOVER/GEN_MM2S_FULL.I_MM2S_FULL_WRAPPER/ENABLE_AXIS_SKID.I_MM2S_SKID_BUF/sig_data_reg_out_reg[6]/C (clocked by clk_fpga_0) and image_rotator_design_i/axi_image_rotator_0/inst/bram_bank0_reg_2176_2239_6_6/SP/I (clocked by clk_fpga_0). Large setup violations at the end of those stages might be difficult to fix during the post-placement implementation flow and could be the result of non-optimal XDC constraints or non-optimal design architecture
Related violations: <none>

TIMING-16#136 Warning
Large setup violation  
There is a large setup violation of -1.322 ns between image_rotator_design_i/axi_dma_0/U0/I_PRMRY_DATAMOVER/GEN_MM2S_FULL.I_MM2S_FULL_WRAPPER/ENABLE_AXIS_SKID.I_MM2S_SKID_BUF/sig_data_reg_out_reg[6]/C (clocked by clk_fpga_0) and image_rotator_design_i/axi_image_rotator_0/inst/bram_bank0_reg_3136_3199_6_6/SP/I (clocked by clk_fpga_0). Large setup violations at the end of those stages might be difficult to fix during the post-placement implementation flow and could be the result of non-optimal XDC constraints or non-optimal design architecture
Related violations: <none>

TIMING-16#137 Warning
Large setup violation  
There is a large setup violation of -1.340 ns between image_rotator_design_i/axi_dma_0/U0/I_PRMRY_DATAMOVER/GEN_MM2S_FULL.I_MM2S_FULL_WRAPPER/ENABLE_AXIS_SKID.I_MM2S_SKID_BUF/sig_data_reg_out_reg[6]/C (clocked by clk_fpga_0) and image_rotator_design_i/axi_image_rotator_0/inst/bram_bank0_reg_3712_3775_6_6/SP/I (clocked by clk_fpga_0). Large setup violations at the end of those stages might be difficult to fix during the post-placement implementation flow and could be the result of non-optimal XDC constraints or non-optimal design architecture
Related violations: <none>

TIMING-16#138 Warning
Large setup violation  
There is a large setup violation of -1.341 ns between image_rotator_design_i/axi_image_rotator_0/inst/wr_ptr_reg[9]/C (clocked by clk_fpga_0) and image_rotator_design_i/axi_image_rotator_0/inst/bram_bank1_reg_3264_3327_7_7/DP/WE (clocked by clk_fpga_0). Large setup violations at the end of those stages might be difficult to fix during the post-placement implementation flow and could be the result of non-optimal XDC constraints or non-optimal design architecture
Related violations: <none>

TIMING-16#139 Warning
Large setup violation  
There is a large setup violation of -1.341 ns between image_rotator_design_i/axi_image_rotator_0/inst/wr_ptr_reg[9]/C (clocked by clk_fpga_0) and image_rotator_design_i/axi_image_rotator_0/inst/bram_bank1_reg_3264_3327_7_7/SP/WE (clocked by clk_fpga_0). Large setup violations at the end of those stages might be difficult to fix during the post-placement implementation flow and could be the result of non-optimal XDC constraints or non-optimal design architecture
Related violations: <none>

TIMING-16#140 Warning
Large setup violation  
There is a large setup violation of -1.343 ns between image_rotator_design_i/axi_image_rotator_0/inst/state_reg[0]/C (clocked by clk_fpga_0) and image_rotator_design_i/axi_image_rotator_0/inst/bram_bank0_reg_3584_3647_3_5/RAMA/WE (clocked by clk_fpga_0). Large setup violations at the end of those stages might be difficult to fix during the post-placement implementation flow and could be the result of non-optimal XDC constraints or non-optimal design architecture
Related violations: <none>

TIMING-16#141 Warning
Large setup violation  
There is a large setup violation of -1.343 ns between image_rotator_design_i/axi_image_rotator_0/inst/state_reg[0]/C (clocked by clk_fpga_0) and image_rotator_design_i/axi_image_rotator_0/inst/bram_bank0_reg_3584_3647_3_5/RAMB/WE (clocked by clk_fpga_0). Large setup violations at the end of those stages might be difficult to fix during the post-placement implementation flow and could be the result of non-optimal XDC constraints or non-optimal design architecture
Related violations: <none>

TIMING-16#142 Warning
Large setup violation  
There is a large setup violation of -1.343 ns between image_rotator_design_i/axi_image_rotator_0/inst/state_reg[0]/C (clocked by clk_fpga_0) and image_rotator_design_i/axi_image_rotator_0/inst/bram_bank0_reg_3584_3647_3_5/RAMC/WE (clocked by clk_fpga_0). Large setup violations at the end of those stages might be difficult to fix during the post-placement implementation flow and could be the result of non-optimal XDC constraints or non-optimal design architecture
Related violations: <none>

TIMING-16#143 Warning
Large setup violation  
There is a large setup violation of -1.343 ns between image_rotator_design_i/axi_image_rotator_0/inst/state_reg[0]/C (clocked by clk_fpga_0) and image_rotator_design_i/axi_image_rotator_0/inst/bram_bank0_reg_3584_3647_3_5/RAMD/WE (clocked by clk_fpga_0). Large setup violations at the end of those stages might be difficult to fix during the post-placement implementation flow and could be the result of non-optimal XDC constraints or non-optimal design architecture
Related violations: <none>

TIMING-16#144 Warning
Large setup violation  
There is a large setup violation of -1.350 ns between image_rotator_design_i/axi_image_rotator_0/inst/wr_ptr_reg[9]/C (clocked by clk_fpga_0) and image_rotator_design_i/axi_image_rotator_0/inst/bram_bank2_reg_2048_2111_3_5/RAMA/WE (clocked by clk_fpga_0). Large setup violations at the end of those stages might be difficult to fix during the post-placement implementation flow and could be the result of non-optimal XDC constraints or non-optimal design architecture
Related violations: <none>

TIMING-16#145 Warning
Large setup violation  
There is a large setup violation of -1.350 ns between image_rotator_design_i/axi_image_rotator_0/inst/wr_ptr_reg[9]/C (clocked by clk_fpga_0) and image_rotator_design_i/axi_image_rotator_0/inst/bram_bank2_reg_2048_2111_3_5/RAMB/WE (clocked by clk_fpga_0). Large setup violations at the end of those stages might be difficult to fix during the post-placement implementation flow and could be the result of non-optimal XDC constraints or non-optimal design architecture
Related violations: <none>

TIMING-16#146 Warning
Large setup violation  
There is a large setup violation of -1.350 ns between image_rotator_design_i/axi_image_rotator_0/inst/wr_ptr_reg[9]/C (clocked by clk_fpga_0) and image_rotator_design_i/axi_image_rotator_0/inst/bram_bank2_reg_2048_2111_3_5/RAMC/WE (clocked by clk_fpga_0). Large setup violations at the end of those stages might be difficult to fix during the post-placement implementation flow and could be the result of non-optimal XDC constraints or non-optimal design architecture
Related violations: <none>

TIMING-16#147 Warning
Large setup violation  
There is a large setup violation of -1.350 ns between image_rotator_design_i/axi_image_rotator_0/inst/wr_ptr_reg[9]/C (clocked by clk_fpga_0) and image_rotator_design_i/axi_image_rotator_0/inst/bram_bank2_reg_2048_2111_3_5/RAMD/WE (clocked by clk_fpga_0). Large setup violations at the end of those stages might be difficult to fix during the post-placement implementation flow and could be the result of non-optimal XDC constraints or non-optimal design architecture
Related violations: <none>

TIMING-16#148 Warning
Large setup violation  
There is a large setup violation of -1.359 ns between image_rotator_design_i/axi_image_rotator_0/inst/wr_ptr_reg[4]/C (clocked by clk_fpga_0) and image_rotator_design_i/axi_image_rotator_0/inst/bram_bank2_reg_2752_2815_6_6/DP/WADR2 (clocked by clk_fpga_0). Large setup violations at the end of those stages might be difficult to fix during the post-placement implementation flow and could be the result of non-optimal XDC constraints or non-optimal design architecture
Related violations: <none>

TIMING-16#149 Warning
Large setup violation  
There is a large setup violation of -1.359 ns between image_rotator_design_i/axi_image_rotator_0/inst/wr_ptr_reg[4]/C (clocked by clk_fpga_0) and image_rotator_design_i/axi_image_rotator_0/inst/bram_bank2_reg_2752_2815_6_6/SP/WADR2 (clocked by clk_fpga_0). Large setup violations at the end of those stages might be difficult to fix during the post-placement implementation flow and could be the result of non-optimal XDC constraints or non-optimal design architecture
Related violations: <none>

TIMING-16#150 Warning
Large setup violation  
There is a large setup violation of -1.363 ns between image_rotator_design_i/axi_dma_0/U0/I_PRMRY_DATAMOVER/GEN_MM2S_FULL.I_MM2S_FULL_WRAPPER/ENABLE_AXIS_SKID.I_MM2S_SKID_BUF/sig_data_reg_out_reg[6]/C (clocked by clk_fpga_0) and image_rotator_design_i/axi_image_rotator_0/inst/bram_bank1_reg_1984_2047_6_6/DP/I (clocked by clk_fpga_0). Large setup violations at the end of those stages might be difficult to fix during the post-placement implementation flow and could be the result of non-optimal XDC constraints or non-optimal design architecture
Related violations: <none>

TIMING-16#151 Warning
Large setup violation  
There is a large setup violation of -1.366 ns between image_rotator_design_i/axi_dma_0/U0/I_PRMRY_DATAMOVER/GEN_MM2S_FULL.I_MM2S_FULL_WRAPPER/ENABLE_AXIS_SKID.I_MM2S_SKID_BUF/sig_data_reg_out_reg[7]/C (clocked by clk_fpga_0) and image_rotator_design_i/axi_image_rotator_0/inst/bram_bank0_reg_704_767_7_7/DP/I (clocked by clk_fpga_0). Large setup violations at the end of those stages might be difficult to fix during the post-placement implementation flow and could be the result of non-optimal XDC constraints or non-optimal design architecture
Related violations: <none>

TIMING-16#152 Warning
Large setup violation  
There is a large setup violation of -1.370 ns between image_rotator_design_i/axi_image_rotator_0/inst/wr_ptr_reg[4]/C (clocked by clk_fpga_0) and image_rotator_design_i/axi_image_rotator_0/inst/bram_bank2_reg_2112_2175_6_6/DP/WADR2 (clocked by clk_fpga_0). Large setup violations at the end of those stages might be difficult to fix during the post-placement implementation flow and could be the result of non-optimal XDC constraints or non-optimal design architecture
Related violations: <none>

TIMING-16#153 Warning
Large setup violation  
There is a large setup violation of -1.370 ns between image_rotator_design_i/axi_image_rotator_0/inst/wr_ptr_reg[4]/C (clocked by clk_fpga_0) and image_rotator_design_i/axi_image_rotator_0/inst/bram_bank2_reg_2112_2175_6_6/SP/WADR2 (clocked by clk_fpga_0). Large setup violations at the end of those stages might be difficult to fix during the post-placement implementation flow and could be the result of non-optimal XDC constraints or non-optimal design architecture
Related violations: <none>

TIMING-16#154 Warning
Large setup violation  
There is a large setup violation of -1.371 ns between image_rotator_design_i/axi_dma_0/U0/I_PRMRY_DATAMOVER/GEN_MM2S_FULL.I_MM2S_FULL_WRAPPER/ENABLE_AXIS_SKID.I_MM2S_SKID_BUF/sig_data_reg_out_reg[6]/C (clocked by clk_fpga_0) and image_rotator_design_i/axi_image_rotator_0/inst/bram_bank0_reg_768_831_6_6/DP/I (clocked by clk_fpga_0). Large setup violations at the end of those stages might be difficult to fix during the post-placement implementation flow and could be the result of non-optimal XDC constraints or non-optimal design architecture
Related violations: <none>

TIMING-16#155 Warning
Large setup violation  
There is a large setup violation of -1.376 ns between image_rotator_design_i/axi_image_rotator_0/inst/state_reg[0]/C (clocked by clk_fpga_0) and image_rotator_design_i/axi_image_rotator_0/inst/bram_bank0_reg_2240_2303_3_5/RAMA/WE (clocked by clk_fpga_0). Large setup violations at the end of those stages might be difficult to fix during the post-placement implementation flow and could be the result of non-optimal XDC constraints or non-optimal design architecture
Related violations: <none>

TIMING-16#156 Warning
Large setup violation  
There is a large setup violation of -1.376 ns between image_rotator_design_i/axi_image_rotator_0/inst/state_reg[0]/C (clocked by clk_fpga_0) and image_rotator_design_i/axi_image_rotator_0/inst/bram_bank0_reg_2240_2303_3_5/RAMB/WE (clocked by clk_fpga_0). Large setup violations at the end of those stages might be difficult to fix during the post-placement implementation flow and could be the result of non-optimal XDC constraints or non-optimal design architecture
Related violations: <none>

TIMING-16#157 Warning
Large setup violation  
There is a large setup violation of -1.376 ns between image_rotator_design_i/axi_image_rotator_0/inst/state_reg[0]/C (clocked by clk_fpga_0) and image_rotator_design_i/axi_image_rotator_0/inst/bram_bank0_reg_2240_2303_3_5/RAMC/WE (clocked by clk_fpga_0). Large setup violations at the end of those stages might be difficult to fix during the post-placement implementation flow and could be the result of non-optimal XDC constraints or non-optimal design architecture
Related violations: <none>

TIMING-16#158 Warning
Large setup violation  
There is a large setup violation of -1.376 ns between image_rotator_design_i/axi_image_rotator_0/inst/state_reg[0]/C (clocked by clk_fpga_0) and image_rotator_design_i/axi_image_rotator_0/inst/bram_bank0_reg_2240_2303_3_5/RAMD/WE (clocked by clk_fpga_0). Large setup violations at the end of those stages might be difficult to fix during the post-placement implementation flow and could be the result of non-optimal XDC constraints or non-optimal design architecture
Related violations: <none>

TIMING-16#159 Warning
Large setup violation  
There is a large setup violation of -1.377 ns between image_rotator_design_i/axi_dma_0/U0/I_PRMRY_DATAMOVER/GEN_MM2S_FULL.I_MM2S_FULL_WRAPPER/ENABLE_AXIS_SKID.I_MM2S_SKID_BUF/sig_data_reg_out_reg[6]/C (clocked by clk_fpga_0) and image_rotator_design_i/axi_image_rotator_0/inst/bram_bank1_reg_1920_1983_6_6/DP/I (clocked by clk_fpga_0). Large setup violations at the end of those stages might be difficult to fix during the post-placement implementation flow and could be the result of non-optimal XDC constraints or non-optimal design architecture
Related violations: <none>

TIMING-16#160 Warning
Large setup violation  
There is a large setup violation of -1.380 ns between image_rotator_design_i/axi_dma_0/U0/I_PRMRY_DATAMOVER/GEN_MM2S_FULL.I_MM2S_FULL_WRAPPER/ENABLE_AXIS_SKID.I_MM2S_SKID_BUF/sig_data_reg_out_reg[6]/C (clocked by clk_fpga_0) and image_rotator_design_i/axi_image_rotator_0/inst/bram_bank0_reg_576_639_6_6/DP/I (clocked by clk_fpga_0). Large setup violations at the end of those stages might be difficult to fix during the post-placement implementation flow and could be the result of non-optimal XDC constraints or non-optimal design architecture
Related violations: <none>

TIMING-16#161 Warning
Large setup violation  
There is a large setup violation of -1.382 ns between image_rotator_design_i/axi_image_rotator_0/inst/wr_ptr_reg[3]/C (clocked by clk_fpga_0) and image_rotator_design_i/axi_image_rotator_0/inst/bram_bank2_reg_3392_3455_6_6/DP/WADR1 (clocked by clk_fpga_0). Large setup violations at the end of those stages might be difficult to fix during the post-placement implementation flow and could be the result of non-optimal XDC constraints or non-optimal design architecture
Related violations: <none>

TIMING-16#162 Warning
Large setup violation  
There is a large setup violation of -1.382 ns between image_rotator_design_i/axi_image_rotator_0/inst/wr_ptr_reg[3]/C (clocked by clk_fpga_0) and image_rotator_design_i/axi_image_rotator_0/inst/bram_bank2_reg_3392_3455_6_6/SP/WADR1 (clocked by clk_fpga_0). Large setup violations at the end of those stages might be difficult to fix during the post-placement implementation flow and could be the result of non-optimal XDC constraints or non-optimal design architecture
Related violations: <none>

TIMING-16#163 Warning
Large setup violation  
There is a large setup violation of -1.385 ns between image_rotator_design_i/axi_image_rotator_0/inst/wr_ptr_reg[3]/C (clocked by clk_fpga_0) and image_rotator_design_i/axi_image_rotator_0/inst/bram_bank1_reg_4032_4095_7_7/DP/WADR1 (clocked by clk_fpga_0). Large setup violations at the end of those stages might be difficult to fix during the post-placement implementation flow and could be the result of non-optimal XDC constraints or non-optimal design architecture
Related violations: <none>

TIMING-16#164 Warning
Large setup violation  
There is a large setup violation of -1.385 ns between image_rotator_design_i/axi_image_rotator_0/inst/wr_ptr_reg[3]/C (clocked by clk_fpga_0) and image_rotator_design_i/axi_image_rotator_0/inst/bram_bank1_reg_4032_4095_7_7/SP/WADR1 (clocked by clk_fpga_0). Large setup violations at the end of those stages might be difficult to fix during the post-placement implementation flow and could be the result of non-optimal XDC constraints or non-optimal design architecture
Related violations: <none>

TIMING-16#165 Warning
Large setup violation  
There is a large setup violation of -1.391 ns between image_rotator_design_i/axi_image_rotator_0/inst/wr_ptr_reg[3]/C (clocked by clk_fpga_0) and image_rotator_design_i/axi_image_rotator_0/inst/bram_bank1_reg_3456_3519_7_7/DP/WADR1 (clocked by clk_fpga_0). Large setup violations at the end of those stages might be difficult to fix during the post-placement implementation flow and could be the result of non-optimal XDC constraints or non-optimal design architecture
Related violations: <none>

TIMING-16#166 Warning
Large setup violation  
There is a large setup violation of -1.391 ns between image_rotator_design_i/axi_image_rotator_0/inst/wr_ptr_reg[3]/C (clocked by clk_fpga_0) and image_rotator_design_i/axi_image_rotator_0/inst/bram_bank1_reg_3456_3519_7_7/SP/WADR1 (clocked by clk_fpga_0). Large setup violations at the end of those stages might be difficult to fix during the post-placement implementation flow and could be the result of non-optimal XDC constraints or non-optimal design architecture
Related violations: <none>

TIMING-16#167 Warning
Large setup violation  
There is a large setup violation of -1.402 ns between image_rotator_design_i/axi_image_rotator_0/inst/wr_ptr_reg[4]/C (clocked by clk_fpga_0) and image_rotator_design_i/axi_image_rotator_0/inst/bram_bank2_reg_2496_2559_7_7/DP/WADR2 (clocked by clk_fpga_0). Large setup violations at the end of those stages might be difficult to fix during the post-placement implementation flow and could be the result of non-optimal XDC constraints or non-optimal design architecture
Related violations: <none>

TIMING-16#168 Warning
Large setup violation  
There is a large setup violation of -1.402 ns between image_rotator_design_i/axi_image_rotator_0/inst/wr_ptr_reg[4]/C (clocked by clk_fpga_0) and image_rotator_design_i/axi_image_rotator_0/inst/bram_bank2_reg_2496_2559_7_7/SP/WADR2 (clocked by clk_fpga_0). Large setup violations at the end of those stages might be difficult to fix during the post-placement implementation flow and could be the result of non-optimal XDC constraints or non-optimal design architecture
Related violations: <none>

TIMING-16#169 Warning
Large setup violation  
There is a large setup violation of -1.406 ns between image_rotator_design_i/axi_image_rotator_0/inst/wr_ptr_reg[4]/C (clocked by clk_fpga_0) and image_rotator_design_i/axi_image_rotator_0/inst/bram_bank2_reg_1856_1919_7_7/DP/WADR2 (clocked by clk_fpga_0). Large setup violations at the end of those stages might be difficult to fix during the post-placement implementation flow and could be the result of non-optimal XDC constraints or non-optimal design architecture
Related violations: <none>

TIMING-16#170 Warning
Large setup violation  
There is a large setup violation of -1.406 ns between image_rotator_design_i/axi_image_rotator_0/inst/wr_ptr_reg[4]/C (clocked by clk_fpga_0) and image_rotator_design_i/axi_image_rotator_0/inst/bram_bank2_reg_1856_1919_7_7/SP/WADR2 (clocked by clk_fpga_0). Large setup violations at the end of those stages might be difficult to fix during the post-placement implementation flow and could be the result of non-optimal XDC constraints or non-optimal design architecture
Related violations: <none>

TIMING-16#171 Warning
Large setup violation  
There is a large setup violation of -1.409 ns between image_rotator_design_i/axi_dma_0/U0/I_PRMRY_DATAMOVER/GEN_MM2S_FULL.I_MM2S_FULL_WRAPPER/ENABLE_AXIS_SKID.I_MM2S_SKID_BUF/sig_data_reg_out_reg[6]/C (clocked by clk_fpga_0) and image_rotator_design_i/axi_image_rotator_0/inst/bram_bank0_reg_1664_1727_6_6/DP/I (clocked by clk_fpga_0). Large setup violations at the end of those stages might be difficult to fix during the post-placement implementation flow and could be the result of non-optimal XDC constraints or non-optimal design architecture
Related violations: <none>

TIMING-16#172 Warning
Large setup violation  
There is a large setup violation of -1.410 ns between image_rotator_design_i/axi_image_rotator_0/inst/state_reg[0]/C (clocked by clk_fpga_0) and image_rotator_design_i/axi_image_rotator_0/inst/bram_bank0_reg_3904_3967_3_5/RAMA/WE (clocked by clk_fpga_0). Large setup violations at the end of those stages might be difficult to fix during the post-placement implementation flow and could be the result of non-optimal XDC constraints or non-optimal design architecture
Related violations: <none>

TIMING-16#173 Warning
Large setup violation  
There is a large setup violation of -1.410 ns between image_rotator_design_i/axi_image_rotator_0/inst/state_reg[0]/C (clocked by clk_fpga_0) and image_rotator_design_i/axi_image_rotator_0/inst/bram_bank0_reg_3904_3967_3_5/RAMB/WE (clocked by clk_fpga_0). Large setup violations at the end of those stages might be difficult to fix during the post-placement implementation flow and could be the result of non-optimal XDC constraints or non-optimal design architecture
Related violations: <none>

TIMING-16#174 Warning
Large setup violation  
There is a large setup violation of -1.410 ns between image_rotator_design_i/axi_image_rotator_0/inst/state_reg[0]/C (clocked by clk_fpga_0) and image_rotator_design_i/axi_image_rotator_0/inst/bram_bank0_reg_3904_3967_3_5/RAMC/WE (clocked by clk_fpga_0). Large setup violations at the end of those stages might be difficult to fix during the post-placement implementation flow and could be the result of non-optimal XDC constraints or non-optimal design architecture
Related violations: <none>

TIMING-16#175 Warning
Large setup violation  
There is a large setup violation of -1.410 ns between image_rotator_design_i/axi_image_rotator_0/inst/state_reg[0]/C (clocked by clk_fpga_0) and image_rotator_design_i/axi_image_rotator_0/inst/bram_bank0_reg_3904_3967_3_5/RAMD/WE (clocked by clk_fpga_0). Large setup violations at the end of those stages might be difficult to fix during the post-placement implementation flow and could be the result of non-optimal XDC constraints or non-optimal design architecture
Related violations: <none>

TIMING-16#176 Warning
Large setup violation  
There is a large setup violation of -1.411 ns between image_rotator_design_i/axi_image_rotator_0/inst/wr_ptr_reg[4]/C (clocked by clk_fpga_0) and image_rotator_design_i/axi_image_rotator_0/inst/bram_bank2_reg_1088_1151_7_7/DP/WADR2 (clocked by clk_fpga_0). Large setup violations at the end of those stages might be difficult to fix during the post-placement implementation flow and could be the result of non-optimal XDC constraints or non-optimal design architecture
Related violations: <none>

TIMING-16#177 Warning
Large setup violation  
There is a large setup violation of -1.411 ns between image_rotator_design_i/axi_image_rotator_0/inst/wr_ptr_reg[4]/C (clocked by clk_fpga_0) and image_rotator_design_i/axi_image_rotator_0/inst/bram_bank2_reg_1088_1151_7_7/SP/WADR2 (clocked by clk_fpga_0). Large setup violations at the end of those stages might be difficult to fix during the post-placement implementation flow and could be the result of non-optimal XDC constraints or non-optimal design architecture
Related violations: <none>

TIMING-16#178 Warning
Large setup violation  
There is a large setup violation of -1.412 ns between image_rotator_design_i/axi_dma_0/U0/I_PRMRY_DATAMOVER/GEN_MM2S_FULL.I_MM2S_FULL_WRAPPER/ENABLE_AXIS_SKID.I_MM2S_SKID_BUF/sig_data_reg_out_reg[6]/C (clocked by clk_fpga_0) and image_rotator_design_i/axi_image_rotator_0/inst/bram_bank1_reg_640_703_6_6/DP/I (clocked by clk_fpga_0). Large setup violations at the end of those stages might be difficult to fix during the post-placement implementation flow and could be the result of non-optimal XDC constraints or non-optimal design architecture
Related violations: <none>

TIMING-16#179 Warning
Large setup violation  
There is a large setup violation of -1.415 ns between image_rotator_design_i/axi_dma_0/U0/I_PRMRY_DATAMOVER/GEN_MM2S_FULL.I_MM2S_FULL_WRAPPER/ENABLE_AXIS_SKID.I_MM2S_SKID_BUF/sig_data_reg_out_reg[6]/C (clocked by clk_fpga_0) and image_rotator_design_i/axi_image_rotator_0/inst/bram_bank0_reg_2240_2303_6_6/DP/I (clocked by clk_fpga_0). Large setup violations at the end of those stages might be difficult to fix during the post-placement implementation flow and could be the result of non-optimal XDC constraints or non-optimal design architecture
Related violations: <none>

TIMING-16#180 Warning
Large setup violation  
There is a large setup violation of -1.418 ns between image_rotator_design_i/axi_dma_0/U0/I_PRMRY_DATAMOVER/GEN_MM2S_FULL.I_MM2S_FULL_WRAPPER/ENABLE_AXIS_SKID.I_MM2S_SKID_BUF/sig_data_reg_out_reg[6]/C (clocked by clk_fpga_0) and image_rotator_design_i/axi_image_rotator_0/inst/bram_bank0_reg_1600_1663_6_6/DP/I (clocked by clk_fpga_0). Large setup violations at the end of those stages might be difficult to fix during the post-placement implementation flow and could be the result of non-optimal XDC constraints or non-optimal design architecture
Related violations: <none>

TIMING-16#181 Warning
Large setup violation  
There is a large setup violation of -1.421 ns between image_rotator_design_i/axi_dma_0/U0/I_PRMRY_DATAMOVER/GEN_MM2S_FULL.I_MM2S_FULL_WRAPPER/ENABLE_AXIS_SKID.I_MM2S_SKID_BUF/sig_data_reg_out_reg[7]/C (clocked by clk_fpga_0) and image_rotator_design_i/axi_image_rotator_0/inst/bram_bank1_reg_1600_1663_7_7/SP/I (clocked by clk_fpga_0). Large setup violations at the end of those stages might be difficult to fix during the post-placement implementation flow and could be the result of non-optimal XDC constraints or non-optimal design architecture
Related violations: <none>

TIMING-16#182 Warning
Large setup violation  
There is a large setup violation of -1.430 ns between image_rotator_design_i/axi_dma_0/U0/I_PRMRY_DATAMOVER/GEN_MM2S_FULL.I_MM2S_FULL_WRAPPER/ENABLE_AXIS_SKID.I_MM2S_SKID_BUF/sig_data_reg_out_reg[6]/C (clocked by clk_fpga_0) and image_rotator_design_i/axi_image_rotator_0/inst/bram_bank0_reg_3840_3903_6_6/DP/I (clocked by clk_fpga_0). Large setup violations at the end of those stages might be difficult to fix during the post-placement implementation flow and could be the result of non-optimal XDC constraints or non-optimal design architecture
Related violations: <none>

TIMING-16#183 Warning
Large setup violation  
There is a large setup violation of -1.430 ns between image_rotator_design_i/axi_image_rotator_0/inst/state_reg[0]/C (clocked by clk_fpga_0) and image_rotator_design_i/axi_image_rotator_0/inst/bram_bank0_reg_2816_2879_3_5/RAMA/WE (clocked by clk_fpga_0). Large setup violations at the end of those stages might be difficult to fix during the post-placement implementation flow and could be the result of non-optimal XDC constraints or non-optimal design architecture
Related violations: <none>

TIMING-16#184 Warning
Large setup violation  
There is a large setup violation of -1.430 ns between image_rotator_design_i/axi_image_rotator_0/inst/state_reg[0]/C (clocked by clk_fpga_0) and image_rotator_design_i/axi_image_rotator_0/inst/bram_bank0_reg_2816_2879_3_5/RAMB/WE (clocked by clk_fpga_0). Large setup violations at the end of those stages might be difficult to fix during the post-placement implementation flow and could be the result of non-optimal XDC constraints or non-optimal design architecture
Related violations: <none>

TIMING-16#185 Warning
Large setup violation  
There is a large setup violation of -1.430 ns between image_rotator_design_i/axi_image_rotator_0/inst/state_reg[0]/C (clocked by clk_fpga_0) and image_rotator_design_i/axi_image_rotator_0/inst/bram_bank0_reg_2816_2879_3_5/RAMC/WE (clocked by clk_fpga_0). Large setup violations at the end of those stages might be difficult to fix during the post-placement implementation flow and could be the result of non-optimal XDC constraints or non-optimal design architecture
Related violations: <none>

TIMING-16#186 Warning
Large setup violation  
There is a large setup violation of -1.430 ns between image_rotator_design_i/axi_image_rotator_0/inst/state_reg[0]/C (clocked by clk_fpga_0) and image_rotator_design_i/axi_image_rotator_0/inst/bram_bank0_reg_2816_2879_3_5/RAMD/WE (clocked by clk_fpga_0). Large setup violations at the end of those stages might be difficult to fix during the post-placement implementation flow and could be the result of non-optimal XDC constraints or non-optimal design architecture
Related violations: <none>

TIMING-16#187 Warning
Large setup violation  
There is a large setup violation of -1.433 ns between image_rotator_design_i/axi_dma_0/U0/I_PRMRY_DATAMOVER/GEN_MM2S_FULL.I_MM2S_FULL_WRAPPER/ENABLE_AXIS_SKID.I_MM2S_SKID_BUF/sig_data_reg_out_reg[7]/C (clocked by clk_fpga_0) and image_rotator_design_i/axi_image_rotator_0/inst/bram_bank0_reg_256_319_7_7/SP/I (clocked by clk_fpga_0). Large setup violations at the end of those stages might be difficult to fix during the post-placement implementation flow and could be the result of non-optimal XDC constraints or non-optimal design architecture
Related violations: <none>

TIMING-16#188 Warning
Large setup violation  
There is a large setup violation of -1.433 ns between image_rotator_design_i/axi_image_rotator_0/inst/wr_ptr_reg[9]/C (clocked by clk_fpga_0) and image_rotator_design_i/axi_image_rotator_0/inst/bram_bank0_reg_1728_1791_3_5/RAMA/WE (clocked by clk_fpga_0). Large setup violations at the end of those stages might be difficult to fix during the post-placement implementation flow and could be the result of non-optimal XDC constraints or non-optimal design architecture
Related violations: <none>

TIMING-16#189 Warning
Large setup violation  
There is a large setup violation of -1.433 ns between image_rotator_design_i/axi_image_rotator_0/inst/wr_ptr_reg[9]/C (clocked by clk_fpga_0) and image_rotator_design_i/axi_image_rotator_0/inst/bram_bank0_reg_1728_1791_3_5/RAMB/WE (clocked by clk_fpga_0). Large setup violations at the end of those stages might be difficult to fix during the post-placement implementation flow and could be the result of non-optimal XDC constraints or non-optimal design architecture
Related violations: <none>

TIMING-16#190 Warning
Large setup violation  
There is a large setup violation of -1.433 ns between image_rotator_design_i/axi_image_rotator_0/inst/wr_ptr_reg[9]/C (clocked by clk_fpga_0) and image_rotator_design_i/axi_image_rotator_0/inst/bram_bank0_reg_1728_1791_3_5/RAMC/WE (clocked by clk_fpga_0). Large setup violations at the end of those stages might be difficult to fix during the post-placement implementation flow and could be the result of non-optimal XDC constraints or non-optimal design architecture
Related violations: <none>

TIMING-16#191 Warning
Large setup violation  
There is a large setup violation of -1.433 ns between image_rotator_design_i/axi_image_rotator_0/inst/wr_ptr_reg[9]/C (clocked by clk_fpga_0) and image_rotator_design_i/axi_image_rotator_0/inst/bram_bank0_reg_1728_1791_3_5/RAMD/WE (clocked by clk_fpga_0). Large setup violations at the end of those stages might be difficult to fix during the post-placement implementation flow and could be the result of non-optimal XDC constraints or non-optimal design architecture
Related violations: <none>

TIMING-16#192 Warning
Large setup violation  
There is a large setup violation of -1.455 ns between image_rotator_design_i/axi_image_rotator_0/inst/wr_ptr_reg[4]/C (clocked by clk_fpga_0) and image_rotator_design_i/axi_image_rotator_0/inst/bram_bank2_reg_960_1023_6_6/DP/WADR2 (clocked by clk_fpga_0). Large setup violations at the end of those stages might be difficult to fix during the post-placement implementation flow and could be the result of non-optimal XDC constraints or non-optimal design architecture
Related violations: <none>

TIMING-16#193 Warning
Large setup violation  
There is a large setup violation of -1.455 ns between image_rotator_design_i/axi_image_rotator_0/inst/wr_ptr_reg[4]/C (clocked by clk_fpga_0) and image_rotator_design_i/axi_image_rotator_0/inst/bram_bank2_reg_960_1023_6_6/SP/WADR2 (clocked by clk_fpga_0). Large setup violations at the end of those stages might be difficult to fix during the post-placement implementation flow and could be the result of non-optimal XDC constraints or non-optimal design architecture
Related violations: <none>

TIMING-16#194 Warning
Large setup violation  
There is a large setup violation of -1.461 ns between image_rotator_design_i/axi_dma_0/U0/I_PRMRY_DATAMOVER/GEN_MM2S_FULL.I_MM2S_FULL_WRAPPER/ENABLE_AXIS_SKID.I_MM2S_SKID_BUF/sig_data_reg_out_reg[6]/C (clocked by clk_fpga_0) and image_rotator_design_i/axi_image_rotator_0/inst/bram_bank1_reg_1472_1535_6_6/DP/I (clocked by clk_fpga_0). Large setup violations at the end of those stages might be difficult to fix during the post-placement implementation flow and could be the result of non-optimal XDC constraints or non-optimal design architecture
Related violations: <none>

TIMING-16#195 Warning
Large setup violation  
There is a large setup violation of -1.472 ns between image_rotator_design_i/axi_image_rotator_0/inst/state_reg[0]/C (clocked by clk_fpga_0) and image_rotator_design_i/axi_image_rotator_0/inst/bram_bank0_reg_2368_2431_6_6/DP/WE (clocked by clk_fpga_0). Large setup violations at the end of those stages might be difficult to fix during the post-placement implementation flow and could be the result of non-optimal XDC constraints or non-optimal design architecture
Related violations: <none>

TIMING-16#196 Warning
Large setup violation  
There is a large setup violation of -1.472 ns between image_rotator_design_i/axi_image_rotator_0/inst/state_reg[0]/C (clocked by clk_fpga_0) and image_rotator_design_i/axi_image_rotator_0/inst/bram_bank0_reg_2368_2431_6_6/SP/WE (clocked by clk_fpga_0). Large setup violations at the end of those stages might be difficult to fix during the post-placement implementation flow and could be the result of non-optimal XDC constraints or non-optimal design architecture
Related violations: <none>

TIMING-16#197 Warning
Large setup violation  
There is a large setup violation of -1.477 ns between image_rotator_design_i/axi_dma_0/U0/I_PRMRY_DATAMOVER/GEN_MM2S_FULL.I_MM2S_FULL_WRAPPER/ENABLE_AXIS_SKID.I_MM2S_SKID_BUF/sig_data_reg_out_reg[6]/C (clocked by clk_fpga_0) and image_rotator_design_i/axi_image_rotator_0/inst/bram_bank1_reg_192_255_6_6/SP/I (clocked by clk_fpga_0). Large setup violations at the end of those stages might be difficult to fix during the post-placement implementation flow and could be the result of non-optimal XDC constraints or non-optimal design architecture
Related violations: <none>

TIMING-16#198 Warning
Large setup violation  
There is a large setup violation of -1.486 ns between image_rotator_design_i/axi_image_rotator_0/inst/wr_ptr_reg[9]/C (clocked by clk_fpga_0) and image_rotator_design_i/axi_image_rotator_0/inst/bram_bank1_reg_0_63_3_5/RAMA/WE (clocked by clk_fpga_0). Large setup violations at the end of those stages might be difficult to fix during the post-placement implementation flow and could be the result of non-optimal XDC constraints or non-optimal design architecture
Related violations: <none>

TIMING-16#199 Warning
Large setup violation  
There is a large setup violation of -1.486 ns between image_rotator_design_i/axi_image_rotator_0/inst/wr_ptr_reg[9]/C (clocked by clk_fpga_0) and image_rotator_design_i/axi_image_rotator_0/inst/bram_bank1_reg_0_63_3_5/RAMB/WE (clocked by clk_fpga_0). Large setup violations at the end of those stages might be difficult to fix during the post-placement implementation flow and could be the result of non-optimal XDC constraints or non-optimal design architecture
Related violations: <none>

TIMING-16#200 Warning
Large setup violation  
There is a large setup violation of -1.486 ns between image_rotator_design_i/axi_image_rotator_0/inst/wr_ptr_reg[9]/C (clocked by clk_fpga_0) and image_rotator_design_i/axi_image_rotator_0/inst/bram_bank1_reg_0_63_3_5/RAMC/WE (clocked by clk_fpga_0). Large setup violations at the end of those stages might be difficult to fix during the post-placement implementation flow and could be the result of non-optimal XDC constraints or non-optimal design architecture
Related violations: <none>

TIMING-16#201 Warning
Large setup violation  
There is a large setup violation of -1.486 ns between image_rotator_design_i/axi_image_rotator_0/inst/wr_ptr_reg[9]/C (clocked by clk_fpga_0) and image_rotator_design_i/axi_image_rotator_0/inst/bram_bank1_reg_0_63_3_5/RAMD/WE (clocked by clk_fpga_0). Large setup violations at the end of those stages might be difficult to fix during the post-placement implementation flow and could be the result of non-optimal XDC constraints or non-optimal design architecture
Related violations: <none>

TIMING-16#202 Warning
Large setup violation  
There is a large setup violation of -1.516 ns between image_rotator_design_i/axi_image_rotator_0/inst/state_reg[0]/C (clocked by clk_fpga_0) and image_rotator_design_i/axi_image_rotator_0/inst/bram_bank0_reg_3520_3583_7_7/DP/WE (clocked by clk_fpga_0). Large setup violations at the end of those stages might be difficult to fix during the post-placement implementation flow and could be the result of non-optimal XDC constraints or non-optimal design architecture
Related violations: <none>

TIMING-16#203 Warning
Large setup violation  
There is a large setup violation of -1.516 ns between image_rotator_design_i/axi_image_rotator_0/inst/state_reg[0]/C (clocked by clk_fpga_0) and image_rotator_design_i/axi_image_rotator_0/inst/bram_bank0_reg_3520_3583_7_7/SP/WE (clocked by clk_fpga_0). Large setup violations at the end of those stages might be difficult to fix during the post-placement implementation flow and could be the result of non-optimal XDC constraints or non-optimal design architecture
Related violations: <none>

TIMING-16#204 Warning
Large setup violation  
There is a large setup violation of -1.526 ns between image_rotator_design_i/axi_image_rotator_0/inst/wr_ptr_reg[9]/C (clocked by clk_fpga_0) and image_rotator_design_i/axi_image_rotator_0/inst/bram_bank1_reg_1216_1279_3_5/RAMA/WE (clocked by clk_fpga_0). Large setup violations at the end of those stages might be difficult to fix during the post-placement implementation flow and could be the result of non-optimal XDC constraints or non-optimal design architecture
Related violations: <none>

TIMING-16#205 Warning
Large setup violation  
There is a large setup violation of -1.526 ns between image_rotator_design_i/axi_image_rotator_0/inst/wr_ptr_reg[9]/C (clocked by clk_fpga_0) and image_rotator_design_i/axi_image_rotator_0/inst/bram_bank1_reg_1216_1279_3_5/RAMB/WE (clocked by clk_fpga_0). Large setup violations at the end of those stages might be difficult to fix during the post-placement implementation flow and could be the result of non-optimal XDC constraints or non-optimal design architecture
Related violations: <none>

TIMING-16#206 Warning
Large setup violation  
There is a large setup violation of -1.526 ns between image_rotator_design_i/axi_image_rotator_0/inst/wr_ptr_reg[9]/C (clocked by clk_fpga_0) and image_rotator_design_i/axi_image_rotator_0/inst/bram_bank1_reg_1216_1279_3_5/RAMC/WE (clocked by clk_fpga_0). Large setup violations at the end of those stages might be difficult to fix during the post-placement implementation flow and could be the result of non-optimal XDC constraints or non-optimal design architecture
Related violations: <none>

TIMING-16#207 Warning
Large setup violation  
There is a large setup violation of -1.526 ns between image_rotator_design_i/axi_image_rotator_0/inst/wr_ptr_reg[9]/C (clocked by clk_fpga_0) and image_rotator_design_i/axi_image_rotator_0/inst/bram_bank1_reg_1216_1279_3_5/RAMD/WE (clocked by clk_fpga_0). Large setup violations at the end of those stages might be difficult to fix during the post-placement implementation flow and could be the result of non-optimal XDC constraints or non-optimal design architecture
Related violations: <none>

TIMING-16#208 Warning
Large setup violation  
There is a large setup violation of -1.532 ns between image_rotator_design_i/axi_image_rotator_0/inst/wr_ptr_reg[3]/C (clocked by clk_fpga_0) and image_rotator_design_i/axi_image_rotator_0/inst/bram_bank2_reg_384_447_6_6/DP/WADR1 (clocked by clk_fpga_0). Large setup violations at the end of those stages might be difficult to fix during the post-placement implementation flow and could be the result of non-optimal XDC constraints or non-optimal design architecture
Related violations: <none>

TIMING-16#209 Warning
Large setup violation  
There is a large setup violation of -1.532 ns between image_rotator_design_i/axi_image_rotator_0/inst/wr_ptr_reg[3]/C (clocked by clk_fpga_0) and image_rotator_design_i/axi_image_rotator_0/inst/bram_bank2_reg_384_447_6_6/SP/WADR1 (clocked by clk_fpga_0). Large setup violations at the end of those stages might be difficult to fix during the post-placement implementation flow and could be the result of non-optimal XDC constraints or non-optimal design architecture
Related violations: <none>

TIMING-16#210 Warning
Large setup violation  
There is a large setup violation of -1.534 ns between image_rotator_design_i/axi_image_rotator_0/inst/wr_ptr_reg[9]/C (clocked by clk_fpga_0) and image_rotator_design_i/axi_image_rotator_0/inst/bram_bank1_reg_1984_2047_3_5/RAMA/WE (clocked by clk_fpga_0). Large setup violations at the end of those stages might be difficult to fix during the post-placement implementation flow and could be the result of non-optimal XDC constraints or non-optimal design architecture
Related violations: <none>

TIMING-16#211 Warning
Large setup violation  
There is a large setup violation of -1.534 ns between image_rotator_design_i/axi_image_rotator_0/inst/wr_ptr_reg[9]/C (clocked by clk_fpga_0) and image_rotator_design_i/axi_image_rotator_0/inst/bram_bank1_reg_1984_2047_3_5/RAMB/WE (clocked by clk_fpga_0). Large setup violations at the end of those stages might be difficult to fix during the post-placement implementation flow and could be the result of non-optimal XDC constraints or non-optimal design architecture
Related violations: <none>

TIMING-16#212 Warning
Large setup violation  
There is a large setup violation of -1.534 ns between image_rotator_design_i/axi_image_rotator_0/inst/wr_ptr_reg[9]/C (clocked by clk_fpga_0) and image_rotator_design_i/axi_image_rotator_0/inst/bram_bank1_reg_1984_2047_3_5/RAMC/WE (clocked by clk_fpga_0). Large setup violations at the end of those stages might be difficult to fix during the post-placement implementation flow and could be the result of non-optimal XDC constraints or non-optimal design architecture
Related violations: <none>

TIMING-16#213 Warning
Large setup violation  
There is a large setup violation of -1.534 ns between image_rotator_design_i/axi_image_rotator_0/inst/wr_ptr_reg[9]/C (clocked by clk_fpga_0) and image_rotator_design_i/axi_image_rotator_0/inst/bram_bank1_reg_1984_2047_3_5/RAMD/WE (clocked by clk_fpga_0). Large setup violations at the end of those stages might be difficult to fix during the post-placement implementation flow and could be the result of non-optimal XDC constraints or non-optimal design architecture
Related violations: <none>

TIMING-16#214 Warning
Large setup violation  
There is a large setup violation of -1.535 ns between image_rotator_design_i/axi_image_rotator_0/inst/wr_ptr_reg[3]/C (clocked by clk_fpga_0) and image_rotator_design_i/axi_image_rotator_0/inst/bram_bank2_reg_1792_1855_6_6/DP/WADR1 (clocked by clk_fpga_0). Large setup violations at the end of those stages might be difficult to fix during the post-placement implementation flow and could be the result of non-optimal XDC constraints or non-optimal design architecture
Related violations: <none>

TIMING-16#215 Warning
Large setup violation  
There is a large setup violation of -1.535 ns between image_rotator_design_i/axi_image_rotator_0/inst/wr_ptr_reg[3]/C (clocked by clk_fpga_0) and image_rotator_design_i/axi_image_rotator_0/inst/bram_bank2_reg_1792_1855_6_6/SP/WADR1 (clocked by clk_fpga_0). Large setup violations at the end of those stages might be difficult to fix during the post-placement implementation flow and could be the result of non-optimal XDC constraints or non-optimal design architecture
Related violations: <none>

TIMING-16#216 Warning
Large setup violation  
There is a large setup violation of -1.541 ns between image_rotator_design_i/axi_image_rotator_0/inst/wr_ptr_reg[3]/C (clocked by clk_fpga_0) and image_rotator_design_i/axi_image_rotator_0/inst/bram_bank2_reg_2944_3007_6_6/DP/WADR1 (clocked by clk_fpga_0). Large setup violations at the end of those stages might be difficult to fix during the post-placement implementation flow and could be the result of non-optimal XDC constraints or non-optimal design architecture
Related violations: <none>

TIMING-16#217 Warning
Large setup violation  
There is a large setup violation of -1.541 ns between image_rotator_design_i/axi_image_rotator_0/inst/wr_ptr_reg[3]/C (clocked by clk_fpga_0) and image_rotator_design_i/axi_image_rotator_0/inst/bram_bank2_reg_2944_3007_6_6/SP/WADR1 (clocked by clk_fpga_0). Large setup violations at the end of those stages might be difficult to fix during the post-placement implementation flow and could be the result of non-optimal XDC constraints or non-optimal design architecture
Related violations: <none>

TIMING-16#218 Warning
Large setup violation  
There is a large setup violation of -1.544 ns between image_rotator_design_i/axi_image_rotator_0/inst/wr_ptr_reg[4]/C (clocked by clk_fpga_0) and image_rotator_design_i/axi_image_rotator_0/inst/bram_bank2_reg_1152_1215_6_6/DP/WADR2 (clocked by clk_fpga_0). Large setup violations at the end of those stages might be difficult to fix during the post-placement implementation flow and could be the result of non-optimal XDC constraints or non-optimal design architecture
Related violations: <none>

TIMING-16#219 Warning
Large setup violation  
There is a large setup violation of -1.544 ns between image_rotator_design_i/axi_image_rotator_0/inst/wr_ptr_reg[4]/C (clocked by clk_fpga_0) and image_rotator_design_i/axi_image_rotator_0/inst/bram_bank2_reg_1152_1215_6_6/SP/WADR2 (clocked by clk_fpga_0). Large setup violations at the end of those stages might be difficult to fix during the post-placement implementation flow and could be the result of non-optimal XDC constraints or non-optimal design architecture
Related violations: <none>

TIMING-16#220 Warning
Large setup violation  
There is a large setup violation of -1.551 ns between image_rotator_design_i/axi_image_rotator_0/inst/wr_ptr_reg[4]/C (clocked by clk_fpga_0) and image_rotator_design_i/axi_image_rotator_0/inst/bram_bank2_reg_2560_2623_6_6/DP/WADR2 (clocked by clk_fpga_0). Large setup violations at the end of those stages might be difficult to fix during the post-placement implementation flow and could be the result of non-optimal XDC constraints or non-optimal design architecture
Related violations: <none>

TIMING-16#221 Warning
Large setup violation  
There is a large setup violation of -1.551 ns between image_rotator_design_i/axi_image_rotator_0/inst/wr_ptr_reg[4]/C (clocked by clk_fpga_0) and image_rotator_design_i/axi_image_rotator_0/inst/bram_bank2_reg_2560_2623_6_6/SP/WADR2 (clocked by clk_fpga_0). Large setup violations at the end of those stages might be difficult to fix during the post-placement implementation flow and could be the result of non-optimal XDC constraints or non-optimal design architecture
Related violations: <none>

TIMING-16#222 Warning
Large setup violation  
There is a large setup violation of -1.556 ns between image_rotator_design_i/axi_image_rotator_0/inst/wr_ptr_reg[4]/C (clocked by clk_fpga_0) and image_rotator_design_i/axi_image_rotator_0/inst/bram_bank2_reg_1216_1279_7_7/DP/WADR2 (clocked by clk_fpga_0). Large setup violations at the end of those stages might be difficult to fix during the post-placement implementation flow and could be the result of non-optimal XDC constraints or non-optimal design architecture
Related violations: <none>

TIMING-16#223 Warning
Large setup violation  
There is a large setup violation of -1.556 ns between image_rotator_design_i/axi_image_rotator_0/inst/wr_ptr_reg[4]/C (clocked by clk_fpga_0) and image_rotator_design_i/axi_image_rotator_0/inst/bram_bank2_reg_1216_1279_7_7/SP/WADR2 (clocked by clk_fpga_0). Large setup violations at the end of those stages might be difficult to fix during the post-placement implementation flow and could be the result of non-optimal XDC constraints or non-optimal design architecture
Related violations: <none>

TIMING-16#224 Warning
Large setup violation  
There is a large setup violation of -1.559 ns between image_rotator_design_i/axi_image_rotator_0/inst/wr_ptr_reg[4]/C (clocked by clk_fpga_0) and image_rotator_design_i/axi_image_rotator_0/inst/bram_bank2_reg_2432_2495_6_6/DP/WADR2 (clocked by clk_fpga_0). Large setup violations at the end of those stages might be difficult to fix during the post-placement implementation flow and could be the result of non-optimal XDC constraints or non-optimal design architecture
Related violations: <none>

TIMING-16#225 Warning
Large setup violation  
There is a large setup violation of -1.559 ns between image_rotator_design_i/axi_image_rotator_0/inst/wr_ptr_reg[4]/C (clocked by clk_fpga_0) and image_rotator_design_i/axi_image_rotator_0/inst/bram_bank2_reg_2432_2495_6_6/SP/WADR2 (clocked by clk_fpga_0). Large setup violations at the end of those stages might be difficult to fix during the post-placement implementation flow and could be the result of non-optimal XDC constraints or non-optimal design architecture
Related violations: <none>

TIMING-16#226 Warning
Large setup violation  
There is a large setup violation of -1.562 ns between image_rotator_design_i/axi_dma_0/U0/I_PRMRY_DATAMOVER/GEN_MM2S_FULL.I_MM2S_FULL_WRAPPER/ENABLE_AXIS_SKID.I_MM2S_SKID_BUF/sig_data_reg_out_reg[6]/C (clocked by clk_fpga_0) and image_rotator_design_i/axi_image_rotator_0/inst/bram_bank1_reg_768_831_6_6/DP/I (clocked by clk_fpga_0). Large setup violations at the end of those stages might be difficult to fix during the post-placement implementation flow and could be the result of non-optimal XDC constraints or non-optimal design architecture
Related violations: <none>

TIMING-16#227 Warning
Large setup violation  
There is a large setup violation of -1.563 ns between image_rotator_design_i/axi_image_rotator_0/inst/wr_ptr_reg[4]/C (clocked by clk_fpga_0) and image_rotator_design_i/axi_image_rotator_0/inst/bram_bank2_reg_2368_2431_6_6/DP/WADR2 (clocked by clk_fpga_0). Large setup violations at the end of those stages might be difficult to fix during the post-placement implementation flow and could be the result of non-optimal XDC constraints or non-optimal design architecture
Related violations: <none>

TIMING-16#228 Warning
Large setup violation  
There is a large setup violation of -1.563 ns between image_rotator_design_i/axi_image_rotator_0/inst/wr_ptr_reg[4]/C (clocked by clk_fpga_0) and image_rotator_design_i/axi_image_rotator_0/inst/bram_bank2_reg_2368_2431_6_6/SP/WADR2 (clocked by clk_fpga_0). Large setup violations at the end of those stages might be difficult to fix during the post-placement implementation flow and could be the result of non-optimal XDC constraints or non-optimal design architecture
Related violations: <none>

TIMING-16#229 Warning
Large setup violation  
There is a large setup violation of -1.565 ns between image_rotator_design_i/axi_dma_0/U0/I_PRMRY_DATAMOVER/GEN_MM2S_FULL.I_MM2S_FULL_WRAPPER/ENABLE_AXIS_SKID.I_MM2S_SKID_BUF/sig_data_reg_out_reg[6]/C (clocked by clk_fpga_0) and image_rotator_design_i/axi_image_rotator_0/inst/bram_bank0_reg_2432_2495_6_6/DP/I (clocked by clk_fpga_0). Large setup violations at the end of those stages might be difficult to fix during the post-placement implementation flow and could be the result of non-optimal XDC constraints or non-optimal design architecture
Related violations: <none>

TIMING-16#230 Warning
Large setup violation  
There is a large setup violation of -1.569 ns between image_rotator_design_i/axi_dma_0/U0/I_PRMRY_DATAMOVER/GEN_MM2S_FULL.I_MM2S_FULL_WRAPPER/ENABLE_AXIS_SKID.I_MM2S_SKID_BUF/sig_data_reg_out_reg[6]/C (clocked by clk_fpga_0) and image_rotator_design_i/axi_image_rotator_0/inst/bram_bank1_reg_0_63_6_6/DP/I (clocked by clk_fpga_0). Large setup violations at the end of those stages might be difficult to fix during the post-placement implementation flow and could be the result of non-optimal XDC constraints or non-optimal design architecture
Related violations: <none>

TIMING-16#231 Warning
Large setup violation  
There is a large setup violation of -1.576 ns between image_rotator_design_i/axi_dma_0/U0/I_PRMRY_DATAMOVER/GEN_MM2S_FULL.I_MM2S_FULL_WRAPPER/ENABLE_AXIS_SKID.I_MM2S_SKID_BUF/sig_data_reg_out_reg[6]/C (clocked by clk_fpga_0) and image_rotator_design_i/axi_image_rotator_0/inst/bram_bank0_reg_2176_2239_6_6/DP/I (clocked by clk_fpga_0). Large setup violations at the end of those stages might be difficult to fix during the post-placement implementation flow and could be the result of non-optimal XDC constraints or non-optimal design architecture
Related violations: <none>

TIMING-16#232 Warning
Large setup violation  
There is a large setup violation of -1.576 ns between image_rotator_design_i/axi_dma_0/U0/I_PRMRY_DATAMOVER/GEN_MM2S_FULL.I_MM2S_FULL_WRAPPER/ENABLE_AXIS_SKID.I_MM2S_SKID_BUF/sig_data_reg_out_reg[6]/C (clocked by clk_fpga_0) and image_rotator_design_i/axi_image_rotator_0/inst/bram_bank0_reg_3136_3199_6_6/DP/I (clocked by clk_fpga_0). Large setup violations at the end of those stages might be difficult to fix during the post-placement implementation flow and could be the result of non-optimal XDC constraints or non-optimal design architecture
Related violations: <none>

TIMING-16#233 Warning
Large setup violation  
There is a large setup violation of -1.589 ns between image_rotator_design_i/axi_image_rotator_0/inst/wr_ptr_reg[4]/C (clocked by clk_fpga_0) and image_rotator_design_i/axi_image_rotator_0/inst/bram_bank2_reg_1664_1727_7_7/DP/WADR2 (clocked by clk_fpga_0). Large setup violations at the end of those stages might be difficult to fix during the post-placement implementation flow and could be the result of non-optimal XDC constraints or non-optimal design architecture
Related violations: <none>

TIMING-16#234 Warning
Large setup violation  
There is a large setup violation of -1.589 ns between image_rotator_design_i/axi_image_rotator_0/inst/wr_ptr_reg[4]/C (clocked by clk_fpga_0) and image_rotator_design_i/axi_image_rotator_0/inst/bram_bank2_reg_1664_1727_7_7/SP/WADR2 (clocked by clk_fpga_0). Large setup violations at the end of those stages might be difficult to fix during the post-placement implementation flow and could be the result of non-optimal XDC constraints or non-optimal design architecture
Related violations: <none>

TIMING-16#235 Warning
Large setup violation  
There is a large setup violation of -1.594 ns between image_rotator_design_i/axi_dma_0/U0/I_PRMRY_DATAMOVER/GEN_MM2S_FULL.I_MM2S_FULL_WRAPPER/ENABLE_AXIS_SKID.I_MM2S_SKID_BUF/sig_data_reg_out_reg[6]/C (clocked by clk_fpga_0) and image_rotator_design_i/axi_image_rotator_0/inst/bram_bank0_reg_3712_3775_6_6/DP/I (clocked by clk_fpga_0). Large setup violations at the end of those stages might be difficult to fix during the post-placement implementation flow and could be the result of non-optimal XDC constraints or non-optimal design architecture
Related violations: <none>

TIMING-16#236 Warning
Large setup violation  
There is a large setup violation of -1.596 ns between image_rotator_design_i/axi_dma_0/U0/I_PRMRY_DATAMOVER/GEN_MM2S_FULL.I_MM2S_FULL_WRAPPER/ENABLE_AXIS_SKID.I_MM2S_SKID_BUF/sig_data_reg_out_reg[6]/C (clocked by clk_fpga_0) and image_rotator_design_i/axi_image_rotator_0/inst/bram_bank1_reg_512_575_6_6/SP/I (clocked by clk_fpga_0). Large setup violations at the end of those stages might be difficult to fix during the post-placement implementation flow and could be the result of non-optimal XDC constraints or non-optimal design architecture
Related violations: <none>

TIMING-16#237 Warning
Large setup violation  
There is a large setup violation of -1.596 ns between image_rotator_design_i/axi_image_rotator_0/inst/wr_ptr_reg[4]/C (clocked by clk_fpga_0) and image_rotator_design_i/axi_image_rotator_0/inst/bram_bank2_reg_3840_3903_3_5/RAMA/WADR2 (clocked by clk_fpga_0). Large setup violations at the end of those stages might be difficult to fix during the post-placement implementation flow and could be the result of non-optimal XDC constraints or non-optimal design architecture
Related violations: <none>

TIMING-16#238 Warning
Large setup violation  
There is a large setup violation of -1.596 ns between image_rotator_design_i/axi_image_rotator_0/inst/wr_ptr_reg[4]/C (clocked by clk_fpga_0) and image_rotator_design_i/axi_image_rotator_0/inst/bram_bank2_reg_3840_3903_3_5/RAMB/WADR2 (clocked by clk_fpga_0). Large setup violations at the end of those stages might be difficult to fix during the post-placement implementation flow and could be the result of non-optimal XDC constraints or non-optimal design architecture
Related violations: <none>

TIMING-16#239 Warning
Large setup violation  
There is a large setup violation of -1.596 ns between image_rotator_design_i/axi_image_rotator_0/inst/wr_ptr_reg[4]/C (clocked by clk_fpga_0) and image_rotator_design_i/axi_image_rotator_0/inst/bram_bank2_reg_3840_3903_3_5/RAMC/WADR2 (clocked by clk_fpga_0). Large setup violations at the end of those stages might be difficult to fix during the post-placement implementation flow and could be the result of non-optimal XDC constraints or non-optimal design architecture
Related violations: <none>

TIMING-16#240 Warning
Large setup violation  
There is a large setup violation of -1.596 ns between image_rotator_design_i/axi_image_rotator_0/inst/wr_ptr_reg[4]/C (clocked by clk_fpga_0) and image_rotator_design_i/axi_image_rotator_0/inst/bram_bank2_reg_3840_3903_3_5/RAMD/WADR2 (clocked by clk_fpga_0). Large setup violations at the end of those stages might be difficult to fix during the post-placement implementation flow and could be the result of non-optimal XDC constraints or non-optimal design architecture
Related violations: <none>

TIMING-16#241 Warning
Large setup violation  
There is a large setup violation of -1.604 ns between image_rotator_design_i/axi_image_rotator_0/inst/wr_ptr_reg[4]/C (clocked by clk_fpga_0) and image_rotator_design_i/axi_image_rotator_0/inst/bram_bank2_reg_1024_1087_6_6/DP/WADR2 (clocked by clk_fpga_0). Large setup violations at the end of those stages might be difficult to fix during the post-placement implementation flow and could be the result of non-optimal XDC constraints or non-optimal design architecture
Related violations: <none>

TIMING-16#242 Warning
Large setup violation  
There is a large setup violation of -1.604 ns between image_rotator_design_i/axi_image_rotator_0/inst/wr_ptr_reg[4]/C (clocked by clk_fpga_0) and image_rotator_design_i/axi_image_rotator_0/inst/bram_bank2_reg_1024_1087_6_6/SP/WADR2 (clocked by clk_fpga_0). Large setup violations at the end of those stages might be difficult to fix during the post-placement implementation flow and could be the result of non-optimal XDC constraints or non-optimal design architecture
Related violations: <none>

TIMING-16#243 Warning
Large setup violation  
There is a large setup violation of -1.617 ns between image_rotator_design_i/axi_dma_0/U0/I_PRMRY_DATAMOVER/GEN_MM2S_FULL.I_MM2S_FULL_WRAPPER/ENABLE_AXIS_SKID.I_MM2S_SKID_BUF/sig_data_reg_out_reg[6]/C (clocked by clk_fpga_0) and image_rotator_design_i/axi_image_rotator_0/inst/bram_bank1_reg_704_767_6_6/SP/I (clocked by clk_fpga_0). Large setup violations at the end of those stages might be difficult to fix during the post-placement implementation flow and could be the result of non-optimal XDC constraints or non-optimal design architecture
Related violations: <none>

TIMING-16#244 Warning
Large setup violation  
There is a large setup violation of -1.617 ns between image_rotator_design_i/axi_image_rotator_0/inst/wr_ptr_reg[4]/C (clocked by clk_fpga_0) and image_rotator_design_i/axi_image_rotator_0/inst/bram_bank2_reg_2368_2431_3_5/RAMA/WADR2 (clocked by clk_fpga_0). Large setup violations at the end of those stages might be difficult to fix during the post-placement implementation flow and could be the result of non-optimal XDC constraints or non-optimal design architecture
Related violations: <none>

TIMING-16#245 Warning
Large setup violation  
There is a large setup violation of -1.617 ns between image_rotator_design_i/axi_image_rotator_0/inst/wr_ptr_reg[4]/C (clocked by clk_fpga_0) and image_rotator_design_i/axi_image_rotator_0/inst/bram_bank2_reg_2368_2431_3_5/RAMB/WADR2 (clocked by clk_fpga_0). Large setup violations at the end of those stages might be difficult to fix during the post-placement implementation flow and could be the result of non-optimal XDC constraints or non-optimal design architecture
Related violations: <none>

TIMING-16#246 Warning
Large setup violation  
There is a large setup violation of -1.617 ns between image_rotator_design_i/axi_image_rotator_0/inst/wr_ptr_reg[4]/C (clocked by clk_fpga_0) and image_rotator_design_i/axi_image_rotator_0/inst/bram_bank2_reg_2368_2431_3_5/RAMC/WADR2 (clocked by clk_fpga_0). Large setup violations at the end of those stages might be difficult to fix during the post-placement implementation flow and could be the result of non-optimal XDC constraints or non-optimal design architecture
Related violations: <none>

TIMING-16#247 Warning
Large setup violation  
There is a large setup violation of -1.617 ns between image_rotator_design_i/axi_image_rotator_0/inst/wr_ptr_reg[4]/C (clocked by clk_fpga_0) and image_rotator_design_i/axi_image_rotator_0/inst/bram_bank2_reg_2368_2431_3_5/RAMD/WADR2 (clocked by clk_fpga_0). Large setup violations at the end of those stages might be difficult to fix during the post-placement implementation flow and could be the result of non-optimal XDC constraints or non-optimal design architecture
Related violations: <none>

TIMING-16#248 Warning
Large setup violation  
There is a large setup violation of -1.619 ns between image_rotator_design_i/axi_image_rotator_0/inst/wr_ptr_reg[4]/C (clocked by clk_fpga_0) and image_rotator_design_i/axi_image_rotator_0/inst/bram_bank2_reg_1344_1407_7_7/DP/WADR2 (clocked by clk_fpga_0). Large setup violations at the end of those stages might be difficult to fix during the post-placement implementation flow and could be the result of non-optimal XDC constraints or non-optimal design architecture
Related violations: <none>

TIMING-16#249 Warning
Large setup violation  
There is a large setup violation of -1.619 ns between image_rotator_design_i/axi_image_rotator_0/inst/wr_ptr_reg[4]/C (clocked by clk_fpga_0) and image_rotator_design_i/axi_image_rotator_0/inst/bram_bank2_reg_1344_1407_7_7/SP/WADR2 (clocked by clk_fpga_0). Large setup violations at the end of those stages might be difficult to fix during the post-placement implementation flow and could be the result of non-optimal XDC constraints or non-optimal design architecture
Related violations: <none>

TIMING-16#250 Warning
Large setup violation  
There is a large setup violation of -1.621 ns between image_rotator_design_i/axi_dma_0/U0/I_PRMRY_DATAMOVER/GEN_MM2S_FULL.I_MM2S_FULL_WRAPPER/ENABLE_AXIS_SKID.I_MM2S_SKID_BUF/sig_data_reg_out_reg[6]/C (clocked by clk_fpga_0) and image_rotator_design_i/axi_image_rotator_0/inst/bram_bank0_reg_64_127_6_6/SP/I (clocked by clk_fpga_0). Large setup violations at the end of those stages might be difficult to fix during the post-placement implementation flow and could be the result of non-optimal XDC constraints or non-optimal design architecture
Related violations: <none>

TIMING-16#251 Warning
Large setup violation  
There is a large setup violation of -1.648 ns between image_rotator_design_i/axi_dma_0/U0/I_PRMRY_DATAMOVER/GEN_S2MM_FULL.I_S2MM_FULL_WRAPPER/GEN_ENABLE_INDET_BTT_SF.I_INDET_BTT/I_DATA_FIFO/BLK_MEM.I_SYNC_FIFOGEN_FIFO/xpm_fifo_instance.xpm_fifo_sync_inst/xpm_fifo_base_inst/gen_pntr_flags_cc.gen_full_rst_val.ram_full_i_reg/C (clocked by clk_fpga_0) and image_rotator_design_i/axi_dma_0/U0/I_PRMRY_DATAMOVER/GEN_S2MM_FULL.I_S2MM_FULL_WRAPPER/GEN_ENABLE_INDET_BTT_SF.I_INDET_BTT/INCLUDE_PACKING.DO_REG_SLICES[3].lsig_data_slice_reg_reg[3][1]/CE (clocked by clk_fpga_0). Large setup violations at the end of those stages might be difficult to fix during the post-placement implementation flow and could be the result of non-optimal XDC constraints or non-optimal design architecture
Related violations: <none>

TIMING-16#252 Warning
Large setup violation  
There is a large setup violation of -1.648 ns between image_rotator_design_i/axi_dma_0/U0/I_PRMRY_DATAMOVER/GEN_S2MM_FULL.I_S2MM_FULL_WRAPPER/GEN_ENABLE_INDET_BTT_SF.I_INDET_BTT/I_DATA_FIFO/BLK_MEM.I_SYNC_FIFOGEN_FIFO/xpm_fifo_instance.xpm_fifo_sync_inst/xpm_fifo_base_inst/gen_pntr_flags_cc.gen_full_rst_val.ram_full_i_reg/C (clocked by clk_fpga_0) and image_rotator_design_i/axi_dma_0/U0/I_PRMRY_DATAMOVER/GEN_S2MM_FULL.I_S2MM_FULL_WRAPPER/GEN_ENABLE_INDET_BTT_SF.I_INDET_BTT/INCLUDE_PACKING.DO_REG_SLICES[3].lsig_data_slice_reg_reg[3][3]/CE (clocked by clk_fpga_0). Large setup violations at the end of those stages might be difficult to fix during the post-placement implementation flow and could be the result of non-optimal XDC constraints or non-optimal design architecture
Related violations: <none>

TIMING-16#253 Warning
Large setup violation  
There is a large setup violation of -1.648 ns between image_rotator_design_i/axi_dma_0/U0/I_PRMRY_DATAMOVER/GEN_S2MM_FULL.I_S2MM_FULL_WRAPPER/GEN_ENABLE_INDET_BTT_SF.I_INDET_BTT/I_DATA_FIFO/BLK_MEM.I_SYNC_FIFOGEN_FIFO/xpm_fifo_instance.xpm_fifo_sync_inst/xpm_fifo_base_inst/gen_pntr_flags_cc.gen_full_rst_val.ram_full_i_reg/C (clocked by clk_fpga_0) and image_rotator_design_i/axi_dma_0/U0/I_PRMRY_DATAMOVER/GEN_S2MM_FULL.I_S2MM_FULL_WRAPPER/GEN_ENABLE_INDET_BTT_SF.I_INDET_BTT/INCLUDE_PACKING.DO_REG_SLICES[3].lsig_data_slice_reg_reg[3][5]/CE (clocked by clk_fpga_0). Large setup violations at the end of those stages might be difficult to fix during the post-placement implementation flow and could be the result of non-optimal XDC constraints or non-optimal design architecture
Related violations: <none>

TIMING-16#254 Warning
Large setup violation  
There is a large setup violation of -1.648 ns between image_rotator_design_i/axi_dma_0/U0/I_PRMRY_DATAMOVER/GEN_S2MM_FULL.I_S2MM_FULL_WRAPPER/GEN_ENABLE_INDET_BTT_SF.I_INDET_BTT/I_DATA_FIFO/BLK_MEM.I_SYNC_FIFOGEN_FIFO/xpm_fifo_instance.xpm_fifo_sync_inst/xpm_fifo_base_inst/gen_pntr_flags_cc.gen_full_rst_val.ram_full_i_reg/C (clocked by clk_fpga_0) and image_rotator_design_i/axi_dma_0/U0/I_PRMRY_DATAMOVER/GEN_S2MM_FULL.I_S2MM_FULL_WRAPPER/GEN_ENABLE_INDET_BTT_SF.I_INDET_BTT/INCLUDE_PACKING.DO_REG_SLICES[3].lsig_data_slice_reg_reg[3][7]/CE (clocked by clk_fpga_0). Large setup violations at the end of those stages might be difficult to fix during the post-placement implementation flow and could be the result of non-optimal XDC constraints or non-optimal design architecture
Related violations: <none>

TIMING-16#255 Warning
Large setup violation  
There is a large setup violation of -1.648 ns between image_rotator_design_i/axi_dma_0/U0/I_PRMRY_DATAMOVER/GEN_S2MM_FULL.I_S2MM_FULL_WRAPPER/GEN_ENABLE_INDET_BTT_SF.I_INDET_BTT/I_DATA_FIFO/BLK_MEM.I_SYNC_FIFOGEN_FIFO/xpm_fifo_instance.xpm_fifo_sync_inst/xpm_fifo_base_inst/gen_pntr_flags_cc.gen_full_rst_val.ram_full_i_reg/C (clocked by clk_fpga_0) and image_rotator_design_i/axi_dma_0/U0/I_PRMRY_DATAMOVER/GEN_S2MM_FULL.I_S2MM_FULL_WRAPPER/GEN_ENABLE_INDET_BTT_SF.I_INDET_BTT/INCLUDE_PACKING.DO_REG_SLICES[3].lsig_strb_slice_reg_reg[3][0]/CE (clocked by clk_fpga_0). Large setup violations at the end of those stages might be difficult to fix during the post-placement implementation flow and could be the result of non-optimal XDC constraints or non-optimal design architecture
Related violations: <none>

TIMING-16#256 Warning
Large setup violation  
There is a large setup violation of -1.652 ns between image_rotator_design_i/axi_dma_0/U0/I_PRMRY_DATAMOVER/GEN_MM2S_FULL.I_MM2S_FULL_WRAPPER/ENABLE_AXIS_SKID.I_MM2S_SKID_BUF/sig_data_reg_out_reg[6]/C (clocked by clk_fpga_0) and image_rotator_design_i/axi_image_rotator_0/inst/bram_bank1_reg_64_127_6_6/SP/I (clocked by clk_fpga_0). Large setup violations at the end of those stages might be difficult to fix during the post-placement implementation flow and could be the result of non-optimal XDC constraints or non-optimal design architecture
Related violations: <none>

TIMING-16#257 Warning
Large setup violation  
There is a large setup violation of -1.667 ns between image_rotator_design_i/axi_image_rotator_0/inst/state_reg[0]/C (clocked by clk_fpga_0) and image_rotator_design_i/axi_image_rotator_0/inst/bram_bank0_reg_3776_3839_7_7/DP/WE (clocked by clk_fpga_0). Large setup violations at the end of those stages might be difficult to fix during the post-placement implementation flow and could be the result of non-optimal XDC constraints or non-optimal design architecture
Related violations: <none>

TIMING-16#258 Warning
Large setup violation  
There is a large setup violation of -1.667 ns between image_rotator_design_i/axi_image_rotator_0/inst/state_reg[0]/C (clocked by clk_fpga_0) and image_rotator_design_i/axi_image_rotator_0/inst/bram_bank0_reg_3776_3839_7_7/SP/WE (clocked by clk_fpga_0). Large setup violations at the end of those stages might be difficult to fix during the post-placement implementation flow and could be the result of non-optimal XDC constraints or non-optimal design architecture
Related violations: <none>

TIMING-16#259 Warning
Large setup violation  
There is a large setup violation of -1.674 ns between image_rotator_design_i/axi_image_rotator_0/inst/wr_ptr_reg[4]/C (clocked by clk_fpga_0) and image_rotator_design_i/axi_image_rotator_0/inst/bram_bank2_reg_2112_2175_7_7/DP/WADR2 (clocked by clk_fpga_0). Large setup violations at the end of those stages might be difficult to fix during the post-placement implementation flow and could be the result of non-optimal XDC constraints or non-optimal design architecture
Related violations: <none>

TIMING-16#260 Warning
Large setup violation  
There is a large setup violation of -1.674 ns between image_rotator_design_i/axi_image_rotator_0/inst/wr_ptr_reg[4]/C (clocked by clk_fpga_0) and image_rotator_design_i/axi_image_rotator_0/inst/bram_bank2_reg_2112_2175_7_7/SP/WADR2 (clocked by clk_fpga_0). Large setup violations at the end of those stages might be difficult to fix during the post-placement implementation flow and could be the result of non-optimal XDC constraints or non-optimal design architecture
Related violations: <none>

TIMING-16#261 Warning
Large setup violation  
There is a large setup violation of -1.674 ns between image_rotator_design_i/axi_image_rotator_0/inst/wr_ptr_reg[9]/C (clocked by clk_fpga_0) and image_rotator_design_i/axi_image_rotator_0/inst/bram_bank1_reg_2752_2815_3_5/RAMA/WE (clocked by clk_fpga_0). Large setup violations at the end of those stages might be difficult to fix during the post-placement implementation flow and could be the result of non-optimal XDC constraints or non-optimal design architecture
Related violations: <none>

TIMING-16#262 Warning
Large setup violation  
There is a large setup violation of -1.674 ns between image_rotator_design_i/axi_image_rotator_0/inst/wr_ptr_reg[9]/C (clocked by clk_fpga_0) and image_rotator_design_i/axi_image_rotator_0/inst/bram_bank1_reg_2752_2815_3_5/RAMB/WE (clocked by clk_fpga_0). Large setup violations at the end of those stages might be difficult to fix during the post-placement implementation flow and could be the result of non-optimal XDC constraints or non-optimal design architecture
Related violations: <none>

TIMING-16#263 Warning
Large setup violation  
There is a large setup violation of -1.674 ns between image_rotator_design_i/axi_image_rotator_0/inst/wr_ptr_reg[9]/C (clocked by clk_fpga_0) and image_rotator_design_i/axi_image_rotator_0/inst/bram_bank1_reg_2752_2815_3_5/RAMC/WE (clocked by clk_fpga_0). Large setup violations at the end of those stages might be difficult to fix during the post-placement implementation flow and could be the result of non-optimal XDC constraints or non-optimal design architecture
Related violations: <none>

TIMING-16#264 Warning
Large setup violation  
There is a large setup violation of -1.674 ns between image_rotator_design_i/axi_image_rotator_0/inst/wr_ptr_reg[9]/C (clocked by clk_fpga_0) and image_rotator_design_i/axi_image_rotator_0/inst/bram_bank1_reg_2752_2815_3_5/RAMD/WE (clocked by clk_fpga_0). Large setup violations at the end of those stages might be difficult to fix during the post-placement implementation flow and could be the result of non-optimal XDC constraints or non-optimal design architecture
Related violations: <none>

TIMING-16#265 Warning
Large setup violation  
There is a large setup violation of -1.681 ns between image_rotator_design_i/axi_image_rotator_0/inst/wr_ptr_reg[3]/C (clocked by clk_fpga_0) and image_rotator_design_i/axi_image_rotator_0/inst/bram_bank2_reg_896_959_0_2/RAMA/WADR1 (clocked by clk_fpga_0). Large setup violations at the end of those stages might be difficult to fix during the post-placement implementation flow and could be the result of non-optimal XDC constraints or non-optimal design architecture
Related violations: <none>

TIMING-16#266 Warning
Large setup violation  
There is a large setup violation of -1.681 ns between image_rotator_design_i/axi_image_rotator_0/inst/wr_ptr_reg[3]/C (clocked by clk_fpga_0) and image_rotator_design_i/axi_image_rotator_0/inst/bram_bank2_reg_896_959_0_2/RAMB/WADR1 (clocked by clk_fpga_0). Large setup violations at the end of those stages might be difficult to fix during the post-placement implementation flow and could be the result of non-optimal XDC constraints or non-optimal design architecture
Related violations: <none>

TIMING-16#267 Warning
Large setup violation  
There is a large setup violation of -1.681 ns between image_rotator_design_i/axi_image_rotator_0/inst/wr_ptr_reg[3]/C (clocked by clk_fpga_0) and image_rotator_design_i/axi_image_rotator_0/inst/bram_bank2_reg_896_959_0_2/RAMC/WADR1 (clocked by clk_fpga_0). Large setup violations at the end of those stages might be difficult to fix during the post-placement implementation flow and could be the result of non-optimal XDC constraints or non-optimal design architecture
Related violations: <none>

TIMING-16#268 Warning
Large setup violation  
There is a large setup violation of -1.681 ns between image_rotator_design_i/axi_image_rotator_0/inst/wr_ptr_reg[3]/C (clocked by clk_fpga_0) and image_rotator_design_i/axi_image_rotator_0/inst/bram_bank2_reg_896_959_0_2/RAMD/WADR1 (clocked by clk_fpga_0). Large setup violations at the end of those stages might be difficult to fix during the post-placement implementation flow and could be the result of non-optimal XDC constraints or non-optimal design architecture
Related violations: <none>

TIMING-16#269 Warning
Large setup violation  
There is a large setup violation of -1.684 ns between image_rotator_design_i/axi_image_rotator_0/inst/wr_ptr_reg[3]/C (clocked by clk_fpga_0) and image_rotator_design_i/axi_image_rotator_0/inst/bram_bank1_reg_3904_3967_7_7/DP/WADR1 (clocked by clk_fpga_0). Large setup violations at the end of those stages might be difficult to fix during the post-placement implementation flow and could be the result of non-optimal XDC constraints or non-optimal design architecture
Related violations: <none>

TIMING-16#270 Warning
Large setup violation  
There is a large setup violation of -1.684 ns between image_rotator_design_i/axi_image_rotator_0/inst/wr_ptr_reg[3]/C (clocked by clk_fpga_0) and image_rotator_design_i/axi_image_rotator_0/inst/bram_bank1_reg_3904_3967_7_7/SP/WADR1 (clocked by clk_fpga_0). Large setup violations at the end of those stages might be difficult to fix during the post-placement implementation flow and could be the result of non-optimal XDC constraints or non-optimal design architecture
Related violations: <none>

TIMING-16#271 Warning
Large setup violation  
There is a large setup violation of -1.687 ns between image_rotator_design_i/axi_dma_0/U0/I_PRMRY_DATAMOVER/GEN_MM2S_FULL.I_MM2S_FULL_WRAPPER/ENABLE_AXIS_SKID.I_MM2S_SKID_BUF/sig_data_reg_out_reg[7]/C (clocked by clk_fpga_0) and image_rotator_design_i/axi_image_rotator_0/inst/bram_bank0_reg_256_319_7_7/DP/I (clocked by clk_fpga_0). Large setup violations at the end of those stages might be difficult to fix during the post-placement implementation flow and could be the result of non-optimal XDC constraints or non-optimal design architecture
Related violations: <none>

TIMING-16#272 Warning
Large setup violation  
There is a large setup violation of -1.689 ns between image_rotator_design_i/axi_image_rotator_0/inst/wr_ptr_reg[4]/C (clocked by clk_fpga_0) and image_rotator_design_i/axi_image_rotator_0/inst/bram_bank2_reg_2176_2239_7_7/DP/WADR2 (clocked by clk_fpga_0). Large setup violations at the end of those stages might be difficult to fix during the post-placement implementation flow and could be the result of non-optimal XDC constraints or non-optimal design architecture
Related violations: <none>

TIMING-16#273 Warning
Large setup violation  
There is a large setup violation of -1.689 ns between image_rotator_design_i/axi_image_rotator_0/inst/wr_ptr_reg[4]/C (clocked by clk_fpga_0) and image_rotator_design_i/axi_image_rotator_0/inst/bram_bank2_reg_2176_2239_7_7/SP/WADR2 (clocked by clk_fpga_0). Large setup violations at the end of those stages might be difficult to fix during the post-placement implementation flow and could be the result of non-optimal XDC constraints or non-optimal design architecture
Related violations: <none>

TIMING-16#274 Warning
Large setup violation  
There is a large setup violation of -1.690 ns between image_rotator_design_i/axi_image_rotator_0/inst/wr_ptr_reg[3]/C (clocked by clk_fpga_0) and image_rotator_design_i/axi_image_rotator_0/inst/bram_bank2_reg_3072_3135_6_6/DP/WADR1 (clocked by clk_fpga_0). Large setup violations at the end of those stages might be difficult to fix during the post-placement implementation flow and could be the result of non-optimal XDC constraints or non-optimal design architecture
Related violations: <none>

TIMING-16#275 Warning
Large setup violation  
There is a large setup violation of -1.690 ns between image_rotator_design_i/axi_image_rotator_0/inst/wr_ptr_reg[3]/C (clocked by clk_fpga_0) and image_rotator_design_i/axi_image_rotator_0/inst/bram_bank2_reg_3072_3135_6_6/SP/WADR1 (clocked by clk_fpga_0). Large setup violations at the end of those stages might be difficult to fix during the post-placement implementation flow and could be the result of non-optimal XDC constraints or non-optimal design architecture
Related violations: <none>

TIMING-16#276 Warning
Large setup violation  
There is a large setup violation of -1.708 ns between image_rotator_design_i/axi_dma_0/U0/I_PRMRY_DATAMOVER/GEN_MM2S_FULL.I_MM2S_FULL_WRAPPER/ENABLE_AXIS_SKID.I_MM2S_SKID_BUF/sig_data_reg_out_reg[7]/C (clocked by clk_fpga_0) and image_rotator_design_i/axi_image_rotator_0/inst/bram_bank1_reg_1600_1663_7_7/DP/I (clocked by clk_fpga_0). Large setup violations at the end of those stages might be difficult to fix during the post-placement implementation flow and could be the result of non-optimal XDC constraints or non-optimal design architecture
Related violations: <none>

TIMING-16#277 Warning
Large setup violation  
There is a large setup violation of -1.711 ns between image_rotator_design_i/axi_image_rotator_0/inst/wr_ptr_reg[4]/C (clocked by clk_fpga_0) and image_rotator_design_i/axi_image_rotator_0/inst/bram_bank2_reg_2304_2367_7_7/DP/WADR2 (clocked by clk_fpga_0). Large setup violations at the end of those stages might be difficult to fix during the post-placement implementation flow and could be the result of non-optimal XDC constraints or non-optimal design architecture
Related violations: <none>

TIMING-16#278 Warning
Large setup violation  
There is a large setup violation of -1.711 ns between image_rotator_design_i/axi_image_rotator_0/inst/wr_ptr_reg[4]/C (clocked by clk_fpga_0) and image_rotator_design_i/axi_image_rotator_0/inst/bram_bank2_reg_2304_2367_7_7/SP/WADR2 (clocked by clk_fpga_0). Large setup violations at the end of those stages might be difficult to fix during the post-placement implementation flow and could be the result of non-optimal XDC constraints or non-optimal design architecture
Related violations: <none>

TIMING-16#279 Warning
Large setup violation  
There is a large setup violation of -1.730 ns between image_rotator_design_i/axi_image_rotator_0/inst/wr_ptr_reg[4]/C (clocked by clk_fpga_0) and image_rotator_design_i/axi_image_rotator_0/inst/bram_bank2_reg_1152_1215_7_7/DP/WADR2 (clocked by clk_fpga_0). Large setup violations at the end of those stages might be difficult to fix during the post-placement implementation flow and could be the result of non-optimal XDC constraints or non-optimal design architecture
Related violations: <none>

TIMING-16#280 Warning
Large setup violation  
There is a large setup violation of -1.730 ns between image_rotator_design_i/axi_image_rotator_0/inst/wr_ptr_reg[4]/C (clocked by clk_fpga_0) and image_rotator_design_i/axi_image_rotator_0/inst/bram_bank2_reg_1152_1215_7_7/SP/WADR2 (clocked by clk_fpga_0). Large setup violations at the end of those stages might be difficult to fix during the post-placement implementation flow and could be the result of non-optimal XDC constraints or non-optimal design architecture
Related violations: <none>

TIMING-16#281 Warning
Large setup violation  
There is a large setup violation of -1.731 ns between image_rotator_design_i/axi_dma_0/U0/I_PRMRY_DATAMOVER/GEN_MM2S_FULL.I_MM2S_FULL_WRAPPER/ENABLE_AXIS_SKID.I_MM2S_SKID_BUF/sig_data_reg_out_reg[6]/C (clocked by clk_fpga_0) and image_rotator_design_i/axi_image_rotator_0/inst/bram_bank1_reg_192_255_6_6/DP/I (clocked by clk_fpga_0). Large setup violations at the end of those stages might be difficult to fix during the post-placement implementation flow and could be the result of non-optimal XDC constraints or non-optimal design architecture
Related violations: <none>

TIMING-16#282 Warning
Large setup violation  
There is a large setup violation of -1.741 ns between image_rotator_design_i/axi_dma_0/U0/I_PRMRY_DATAMOVER/GEN_MM2S_FULL.I_MM2S_FULL_WRAPPER/ENABLE_AXIS_SKID.I_MM2S_SKID_BUF/sig_data_reg_out_reg[6]/C (clocked by clk_fpga_0) and image_rotator_design_i/axi_image_rotator_0/inst/bram_bank0_reg_256_319_6_6/SP/I (clocked by clk_fpga_0). Large setup violations at the end of those stages might be difficult to fix during the post-placement implementation flow and could be the result of non-optimal XDC constraints or non-optimal design architecture
Related violations: <none>

TIMING-16#283 Warning
Large setup violation  
There is a large setup violation of -1.747 ns between image_rotator_design_i/axi_dma_0/U0/I_PRMRY_DATAMOVER/GEN_S2MM_FULL.I_S2MM_FULL_WRAPPER/GEN_ENABLE_INDET_BTT_SF.I_INDET_BTT/I_DATA_FIFO/BLK_MEM.I_SYNC_FIFOGEN_FIFO/xpm_fifo_instance.xpm_fifo_sync_inst/xpm_fifo_base_inst/gen_pntr_flags_cc.gen_full_rst_val.ram_full_i_reg/C (clocked by clk_fpga_0) and image_rotator_design_i/axi_dma_0/U0/I_PRMRY_DATAMOVER/GEN_S2MM_FULL.I_S2MM_FULL_WRAPPER/GEN_ENABLE_INDET_BTT_SF.I_INDET_BTT/INCLUDE_PACKING.DO_REG_SLICES[3].lsig_data_slice_reg_reg[3][4]/D (clocked by clk_fpga_0). Large setup violations at the end of those stages might be difficult to fix during the post-placement implementation flow and could be the result of non-optimal XDC constraints or non-optimal design architecture
Related violations: <none>

TIMING-16#284 Warning
Large setup violation  
There is a large setup violation of -1.753 ns between image_rotator_design_i/axi_image_rotator_0/inst/wr_ptr_reg[4]/C (clocked by clk_fpga_0) and image_rotator_design_i/axi_image_rotator_0/inst/bram_bank2_reg_2048_2111_6_6/DP/WADR2 (clocked by clk_fpga_0). Large setup violations at the end of those stages might be difficult to fix during the post-placement implementation flow and could be the result of non-optimal XDC constraints or non-optimal design architecture
Related violations: <none>

TIMING-16#285 Warning
Large setup violation  
There is a large setup violation of -1.753 ns between image_rotator_design_i/axi_image_rotator_0/inst/wr_ptr_reg[4]/C (clocked by clk_fpga_0) and image_rotator_design_i/axi_image_rotator_0/inst/bram_bank2_reg_2048_2111_6_6/SP/WADR2 (clocked by clk_fpga_0). Large setup violations at the end of those stages might be difficult to fix during the post-placement implementation flow and could be the result of non-optimal XDC constraints or non-optimal design architecture
Related violations: <none>

TIMING-16#286 Warning
Large setup violation  
There is a large setup violation of -1.757 ns between image_rotator_design_i/axi_dma_0/U0/I_PRMRY_DATAMOVER/GEN_MM2S_FULL.I_MM2S_FULL_WRAPPER/ENABLE_AXIS_SKID.I_MM2S_SKID_BUF/sig_data_reg_out_reg[6]/C (clocked by clk_fpga_0) and image_rotator_design_i/axi_image_rotator_0/inst/bram_bank0_reg_2048_2111_6_6/SP/I (clocked by clk_fpga_0). Large setup violations at the end of those stages might be difficult to fix during the post-placement implementation flow and could be the result of non-optimal XDC constraints or non-optimal design architecture
Related violations: <none>

TIMING-16#287 Warning
Large setup violation  
There is a large setup violation of -1.768 ns between image_rotator_design_i/axi_image_rotator_0/inst/wr_ptr_reg[4]/C (clocked by clk_fpga_0) and image_rotator_design_i/axi_image_rotator_0/inst/bram_bank1_reg_384_447_3_5/RAMA/WADR2 (clocked by clk_fpga_0). Large setup violations at the end of those stages might be difficult to fix during the post-placement implementation flow and could be the result of non-optimal XDC constraints or non-optimal design architecture
Related violations: <none>

TIMING-16#288 Warning
Large setup violation  
There is a large setup violation of -1.768 ns between image_rotator_design_i/axi_image_rotator_0/inst/wr_ptr_reg[4]/C (clocked by clk_fpga_0) and image_rotator_design_i/axi_image_rotator_0/inst/bram_bank1_reg_384_447_3_5/RAMB/WADR2 (clocked by clk_fpga_0). Large setup violations at the end of those stages might be difficult to fix during the post-placement implementation flow and could be the result of non-optimal XDC constraints or non-optimal design architecture
Related violations: <none>

TIMING-16#289 Warning
Large setup violation  
There is a large setup violation of -1.768 ns between image_rotator_design_i/axi_image_rotator_0/inst/wr_ptr_reg[4]/C (clocked by clk_fpga_0) and image_rotator_design_i/axi_image_rotator_0/inst/bram_bank1_reg_384_447_3_5/RAMC/WADR2 (clocked by clk_fpga_0). Large setup violations at the end of those stages might be difficult to fix during the post-placement implementation flow and could be the result of non-optimal XDC constraints or non-optimal design architecture
Related violations: <none>

TIMING-16#290 Warning
Large setup violation  
There is a large setup violation of -1.768 ns between image_rotator_design_i/axi_image_rotator_0/inst/wr_ptr_reg[4]/C (clocked by clk_fpga_0) and image_rotator_design_i/axi_image_rotator_0/inst/bram_bank1_reg_384_447_3_5/RAMD/WADR2 (clocked by clk_fpga_0). Large setup violations at the end of those stages might be difficult to fix during the post-placement implementation flow and could be the result of non-optimal XDC constraints or non-optimal design architecture
Related violations: <none>

TIMING-16#291 Warning
Large setup violation  
There is a large setup violation of -1.781 ns between image_rotator_design_i/axi_image_rotator_0/inst/wr_ptr_reg[4]/C (clocked by clk_fpga_0) and image_rotator_design_i/axi_image_rotator_0/inst/bram_bank2_reg_3840_3903_0_2/RAMA/WADR2 (clocked by clk_fpga_0). Large setup violations at the end of those stages might be difficult to fix during the post-placement implementation flow and could be the result of non-optimal XDC constraints or non-optimal design architecture
Related violations: <none>

TIMING-16#292 Warning
Large setup violation  
There is a large setup violation of -1.781 ns between image_rotator_design_i/axi_image_rotator_0/inst/wr_ptr_reg[4]/C (clocked by clk_fpga_0) and image_rotator_design_i/axi_image_rotator_0/inst/bram_bank2_reg_3840_3903_0_2/RAMB/WADR2 (clocked by clk_fpga_0). Large setup violations at the end of those stages might be difficult to fix during the post-placement implementation flow and could be the result of non-optimal XDC constraints or non-optimal design architecture
Related violations: <none>

TIMING-16#293 Warning
Large setup violation  
There is a large setup violation of -1.781 ns between image_rotator_design_i/axi_image_rotator_0/inst/wr_ptr_reg[4]/C (clocked by clk_fpga_0) and image_rotator_design_i/axi_image_rotator_0/inst/bram_bank2_reg_3840_3903_0_2/RAMC/WADR2 (clocked by clk_fpga_0). Large setup violations at the end of those stages might be difficult to fix during the post-placement implementation flow and could be the result of non-optimal XDC constraints or non-optimal design architecture
Related violations: <none>

TIMING-16#294 Warning
Large setup violation  
There is a large setup violation of -1.781 ns between image_rotator_design_i/axi_image_rotator_0/inst/wr_ptr_reg[4]/C (clocked by clk_fpga_0) and image_rotator_design_i/axi_image_rotator_0/inst/bram_bank2_reg_3840_3903_0_2/RAMD/WADR2 (clocked by clk_fpga_0). Large setup violations at the end of those stages might be difficult to fix during the post-placement implementation flow and could be the result of non-optimal XDC constraints or non-optimal design architecture
Related violations: <none>

TIMING-16#295 Warning
Large setup violation  
There is a large setup violation of -1.782 ns between image_rotator_design_i/axi_image_rotator_0/inst/wr_ptr_reg[4]/C (clocked by clk_fpga_0) and image_rotator_design_i/axi_image_rotator_0/inst/bram_bank2_reg_1408_1471_6_6/DP/WADR2 (clocked by clk_fpga_0). Large setup violations at the end of those stages might be difficult to fix during the post-placement implementation flow and could be the result of non-optimal XDC constraints or non-optimal design architecture
Related violations: <none>

TIMING-16#296 Warning
Large setup violation  
There is a large setup violation of -1.782 ns between image_rotator_design_i/axi_image_rotator_0/inst/wr_ptr_reg[4]/C (clocked by clk_fpga_0) and image_rotator_design_i/axi_image_rotator_0/inst/bram_bank2_reg_1408_1471_6_6/SP/WADR2 (clocked by clk_fpga_0). Large setup violations at the end of those stages might be difficult to fix during the post-placement implementation flow and could be the result of non-optimal XDC constraints or non-optimal design architecture
Related violations: <none>

TIMING-16#297 Warning
Large setup violation  
There is a large setup violation of -1.792 ns between image_rotator_design_i/axi_dma_0/U0/I_PRMRY_DATAMOVER/GEN_MM2S_FULL.I_MM2S_FULL_WRAPPER/ENABLE_AXIS_SKID.I_MM2S_SKID_BUF/sig_data_reg_out_reg[6]/C (clocked by clk_fpga_0) and image_rotator_design_i/axi_image_rotator_0/inst/bram_bank1_reg_896_959_6_6/SP/I (clocked by clk_fpga_0). Large setup violations at the end of those stages might be difficult to fix during the post-placement implementation flow and could be the result of non-optimal XDC constraints or non-optimal design architecture
Related violations: <none>

TIMING-16#298 Warning
Large setup violation  
There is a large setup violation of -1.797 ns between image_rotator_design_i/axi_image_rotator_0/inst/wr_ptr_reg[4]/C (clocked by clk_fpga_0) and image_rotator_design_i/axi_image_rotator_0/inst/bram_bank2_reg_1664_1727_6_6/DP/WADR2 (clocked by clk_fpga_0). Large setup violations at the end of those stages might be difficult to fix during the post-placement implementation flow and could be the result of non-optimal XDC constraints or non-optimal design architecture
Related violations: <none>

TIMING-16#299 Warning
Large setup violation  
There is a large setup violation of -1.797 ns between image_rotator_design_i/axi_image_rotator_0/inst/wr_ptr_reg[4]/C (clocked by clk_fpga_0) and image_rotator_design_i/axi_image_rotator_0/inst/bram_bank2_reg_1664_1727_6_6/SP/WADR2 (clocked by clk_fpga_0). Large setup violations at the end of those stages might be difficult to fix during the post-placement implementation flow and could be the result of non-optimal XDC constraints or non-optimal design architecture
Related violations: <none>

TIMING-16#300 Warning
Large setup violation  
There is a large setup violation of -1.803 ns between image_rotator_design_i/axi_image_rotator_0/inst/wr_ptr_reg[4]/C (clocked by clk_fpga_0) and image_rotator_design_i/axi_image_rotator_0/inst/bram_bank2_reg_2688_2751_7_7/DP/WADR2 (clocked by clk_fpga_0). Large setup violations at the end of those stages might be difficult to fix during the post-placement implementation flow and could be the result of non-optimal XDC constraints or non-optimal design architecture
Related violations: <none>

TIMING-16#301 Warning
Large setup violation  
There is a large setup violation of -1.803 ns between image_rotator_design_i/axi_image_rotator_0/inst/wr_ptr_reg[4]/C (clocked by clk_fpga_0) and image_rotator_design_i/axi_image_rotator_0/inst/bram_bank2_reg_2688_2751_7_7/SP/WADR2 (clocked by clk_fpga_0). Large setup violations at the end of those stages might be difficult to fix during the post-placement implementation flow and could be the result of non-optimal XDC constraints or non-optimal design architecture
Related violations: <none>

TIMING-16#302 Warning
Large setup violation  
There is a large setup violation of -1.807 ns between image_rotator_design_i/axi_dma_0/U0/I_PRMRY_DATAMOVER/GEN_MM2S_FULL.I_MM2S_FULL_WRAPPER/ENABLE_AXIS_SKID.I_MM2S_SKID_BUF/sig_data_reg_out_reg[6]/C (clocked by clk_fpga_0) and image_rotator_design_i/axi_image_rotator_0/inst/bram_bank1_reg_832_895_6_6/SP/I (clocked by clk_fpga_0). Large setup violations at the end of those stages might be difficult to fix during the post-placement implementation flow and could be the result of non-optimal XDC constraints or non-optimal design architecture
Related violations: <none>

TIMING-16#303 Warning
Large setup violation  
There is a large setup violation of -1.831 ns between image_rotator_design_i/axi_image_rotator_0/inst/wr_ptr_reg[3]/C (clocked by clk_fpga_0) and image_rotator_design_i/axi_image_rotator_0/inst/bram_bank1_reg_2752_2815_7_7/DP/WADR1 (clocked by clk_fpga_0). Large setup violations at the end of those stages might be difficult to fix during the post-placement implementation flow and could be the result of non-optimal XDC constraints or non-optimal design architecture
Related violations: <none>

TIMING-16#304 Warning
Large setup violation  
There is a large setup violation of -1.831 ns between image_rotator_design_i/axi_image_rotator_0/inst/wr_ptr_reg[3]/C (clocked by clk_fpga_0) and image_rotator_design_i/axi_image_rotator_0/inst/bram_bank1_reg_2752_2815_7_7/SP/WADR1 (clocked by clk_fpga_0). Large setup violations at the end of those stages might be difficult to fix during the post-placement implementation flow and could be the result of non-optimal XDC constraints or non-optimal design architecture
Related violations: <none>

TIMING-16#305 Warning
Large setup violation  
There is a large setup violation of -1.838 ns between image_rotator_design_i/axi_image_rotator_0/inst/wr_ptr_reg[3]/C (clocked by clk_fpga_0) and image_rotator_design_i/axi_image_rotator_0/inst/bram_bank2_reg_2880_2943_6_6/DP/WADR1 (clocked by clk_fpga_0). Large setup violations at the end of those stages might be difficult to fix during the post-placement implementation flow and could be the result of non-optimal XDC constraints or non-optimal design architecture
Related violations: <none>

TIMING-16#306 Warning
Large setup violation  
There is a large setup violation of -1.838 ns between image_rotator_design_i/axi_image_rotator_0/inst/wr_ptr_reg[3]/C (clocked by clk_fpga_0) and image_rotator_design_i/axi_image_rotator_0/inst/bram_bank2_reg_2880_2943_6_6/SP/WADR1 (clocked by clk_fpga_0). Large setup violations at the end of those stages might be difficult to fix during the post-placement implementation flow and could be the result of non-optimal XDC constraints or non-optimal design architecture
Related violations: <none>

TIMING-16#307 Warning
Large setup violation  
There is a large setup violation of -1.839 ns between image_rotator_design_i/axi_image_rotator_0/inst/wr_ptr_reg[3]/C (clocked by clk_fpga_0) and image_rotator_design_i/axi_image_rotator_0/inst/bram_bank1_reg_3776_3839_7_7/DP/WADR1 (clocked by clk_fpga_0). Large setup violations at the end of those stages might be difficult to fix during the post-placement implementation flow and could be the result of non-optimal XDC constraints or non-optimal design architecture
Related violations: <none>

TIMING-16#308 Warning
Large setup violation  
There is a large setup violation of -1.839 ns between image_rotator_design_i/axi_image_rotator_0/inst/wr_ptr_reg[3]/C (clocked by clk_fpga_0) and image_rotator_design_i/axi_image_rotator_0/inst/bram_bank1_reg_3776_3839_7_7/SP/WADR1 (clocked by clk_fpga_0). Large setup violations at the end of those stages might be difficult to fix during the post-placement implementation flow and could be the result of non-optimal XDC constraints or non-optimal design architecture
Related violations: <none>

TIMING-16#309 Warning
Large setup violation  
There is a large setup violation of -1.840 ns between image_rotator_design_i/axi_image_rotator_0/inst/wr_ptr_reg[4]/C (clocked by clk_fpga_0) and image_rotator_design_i/axi_image_rotator_0/inst/bram_bank2_reg_3008_3071_0_2/RAMA/WADR2 (clocked by clk_fpga_0). Large setup violations at the end of those stages might be difficult to fix during the post-placement implementation flow and could be the result of non-optimal XDC constraints or non-optimal design architecture
Related violations: <none>

TIMING-16#310 Warning
Large setup violation  
There is a large setup violation of -1.840 ns between image_rotator_design_i/axi_image_rotator_0/inst/wr_ptr_reg[4]/C (clocked by clk_fpga_0) and image_rotator_design_i/axi_image_rotator_0/inst/bram_bank2_reg_3008_3071_0_2/RAMB/WADR2 (clocked by clk_fpga_0). Large setup violations at the end of those stages might be difficult to fix during the post-placement implementation flow and could be the result of non-optimal XDC constraints or non-optimal design architecture
Related violations: <none>

TIMING-16#311 Warning
Large setup violation  
There is a large setup violation of -1.840 ns between image_rotator_design_i/axi_image_rotator_0/inst/wr_ptr_reg[4]/C (clocked by clk_fpga_0) and image_rotator_design_i/axi_image_rotator_0/inst/bram_bank2_reg_3008_3071_0_2/RAMC/WADR2 (clocked by clk_fpga_0). Large setup violations at the end of those stages might be difficult to fix during the post-placement implementation flow and could be the result of non-optimal XDC constraints or non-optimal design architecture
Related violations: <none>

TIMING-16#312 Warning
Large setup violation  
There is a large setup violation of -1.840 ns between image_rotator_design_i/axi_image_rotator_0/inst/wr_ptr_reg[4]/C (clocked by clk_fpga_0) and image_rotator_design_i/axi_image_rotator_0/inst/bram_bank2_reg_3008_3071_0_2/RAMD/WADR2 (clocked by clk_fpga_0). Large setup violations at the end of those stages might be difficult to fix during the post-placement implementation flow and could be the result of non-optimal XDC constraints or non-optimal design architecture
Related violations: <none>

TIMING-16#313 Warning
Large setup violation  
There is a large setup violation of -1.846 ns between image_rotator_design_i/axi_dma_0/U0/I_PRMRY_DATAMOVER/GEN_S2MM_FULL.I_S2MM_FULL_WRAPPER/GEN_ENABLE_INDET_BTT_SF.I_INDET_BTT/I_DATA_FIFO/BLK_MEM.I_SYNC_FIFOGEN_FIFO/xpm_fifo_instance.xpm_fifo_sync_inst/xpm_fifo_base_inst/gen_pntr_flags_cc.gen_full_rst_val.ram_full_i_reg/C (clocked by clk_fpga_0) and image_rotator_design_i/axi_dma_0/U0/I_PRMRY_DATAMOVER/GEN_S2MM_FULL.I_S2MM_FULL_WRAPPER/GEN_ENABLE_INDET_BTT_SF.I_INDET_BTT/INCLUDE_PACKING.DO_REG_SLICES[3].lsig_data_slice_reg_reg[3][1]/D (clocked by clk_fpga_0). Large setup violations at the end of those stages might be difficult to fix during the post-placement implementation flow and could be the result of non-optimal XDC constraints or non-optimal design architecture
Related violations: <none>

TIMING-16#314 Warning
Large setup violation  
There is a large setup violation of -1.850 ns between image_rotator_design_i/axi_dma_0/U0/I_PRMRY_DATAMOVER/GEN_MM2S_FULL.I_MM2S_FULL_WRAPPER/ENABLE_AXIS_SKID.I_MM2S_SKID_BUF/sig_data_reg_out_reg[6]/C (clocked by clk_fpga_0) and image_rotator_design_i/axi_image_rotator_0/inst/bram_bank1_reg_512_575_6_6/DP/I (clocked by clk_fpga_0). Large setup violations at the end of those stages might be difficult to fix during the post-placement implementation flow and could be the result of non-optimal XDC constraints or non-optimal design architecture
Related violations: <none>

TIMING-16#315 Warning
Large setup violation  
There is a large setup violation of -1.852 ns between image_rotator_design_i/axi_image_rotator_0/inst/state_reg[0]/C (clocked by clk_fpga_0) and image_rotator_design_i/axi_image_rotator_0/inst/bram_bank1_reg_1088_1151_6_6/DP/WE (clocked by clk_fpga_0). Large setup violations at the end of those stages might be difficult to fix during the post-placement implementation flow and could be the result of non-optimal XDC constraints or non-optimal design architecture
Related violations: <none>

TIMING-16#316 Warning
Large setup violation  
There is a large setup violation of -1.852 ns between image_rotator_design_i/axi_image_rotator_0/inst/state_reg[0]/C (clocked by clk_fpga_0) and image_rotator_design_i/axi_image_rotator_0/inst/bram_bank1_reg_1088_1151_6_6/SP/WE (clocked by clk_fpga_0). Large setup violations at the end of those stages might be difficult to fix during the post-placement implementation flow and could be the result of non-optimal XDC constraints or non-optimal design architecture
Related violations: <none>

TIMING-16#317 Warning
Large setup violation  
There is a large setup violation of -1.852 ns between image_rotator_design_i/axi_image_rotator_0/inst/state_reg[0]/C (clocked by clk_fpga_0) and image_rotator_design_i/axi_image_rotator_0/inst/bram_bank1_reg_1088_1151_7_7/DP/WE (clocked by clk_fpga_0). Large setup violations at the end of those stages might be difficult to fix during the post-placement implementation flow and could be the result of non-optimal XDC constraints or non-optimal design architecture
Related violations: <none>

TIMING-16#318 Warning
Large setup violation  
There is a large setup violation of -1.852 ns between image_rotator_design_i/axi_image_rotator_0/inst/state_reg[0]/C (clocked by clk_fpga_0) and image_rotator_design_i/axi_image_rotator_0/inst/bram_bank1_reg_1088_1151_7_7/SP/WE (clocked by clk_fpga_0). Large setup violations at the end of those stages might be difficult to fix during the post-placement implementation flow and could be the result of non-optimal XDC constraints or non-optimal design architecture
Related violations: <none>

TIMING-16#319 Warning
Large setup violation  
There is a large setup violation of -1.853 ns between image_rotator_design_i/axi_image_rotator_0/inst/wr_ptr_reg[4]/C (clocked by clk_fpga_0) and image_rotator_design_i/axi_image_rotator_0/inst/bram_bank2_reg_3008_3071_6_6/DP/WADR2 (clocked by clk_fpga_0). Large setup violations at the end of those stages might be difficult to fix during the post-placement implementation flow and could be the result of non-optimal XDC constraints or non-optimal design architecture
Related violations: <none>

TIMING-16#320 Warning
Large setup violation  
There is a large setup violation of -1.853 ns between image_rotator_design_i/axi_image_rotator_0/inst/wr_ptr_reg[4]/C (clocked by clk_fpga_0) and image_rotator_design_i/axi_image_rotator_0/inst/bram_bank2_reg_3008_3071_6_6/SP/WADR2 (clocked by clk_fpga_0). Large setup violations at the end of those stages might be difficult to fix during the post-placement implementation flow and could be the result of non-optimal XDC constraints or non-optimal design architecture
Related violations: <none>

TIMING-16#321 Warning
Large setup violation  
There is a large setup violation of -1.871 ns between image_rotator_design_i/axi_dma_0/U0/I_PRMRY_DATAMOVER/GEN_MM2S_FULL.I_MM2S_FULL_WRAPPER/ENABLE_AXIS_SKID.I_MM2S_SKID_BUF/sig_data_reg_out_reg[6]/C (clocked by clk_fpga_0) and image_rotator_design_i/axi_image_rotator_0/inst/bram_bank1_reg_704_767_6_6/DP/I (clocked by clk_fpga_0). Large setup violations at the end of those stages might be difficult to fix during the post-placement implementation flow and could be the result of non-optimal XDC constraints or non-optimal design architecture
Related violations: <none>

TIMING-16#322 Warning
Large setup violation  
There is a large setup violation of -1.872 ns between image_rotator_design_i/axi_dma_0/U0/I_PRMRY_DATAMOVER/GEN_S2MM_FULL.I_S2MM_FULL_WRAPPER/GEN_ENABLE_INDET_BTT_SF.I_INDET_BTT/I_DATA_FIFO/BLK_MEM.I_SYNC_FIFOGEN_FIFO/xpm_fifo_instance.xpm_fifo_sync_inst/xpm_fifo_base_inst/gen_pntr_flags_cc.gen_full_rst_val.ram_full_i_reg/C (clocked by clk_fpga_0) and image_rotator_design_i/axi_dma_0/U0/I_PRMRY_DATAMOVER/GEN_S2MM_FULL.I_S2MM_FULL_WRAPPER/GEN_ENABLE_INDET_BTT_SF.I_INDET_BTT/INCLUDE_PACKING.DO_REG_SLICES[3].lsig_strb_slice_reg_reg[3][0]/D (clocked by clk_fpga_0). Large setup violations at the end of those stages might be difficult to fix during the post-placement implementation flow and could be the result of non-optimal XDC constraints or non-optimal design architecture
Related violations: <none>

TIMING-16#323 Warning
Large setup violation  
There is a large setup violation of -1.874 ns between image_rotator_design_i/axi_dma_0/U0/I_PRMRY_DATAMOVER/GEN_MM2S_FULL.I_MM2S_FULL_WRAPPER/ENABLE_AXIS_SKID.I_MM2S_SKID_BUF/sig_data_reg_out_reg[7]/C (clocked by clk_fpga_0) and image_rotator_design_i/axi_image_rotator_0/inst/bram_bank1_reg_1280_1343_7_7/SP/I (clocked by clk_fpga_0). Large setup violations at the end of those stages might be difficult to fix during the post-placement implementation flow and could be the result of non-optimal XDC constraints or non-optimal design architecture
Related violations: <none>

TIMING-16#324 Warning
Large setup violation  
There is a large setup violation of -1.875 ns between image_rotator_design_i/axi_dma_0/U0/I_PRMRY_DATAMOVER/GEN_MM2S_FULL.I_MM2S_FULL_WRAPPER/ENABLE_AXIS_SKID.I_MM2S_SKID_BUF/sig_data_reg_out_reg[6]/C (clocked by clk_fpga_0) and image_rotator_design_i/axi_image_rotator_0/inst/bram_bank0_reg_64_127_6_6/DP/I (clocked by clk_fpga_0). Large setup violations at the end of those stages might be difficult to fix during the post-placement implementation flow and could be the result of non-optimal XDC constraints or non-optimal design architecture
Related violations: <none>

TIMING-16#325 Warning
Large setup violation  
There is a large setup violation of -1.876 ns between image_rotator_design_i/axi_dma_0/U0/I_PRMRY_DATAMOVER/GEN_MM2S_FULL.I_MM2S_FULL_WRAPPER/ENABLE_AXIS_SKID.I_MM2S_SKID_BUF/sig_data_reg_out_reg[7]/C (clocked by clk_fpga_0) and image_rotator_design_i/axi_image_rotator_0/inst/bram_bank0_reg_128_191_7_7/SP/I (clocked by clk_fpga_0). Large setup violations at the end of those stages might be difficult to fix during the post-placement implementation flow and could be the result of non-optimal XDC constraints or non-optimal design architecture
Related violations: <none>

TIMING-16#326 Warning
Large setup violation  
There is a large setup violation of -1.887 ns between image_rotator_design_i/axi_image_rotator_0/inst/wr_ptr_reg[4]/C (clocked by clk_fpga_0) and image_rotator_design_i/axi_image_rotator_0/inst/bram_bank2_reg_2176_2239_6_6/DP/WADR2 (clocked by clk_fpga_0). Large setup violations at the end of those stages might be difficult to fix during the post-placement implementation flow and could be the result of non-optimal XDC constraints or non-optimal design architecture
Related violations: <none>

TIMING-16#327 Warning
Large setup violation  
There is a large setup violation of -1.887 ns between image_rotator_design_i/axi_image_rotator_0/inst/wr_ptr_reg[4]/C (clocked by clk_fpga_0) and image_rotator_design_i/axi_image_rotator_0/inst/bram_bank2_reg_2176_2239_6_6/SP/WADR2 (clocked by clk_fpga_0). Large setup violations at the end of those stages might be difficult to fix during the post-placement implementation flow and could be the result of non-optimal XDC constraints or non-optimal design architecture
Related violations: <none>

TIMING-16#328 Warning
Large setup violation  
There is a large setup violation of -1.905 ns between image_rotator_design_i/axi_image_rotator_0/inst/wr_ptr_reg[4]/C (clocked by clk_fpga_0) and image_rotator_design_i/axi_image_rotator_0/inst/bram_bank2_reg_1536_1599_6_6/DP/WADR2 (clocked by clk_fpga_0). Large setup violations at the end of those stages might be difficult to fix during the post-placement implementation flow and could be the result of non-optimal XDC constraints or non-optimal design architecture
Related violations: <none>

TIMING-16#329 Warning
Large setup violation  
There is a large setup violation of -1.905 ns between image_rotator_design_i/axi_image_rotator_0/inst/wr_ptr_reg[4]/C (clocked by clk_fpga_0) and image_rotator_design_i/axi_image_rotator_0/inst/bram_bank2_reg_1536_1599_6_6/SP/WADR2 (clocked by clk_fpga_0). Large setup violations at the end of those stages might be difficult to fix during the post-placement implementation flow and could be the result of non-optimal XDC constraints or non-optimal design architecture
Related violations: <none>

TIMING-16#330 Warning
Large setup violation  
There is a large setup violation of -1.906 ns between image_rotator_design_i/axi_dma_0/U0/I_PRMRY_DATAMOVER/GEN_MM2S_FULL.I_MM2S_FULL_WRAPPER/ENABLE_AXIS_SKID.I_MM2S_SKID_BUF/sig_data_reg_out_reg[6]/C (clocked by clk_fpga_0) and image_rotator_design_i/axi_image_rotator_0/inst/bram_bank1_reg_64_127_6_6/DP/I (clocked by clk_fpga_0). Large setup violations at the end of those stages might be difficult to fix during the post-placement implementation flow and could be the result of non-optimal XDC constraints or non-optimal design architecture
Related violations: <none>

TIMING-16#331 Warning
Large setup violation  
There is a large setup violation of -1.919 ns between image_rotator_design_i/axi_dma_0/U0/I_PRMRY_DATAMOVER/GEN_MM2S_FULL.I_MM2S_FULL_WRAPPER/ENABLE_AXIS_SKID.I_MM2S_SKID_BUF/sig_data_reg_out_reg[6]/C (clocked by clk_fpga_0) and image_rotator_design_i/axi_image_rotator_0/inst/bram_bank0_reg_1536_1599_6_6/SP/I (clocked by clk_fpga_0). Large setup violations at the end of those stages might be difficult to fix during the post-placement implementation flow and could be the result of non-optimal XDC constraints or non-optimal design architecture
Related violations: <none>

TIMING-16#332 Warning
Large setup violation  
There is a large setup violation of -1.920 ns between image_rotator_design_i/axi_image_rotator_0/inst/wr_ptr_reg[4]/C (clocked by clk_fpga_0) and image_rotator_design_i/axi_image_rotator_0/inst/bram_bank2_reg_2240_2303_6_6/DP/WADR2 (clocked by clk_fpga_0). Large setup violations at the end of those stages might be difficult to fix during the post-placement implementation flow and could be the result of non-optimal XDC constraints or non-optimal design architecture
Related violations: <none>

TIMING-16#333 Warning
Large setup violation  
There is a large setup violation of -1.920 ns between image_rotator_design_i/axi_image_rotator_0/inst/wr_ptr_reg[4]/C (clocked by clk_fpga_0) and image_rotator_design_i/axi_image_rotator_0/inst/bram_bank2_reg_2240_2303_6_6/SP/WADR2 (clocked by clk_fpga_0). Large setup violations at the end of those stages might be difficult to fix during the post-placement implementation flow and could be the result of non-optimal XDC constraints or non-optimal design architecture
Related violations: <none>

TIMING-16#334 Warning
Large setup violation  
There is a large setup violation of -1.920 ns between image_rotator_design_i/axi_image_rotator_0/inst/wr_ptr_reg[4]/C (clocked by clk_fpga_0) and image_rotator_design_i/axi_image_rotator_0/inst/bram_bank2_reg_3520_3583_3_5/RAMA/WADR2 (clocked by clk_fpga_0). Large setup violations at the end of those stages might be difficult to fix during the post-placement implementation flow and could be the result of non-optimal XDC constraints or non-optimal design architecture
Related violations: <none>

TIMING-16#335 Warning
Large setup violation  
There is a large setup violation of -1.920 ns between image_rotator_design_i/axi_image_rotator_0/inst/wr_ptr_reg[4]/C (clocked by clk_fpga_0) and image_rotator_design_i/axi_image_rotator_0/inst/bram_bank2_reg_3520_3583_3_5/RAMB/WADR2 (clocked by clk_fpga_0). Large setup violations at the end of those stages might be difficult to fix during the post-placement implementation flow and could be the result of non-optimal XDC constraints or non-optimal design architecture
Related violations: <none>

TIMING-16#336 Warning
Large setup violation  
There is a large setup violation of -1.920 ns between image_rotator_design_i/axi_image_rotator_0/inst/wr_ptr_reg[4]/C (clocked by clk_fpga_0) and image_rotator_design_i/axi_image_rotator_0/inst/bram_bank2_reg_3520_3583_3_5/RAMC/WADR2 (clocked by clk_fpga_0). Large setup violations at the end of those stages might be difficult to fix during the post-placement implementation flow and could be the result of non-optimal XDC constraints or non-optimal design architecture
Related violations: <none>

TIMING-16#337 Warning
Large setup violation  
There is a large setup violation of -1.920 ns between image_rotator_design_i/axi_image_rotator_0/inst/wr_ptr_reg[4]/C (clocked by clk_fpga_0) and image_rotator_design_i/axi_image_rotator_0/inst/bram_bank2_reg_3520_3583_3_5/RAMD/WADR2 (clocked by clk_fpga_0). Large setup violations at the end of those stages might be difficult to fix during the post-placement implementation flow and could be the result of non-optimal XDC constraints or non-optimal design architecture
Related violations: <none>

TIMING-16#338 Warning
Large setup violation  
There is a large setup violation of -1.921 ns between image_rotator_design_i/axi_image_rotator_0/inst/state_reg[0]/C (clocked by clk_fpga_0) and image_rotator_design_i/axi_image_rotator_0/inst/bram_bank1_reg_2304_2367_3_5/RAMA/WE (clocked by clk_fpga_0). Large setup violations at the end of those stages might be difficult to fix during the post-placement implementation flow and could be the result of non-optimal XDC constraints or non-optimal design architecture
Related violations: <none>

TIMING-16#339 Warning
Large setup violation  
There is a large setup violation of -1.921 ns between image_rotator_design_i/axi_image_rotator_0/inst/state_reg[0]/C (clocked by clk_fpga_0) and image_rotator_design_i/axi_image_rotator_0/inst/bram_bank1_reg_2304_2367_3_5/RAMB/WE (clocked by clk_fpga_0). Large setup violations at the end of those stages might be difficult to fix during the post-placement implementation flow and could be the result of non-optimal XDC constraints or non-optimal design architecture
Related violations: <none>

TIMING-16#340 Warning
Large setup violation  
There is a large setup violation of -1.921 ns between image_rotator_design_i/axi_image_rotator_0/inst/state_reg[0]/C (clocked by clk_fpga_0) and image_rotator_design_i/axi_image_rotator_0/inst/bram_bank1_reg_2304_2367_3_5/RAMC/WE (clocked by clk_fpga_0). Large setup violations at the end of those stages might be difficult to fix during the post-placement implementation flow and could be the result of non-optimal XDC constraints or non-optimal design architecture
Related violations: <none>

TIMING-16#341 Warning
Large setup violation  
There is a large setup violation of -1.921 ns between image_rotator_design_i/axi_image_rotator_0/inst/state_reg[0]/C (clocked by clk_fpga_0) and image_rotator_design_i/axi_image_rotator_0/inst/bram_bank1_reg_2304_2367_3_5/RAMD/WE (clocked by clk_fpga_0). Large setup violations at the end of those stages might be difficult to fix during the post-placement implementation flow and could be the result of non-optimal XDC constraints or non-optimal design architecture
Related violations: <none>

TIMING-16#342 Warning
Large setup violation  
There is a large setup violation of -1.923 ns between image_rotator_design_i/axi_image_rotator_0/inst/wr_ptr_reg[4]/C (clocked by clk_fpga_0) and image_rotator_design_i/axi_image_rotator_0/inst/bram_bank2_reg_2048_2111_0_2/RAMA/WADR2 (clocked by clk_fpga_0). Large setup violations at the end of those stages might be difficult to fix during the post-placement implementation flow and could be the result of non-optimal XDC constraints or non-optimal design architecture
Related violations: <none>

TIMING-16#343 Warning
Large setup violation  
There is a large setup violation of -1.923 ns between image_rotator_design_i/axi_image_rotator_0/inst/wr_ptr_reg[4]/C (clocked by clk_fpga_0) and image_rotator_design_i/axi_image_rotator_0/inst/bram_bank2_reg_2048_2111_0_2/RAMB/WADR2 (clocked by clk_fpga_0). Large setup violations at the end of those stages might be difficult to fix during the post-placement implementation flow and could be the result of non-optimal XDC constraints or non-optimal design architecture
Related violations: <none>

TIMING-16#344 Warning
Large setup violation  
There is a large setup violation of -1.923 ns between image_rotator_design_i/axi_image_rotator_0/inst/wr_ptr_reg[4]/C (clocked by clk_fpga_0) and image_rotator_design_i/axi_image_rotator_0/inst/bram_bank2_reg_2048_2111_0_2/RAMC/WADR2 (clocked by clk_fpga_0). Large setup violations at the end of those stages might be difficult to fix during the post-placement implementation flow and could be the result of non-optimal XDC constraints or non-optimal design architecture
Related violations: <none>

TIMING-16#345 Warning
Large setup violation  
There is a large setup violation of -1.923 ns between image_rotator_design_i/axi_image_rotator_0/inst/wr_ptr_reg[4]/C (clocked by clk_fpga_0) and image_rotator_design_i/axi_image_rotator_0/inst/bram_bank2_reg_2048_2111_0_2/RAMD/WADR2 (clocked by clk_fpga_0). Large setup violations at the end of those stages might be difficult to fix during the post-placement implementation flow and could be the result of non-optimal XDC constraints or non-optimal design architecture
Related violations: <none>

TIMING-16#346 Warning
Large setup violation  
There is a large setup violation of -1.935 ns between image_rotator_design_i/axi_image_rotator_0/inst/wr_ptr_reg[4]/C (clocked by clk_fpga_0) and image_rotator_design_i/axi_image_rotator_0/inst/bram_bank1_reg_2240_2303_7_7/DP/WADR2 (clocked by clk_fpga_0). Large setup violations at the end of those stages might be difficult to fix during the post-placement implementation flow and could be the result of non-optimal XDC constraints or non-optimal design architecture
Related violations: <none>

TIMING-16#347 Warning
Large setup violation  
There is a large setup violation of -1.935 ns between image_rotator_design_i/axi_image_rotator_0/inst/wr_ptr_reg[4]/C (clocked by clk_fpga_0) and image_rotator_design_i/axi_image_rotator_0/inst/bram_bank1_reg_2240_2303_7_7/SP/WADR2 (clocked by clk_fpga_0). Large setup violations at the end of those stages might be difficult to fix during the post-placement implementation flow and could be the result of non-optimal XDC constraints or non-optimal design architecture
Related violations: <none>

TIMING-16#348 Warning
Large setup violation  
There is a large setup violation of -1.936 ns between image_rotator_design_i/axi_image_rotator_0/inst/wr_ptr_reg[4]/C (clocked by clk_fpga_0) and image_rotator_design_i/axi_image_rotator_0/inst/bram_bank1_reg_3840_3903_7_7/DP/WADR2 (clocked by clk_fpga_0). Large setup violations at the end of those stages might be difficult to fix during the post-placement implementation flow and could be the result of non-optimal XDC constraints or non-optimal design architecture
Related violations: <none>

TIMING-16#349 Warning
Large setup violation  
There is a large setup violation of -1.936 ns between image_rotator_design_i/axi_image_rotator_0/inst/wr_ptr_reg[4]/C (clocked by clk_fpga_0) and image_rotator_design_i/axi_image_rotator_0/inst/bram_bank1_reg_3840_3903_7_7/SP/WADR2 (clocked by clk_fpga_0). Large setup violations at the end of those stages might be difficult to fix during the post-placement implementation flow and could be the result of non-optimal XDC constraints or non-optimal design architecture
Related violations: <none>

TIMING-16#350 Warning
Large setup violation  
There is a large setup violation of -1.936 ns between image_rotator_design_i/axi_image_rotator_0/inst/wr_ptr_reg[9]/C (clocked by clk_fpga_0) and image_rotator_design_i/axi_image_rotator_0/inst/bram_bank3_reg_0_63_3_5/RAMA/WE (clocked by clk_fpga_0). Large setup violations at the end of those stages might be difficult to fix during the post-placement implementation flow and could be the result of non-optimal XDC constraints or non-optimal design architecture
Related violations: <none>

TIMING-16#351 Warning
Large setup violation  
There is a large setup violation of -1.936 ns between image_rotator_design_i/axi_image_rotator_0/inst/wr_ptr_reg[9]/C (clocked by clk_fpga_0) and image_rotator_design_i/axi_image_rotator_0/inst/bram_bank3_reg_0_63_3_5/RAMB/WE (clocked by clk_fpga_0). Large setup violations at the end of those stages might be difficult to fix during the post-placement implementation flow and could be the result of non-optimal XDC constraints or non-optimal design architecture
Related violations: <none>

TIMING-16#352 Warning
Large setup violation  
There is a large setup violation of -1.944 ns between image_rotator_design_i/axi_image_rotator_0/inst/wr_ptr_reg[4]/C (clocked by clk_fpga_0) and image_rotator_design_i/axi_image_rotator_0/inst/bram_bank2_reg_2304_2367_0_2/RAMA/WADR2 (clocked by clk_fpga_0). Large setup violations at the end of those stages might be difficult to fix during the post-placement implementation flow and could be the result of non-optimal XDC constraints or non-optimal design architecture
Related violations: <none>

TIMING-16#353 Warning
Large setup violation  
There is a large setup violation of -1.944 ns between image_rotator_design_i/axi_image_rotator_0/inst/wr_ptr_reg[4]/C (clocked by clk_fpga_0) and image_rotator_design_i/axi_image_rotator_0/inst/bram_bank2_reg_2304_2367_0_2/RAMB/WADR2 (clocked by clk_fpga_0). Large setup violations at the end of those stages might be difficult to fix during the post-placement implementation flow and could be the result of non-optimal XDC constraints or non-optimal design architecture
Related violations: <none>

TIMING-16#354 Warning
Large setup violation  
There is a large setup violation of -1.944 ns between image_rotator_design_i/axi_image_rotator_0/inst/wr_ptr_reg[4]/C (clocked by clk_fpga_0) and image_rotator_design_i/axi_image_rotator_0/inst/bram_bank2_reg_2304_2367_0_2/RAMC/WADR2 (clocked by clk_fpga_0). Large setup violations at the end of those stages might be difficult to fix during the post-placement implementation flow and could be the result of non-optimal XDC constraints or non-optimal design architecture
Related violations: <none>

TIMING-16#355 Warning
Large setup violation  
There is a large setup violation of -1.944 ns between image_rotator_design_i/axi_image_rotator_0/inst/wr_ptr_reg[4]/C (clocked by clk_fpga_0) and image_rotator_design_i/axi_image_rotator_0/inst/bram_bank2_reg_2304_2367_0_2/RAMD/WADR2 (clocked by clk_fpga_0). Large setup violations at the end of those stages might be difficult to fix during the post-placement implementation flow and could be the result of non-optimal XDC constraints or non-optimal design architecture
Related violations: <none>

TIMING-16#356 Warning
Large setup violation  
There is a large setup violation of -1.945 ns between image_rotator_design_i/axi_image_rotator_0/inst/wr_ptr_reg[4]/C (clocked by clk_fpga_0) and image_rotator_design_i/axi_image_rotator_0/inst/bram_bank1_reg_3008_3071_7_7/DP/WADR2 (clocked by clk_fpga_0). Large setup violations at the end of those stages might be difficult to fix during the post-placement implementation flow and could be the result of non-optimal XDC constraints or non-optimal design architecture
Related violations: <none>

TIMING-16#357 Warning
Large setup violation  
There is a large setup violation of -1.945 ns between image_rotator_design_i/axi_image_rotator_0/inst/wr_ptr_reg[4]/C (clocked by clk_fpga_0) and image_rotator_design_i/axi_image_rotator_0/inst/bram_bank1_reg_3008_3071_7_7/SP/WADR2 (clocked by clk_fpga_0). Large setup violations at the end of those stages might be difficult to fix during the post-placement implementation flow and could be the result of non-optimal XDC constraints or non-optimal design architecture
Related violations: <none>

TIMING-16#358 Warning
Large setup violation  
There is a large setup violation of -1.946 ns between image_rotator_design_i/axi_dma_0/U0/I_PRMRY_DATAMOVER/GEN_MM2S_FULL.I_MM2S_FULL_WRAPPER/ENABLE_AXIS_SKID.I_MM2S_SKID_BUF/sig_data_reg_out_reg[7]/C (clocked by clk_fpga_0) and image_rotator_design_i/axi_image_rotator_0/inst/bram_bank1_reg_1536_1599_7_7/SP/I (clocked by clk_fpga_0). Large setup violations at the end of those stages might be difficult to fix during the post-placement implementation flow and could be the result of non-optimal XDC constraints or non-optimal design architecture
Related violations: <none>

TIMING-16#359 Warning
Large setup violation  
There is a large setup violation of -1.947 ns between image_rotator_design_i/axi_image_rotator_0/inst/wr_ptr_reg[4]/C (clocked by clk_fpga_0) and image_rotator_design_i/axi_image_rotator_0/inst/bram_bank2_reg_1344_1407_6_6/DP/WADR2 (clocked by clk_fpga_0). Large setup violations at the end of those stages might be difficult to fix during the post-placement implementation flow and could be the result of non-optimal XDC constraints or non-optimal design architecture
Related violations: <none>

TIMING-16#360 Warning
Large setup violation  
There is a large setup violation of -1.947 ns between image_rotator_design_i/axi_image_rotator_0/inst/wr_ptr_reg[4]/C (clocked by clk_fpga_0) and image_rotator_design_i/axi_image_rotator_0/inst/bram_bank2_reg_1344_1407_6_6/SP/WADR2 (clocked by clk_fpga_0). Large setup violations at the end of those stages might be difficult to fix during the post-placement implementation flow and could be the result of non-optimal XDC constraints or non-optimal design architecture
Related violations: <none>

TIMING-16#361 Warning
Large setup violation  
There is a large setup violation of -1.953 ns between image_rotator_design_i/axi_dma_0/U0/I_PRMRY_DATAMOVER/GEN_S2MM_FULL.I_S2MM_FULL_WRAPPER/GEN_ENABLE_INDET_BTT_SF.I_INDET_BTT/I_DATA_FIFO/BLK_MEM.I_SYNC_FIFOGEN_FIFO/xpm_fifo_instance.xpm_fifo_sync_inst/xpm_fifo_base_inst/gen_pntr_flags_cc.gen_full_rst_val.ram_full_i_reg/C (clocked by clk_fpga_0) and image_rotator_design_i/axi_dma_0/U0/I_PRMRY_DATAMOVER/GEN_S2MM_FULL.I_S2MM_FULL_WRAPPER/GEN_ENABLE_INDET_BTT_SF.I_INDET_BTT/INCLUDE_PACKING.DO_REG_SLICES[3].lsig_data_slice_reg_reg[3][0]/CE (clocked by clk_fpga_0). Large setup violations at the end of those stages might be difficult to fix during the post-placement implementation flow and could be the result of non-optimal XDC constraints or non-optimal design architecture
Related violations: <none>

TIMING-16#362 Warning
Large setup violation  
There is a large setup violation of -1.953 ns between image_rotator_design_i/axi_dma_0/U0/I_PRMRY_DATAMOVER/GEN_S2MM_FULL.I_S2MM_FULL_WRAPPER/GEN_ENABLE_INDET_BTT_SF.I_INDET_BTT/I_DATA_FIFO/BLK_MEM.I_SYNC_FIFOGEN_FIFO/xpm_fifo_instance.xpm_fifo_sync_inst/xpm_fifo_base_inst/gen_pntr_flags_cc.gen_full_rst_val.ram_full_i_reg/C (clocked by clk_fpga_0) and image_rotator_design_i/axi_dma_0/U0/I_PRMRY_DATAMOVER/GEN_S2MM_FULL.I_S2MM_FULL_WRAPPER/GEN_ENABLE_INDET_BTT_SF.I_INDET_BTT/INCLUDE_PACKING.DO_REG_SLICES[3].lsig_data_slice_reg_reg[3][2]/CE (clocked by clk_fpga_0). Large setup violations at the end of those stages might be difficult to fix during the post-placement implementation flow and could be the result of non-optimal XDC constraints or non-optimal design architecture
Related violations: <none>

TIMING-16#363 Warning
Large setup violation  
There is a large setup violation of -1.953 ns between image_rotator_design_i/axi_dma_0/U0/I_PRMRY_DATAMOVER/GEN_S2MM_FULL.I_S2MM_FULL_WRAPPER/GEN_ENABLE_INDET_BTT_SF.I_INDET_BTT/I_DATA_FIFO/BLK_MEM.I_SYNC_FIFOGEN_FIFO/xpm_fifo_instance.xpm_fifo_sync_inst/xpm_fifo_base_inst/gen_pntr_flags_cc.gen_full_rst_val.ram_full_i_reg/C (clocked by clk_fpga_0) and image_rotator_design_i/axi_dma_0/U0/I_PRMRY_DATAMOVER/GEN_S2MM_FULL.I_S2MM_FULL_WRAPPER/GEN_ENABLE_INDET_BTT_SF.I_INDET_BTT/INCLUDE_PACKING.DO_REG_SLICES[3].lsig_data_slice_reg_reg[3][4]/CE (clocked by clk_fpga_0). Large setup violations at the end of those stages might be difficult to fix during the post-placement implementation flow and could be the result of non-optimal XDC constraints or non-optimal design architecture
Related violations: <none>

TIMING-16#364 Warning
Large setup violation  
There is a large setup violation of -1.953 ns between image_rotator_design_i/axi_dma_0/U0/I_PRMRY_DATAMOVER/GEN_S2MM_FULL.I_S2MM_FULL_WRAPPER/GEN_ENABLE_INDET_BTT_SF.I_INDET_BTT/I_DATA_FIFO/BLK_MEM.I_SYNC_FIFOGEN_FIFO/xpm_fifo_instance.xpm_fifo_sync_inst/xpm_fifo_base_inst/gen_pntr_flags_cc.gen_full_rst_val.ram_full_i_reg/C (clocked by clk_fpga_0) and image_rotator_design_i/axi_dma_0/U0/I_PRMRY_DATAMOVER/GEN_S2MM_FULL.I_S2MM_FULL_WRAPPER/GEN_ENABLE_INDET_BTT_SF.I_INDET_BTT/INCLUDE_PACKING.DO_REG_SLICES[3].lsig_data_slice_reg_reg[3][6]/CE (clocked by clk_fpga_0). Large setup violations at the end of those stages might be difficult to fix during the post-placement implementation flow and could be the result of non-optimal XDC constraints or non-optimal design architecture
Related violations: <none>

TIMING-16#365 Warning
Large setup violation  
There is a large setup violation of -1.955 ns between image_rotator_design_i/axi_image_rotator_0/inst/wr_ptr_reg[4]/C (clocked by clk_fpga_0) and image_rotator_design_i/axi_image_rotator_0/inst/bram_bank2_reg_2816_2879_0_2/RAMA/WADR2 (clocked by clk_fpga_0). Large setup violations at the end of those stages might be difficult to fix during the post-placement implementation flow and could be the result of non-optimal XDC constraints or non-optimal design architecture
Related violations: <none>

TIMING-16#366 Warning
Large setup violation  
There is a large setup violation of -1.955 ns between image_rotator_design_i/axi_image_rotator_0/inst/wr_ptr_reg[4]/C (clocked by clk_fpga_0) and image_rotator_design_i/axi_image_rotator_0/inst/bram_bank2_reg_2816_2879_0_2/RAMB/WADR2 (clocked by clk_fpga_0). Large setup violations at the end of those stages might be difficult to fix during the post-placement implementation flow and could be the result of non-optimal XDC constraints or non-optimal design architecture
Related violations: <none>

TIMING-16#367 Warning
Large setup violation  
There is a large setup violation of -1.955 ns between image_rotator_design_i/axi_image_rotator_0/inst/wr_ptr_reg[4]/C (clocked by clk_fpga_0) and image_rotator_design_i/axi_image_rotator_0/inst/bram_bank2_reg_2816_2879_0_2/RAMC/WADR2 (clocked by clk_fpga_0). Large setup violations at the end of those stages might be difficult to fix during the post-placement implementation flow and could be the result of non-optimal XDC constraints or non-optimal design architecture
Related violations: <none>

TIMING-16#368 Warning
Large setup violation  
There is a large setup violation of -1.955 ns between image_rotator_design_i/axi_image_rotator_0/inst/wr_ptr_reg[4]/C (clocked by clk_fpga_0) and image_rotator_design_i/axi_image_rotator_0/inst/bram_bank2_reg_2816_2879_0_2/RAMD/WADR2 (clocked by clk_fpga_0). Large setup violations at the end of those stages might be difficult to fix during the post-placement implementation flow and could be the result of non-optimal XDC constraints or non-optimal design architecture
Related violations: <none>

TIMING-16#369 Warning
Large setup violation  
There is a large setup violation of -1.980 ns between image_rotator_design_i/axi_image_rotator_0/inst/wr_ptr_reg[3]/C (clocked by clk_fpga_0) and image_rotator_design_i/axi_image_rotator_0/inst/bram_bank2_reg_256_319_0_2/RAMA/WADR1 (clocked by clk_fpga_0). Large setup violations at the end of those stages might be difficult to fix during the post-placement implementation flow and could be the result of non-optimal XDC constraints or non-optimal design architecture
Related violations: <none>

TIMING-16#370 Warning
Large setup violation  
There is a large setup violation of -1.980 ns between image_rotator_design_i/axi_image_rotator_0/inst/wr_ptr_reg[3]/C (clocked by clk_fpga_0) and image_rotator_design_i/axi_image_rotator_0/inst/bram_bank2_reg_256_319_0_2/RAMB/WADR1 (clocked by clk_fpga_0). Large setup violations at the end of those stages might be difficult to fix during the post-placement implementation flow and could be the result of non-optimal XDC constraints or non-optimal design architecture
Related violations: <none>

TIMING-16#371 Warning
Large setup violation  
There is a large setup violation of -1.980 ns between image_rotator_design_i/axi_image_rotator_0/inst/wr_ptr_reg[3]/C (clocked by clk_fpga_0) and image_rotator_design_i/axi_image_rotator_0/inst/bram_bank2_reg_256_319_0_2/RAMC/WADR1 (clocked by clk_fpga_0). Large setup violations at the end of those stages might be difficult to fix during the post-placement implementation flow and could be the result of non-optimal XDC constraints or non-optimal design architecture
Related violations: <none>

TIMING-16#372 Warning
Large setup violation  
There is a large setup violation of -1.980 ns between image_rotator_design_i/axi_image_rotator_0/inst/wr_ptr_reg[3]/C (clocked by clk_fpga_0) and image_rotator_design_i/axi_image_rotator_0/inst/bram_bank2_reg_256_319_0_2/RAMD/WADR1 (clocked by clk_fpga_0). Large setup violations at the end of those stages might be difficult to fix during the post-placement implementation flow and could be the result of non-optimal XDC constraints or non-optimal design architecture
Related violations: <none>

TIMING-16#373 Warning
Large setup violation  
There is a large setup violation of -1.987 ns between image_rotator_design_i/axi_image_rotator_0/inst/wr_ptr_reg[3]/C (clocked by clk_fpga_0) and image_rotator_design_i/axi_image_rotator_0/inst/bram_bank1_reg_3200_3263_7_7/DP/WADR1 (clocked by clk_fpga_0). Large setup violations at the end of those stages might be difficult to fix during the post-placement implementation flow and could be the result of non-optimal XDC constraints or non-optimal design architecture
Related violations: <none>

TIMING-16#374 Warning
Large setup violation  
There is a large setup violation of -1.987 ns between image_rotator_design_i/axi_image_rotator_0/inst/wr_ptr_reg[3]/C (clocked by clk_fpga_0) and image_rotator_design_i/axi_image_rotator_0/inst/bram_bank1_reg_3200_3263_7_7/SP/WADR1 (clocked by clk_fpga_0). Large setup violations at the end of those stages might be difficult to fix during the post-placement implementation flow and could be the result of non-optimal XDC constraints or non-optimal design architecture
Related violations: <none>

TIMING-16#375 Warning
Large setup violation  
There is a large setup violation of -1.988 ns between image_rotator_design_i/axi_image_rotator_0/inst/wr_ptr_reg[3]/C (clocked by clk_fpga_0) and image_rotator_design_i/axi_image_rotator_0/inst/bram_bank2_reg_1600_1663_6_6/DP/WADR1 (clocked by clk_fpga_0). Large setup violations at the end of those stages might be difficult to fix during the post-placement implementation flow and could be the result of non-optimal XDC constraints or non-optimal design architecture
Related violations: <none>

TIMING-16#376 Warning
Large setup violation  
There is a large setup violation of -1.988 ns between image_rotator_design_i/axi_image_rotator_0/inst/wr_ptr_reg[3]/C (clocked by clk_fpga_0) and image_rotator_design_i/axi_image_rotator_0/inst/bram_bank2_reg_1600_1663_6_6/SP/WADR1 (clocked by clk_fpga_0). Large setup violations at the end of those stages might be difficult to fix during the post-placement implementation flow and could be the result of non-optimal XDC constraints or non-optimal design architecture
Related violations: <none>

TIMING-16#377 Warning
Large setup violation  
There is a large setup violation of -1.995 ns between image_rotator_design_i/axi_dma_0/U0/I_PRMRY_DATAMOVER/GEN_MM2S_FULL.I_MM2S_FULL_WRAPPER/ENABLE_AXIS_SKID.I_MM2S_SKID_BUF/sig_data_reg_out_reg[6]/C (clocked by clk_fpga_0) and image_rotator_design_i/axi_image_rotator_0/inst/bram_bank0_reg_256_319_6_6/DP/I (clocked by clk_fpga_0). Large setup violations at the end of those stages might be difficult to fix during the post-placement implementation flow and could be the result of non-optimal XDC constraints or non-optimal design architecture
Related violations: <none>

TIMING-16#378 Warning
Large setup violation  
There is a large setup violation of -2.011 ns between image_rotator_design_i/axi_dma_0/U0/I_PRMRY_DATAMOVER/GEN_MM2S_FULL.I_MM2S_FULL_WRAPPER/ENABLE_AXIS_SKID.I_MM2S_SKID_BUF/sig_data_reg_out_reg[6]/C (clocked by clk_fpga_0) and image_rotator_design_i/axi_image_rotator_0/inst/bram_bank0_reg_2048_2111_6_6/DP/I (clocked by clk_fpga_0). Large setup violations at the end of those stages might be difficult to fix during the post-placement implementation flow and could be the result of non-optimal XDC constraints or non-optimal design architecture
Related violations: <none>

TIMING-16#379 Warning
Large setup violation  
There is a large setup violation of -2.039 ns between image_rotator_design_i/axi_dma_0/U0/I_PRMRY_DATAMOVER/GEN_S2MM_FULL.I_S2MM_FULL_WRAPPER/GEN_ENABLE_INDET_BTT_SF.I_INDET_BTT/I_DATA_FIFO/BLK_MEM.I_SYNC_FIFOGEN_FIFO/xpm_fifo_instance.xpm_fifo_sync_inst/xpm_fifo_base_inst/gen_pntr_flags_cc.gen_full_rst_val.ram_full_i_reg/C (clocked by clk_fpga_0) and image_rotator_design_i/axi_dma_0/U0/I_PRMRY_DATAMOVER/GEN_S2MM_FULL.I_S2MM_FULL_WRAPPER/GEN_ENABLE_INDET_BTT_SF.I_INDET_BTT/INCLUDE_PACKING.DO_REG_SLICES[3].lsig_data_slice_reg_reg[3][2]/D (clocked by clk_fpga_0). Large setup violations at the end of those stages might be difficult to fix during the post-placement implementation flow and could be the result of non-optimal XDC constraints or non-optimal design architecture
Related violations: <none>

TIMING-16#380 Warning
Large setup violation  
There is a large setup violation of -2.039 ns between image_rotator_design_i/axi_image_rotator_0/inst/wr_ptr_reg[4]/C (clocked by clk_fpga_0) and image_rotator_design_i/axi_image_rotator_0/inst/bram_bank2_reg_2304_2367_6_6/DP/WADR2 (clocked by clk_fpga_0). Large setup violations at the end of those stages might be difficult to fix during the post-placement implementation flow and could be the result of non-optimal XDC constraints or non-optimal design architecture
Related violations: <none>

TIMING-16#381 Warning
Large setup violation  
There is a large setup violation of -2.039 ns between image_rotator_design_i/axi_image_rotator_0/inst/wr_ptr_reg[4]/C (clocked by clk_fpga_0) and image_rotator_design_i/axi_image_rotator_0/inst/bram_bank2_reg_2304_2367_6_6/SP/WADR2 (clocked by clk_fpga_0). Large setup violations at the end of those stages might be difficult to fix during the post-placement implementation flow and could be the result of non-optimal XDC constraints or non-optimal design architecture
Related violations: <none>

TIMING-16#382 Warning
Large setup violation  
There is a large setup violation of -2.044 ns between image_rotator_design_i/axi_image_rotator_0/inst/wr_ptr_reg[4]/C (clocked by clk_fpga_0) and image_rotator_design_i/axi_image_rotator_0/inst/bram_bank2_reg_3584_3647_6_6/DP/WADR2 (clocked by clk_fpga_0). Large setup violations at the end of those stages might be difficult to fix during the post-placement implementation flow and could be the result of non-optimal XDC constraints or non-optimal design architecture
Related violations: <none>

TIMING-16#383 Warning
Large setup violation  
There is a large setup violation of -2.044 ns between image_rotator_design_i/axi_image_rotator_0/inst/wr_ptr_reg[4]/C (clocked by clk_fpga_0) and image_rotator_design_i/axi_image_rotator_0/inst/bram_bank2_reg_3584_3647_6_6/SP/WADR2 (clocked by clk_fpga_0). Large setup violations at the end of those stages might be difficult to fix during the post-placement implementation flow and could be the result of non-optimal XDC constraints or non-optimal design architecture
Related violations: <none>

TIMING-16#384 Warning
Large setup violation  
There is a large setup violation of -2.046 ns between image_rotator_design_i/axi_dma_0/U0/I_PRMRY_DATAMOVER/GEN_MM2S_FULL.I_MM2S_FULL_WRAPPER/ENABLE_AXIS_SKID.I_MM2S_SKID_BUF/sig_data_reg_out_reg[6]/C (clocked by clk_fpga_0) and image_rotator_design_i/axi_image_rotator_0/inst/bram_bank1_reg_896_959_6_6/DP/I (clocked by clk_fpga_0). Large setup violations at the end of those stages might be difficult to fix during the post-placement implementation flow and could be the result of non-optimal XDC constraints or non-optimal design architecture
Related violations: <none>

TIMING-16#385 Warning
Large setup violation  
There is a large setup violation of -2.049 ns between image_rotator_design_i/axi_dma_0/U0/I_PRMRY_DATAMOVER/GEN_MM2S_FULL.I_MM2S_FULL_WRAPPER/ENABLE_AXIS_SKID.I_MM2S_SKID_BUF/sig_data_reg_out_reg[7]/C (clocked by clk_fpga_0) and image_rotator_design_i/axi_image_rotator_0/inst/bram_bank0_reg_768_831_7_7/SP/I (clocked by clk_fpga_0). Large setup violations at the end of those stages might be difficult to fix during the post-placement implementation flow and could be the result of non-optimal XDC constraints or non-optimal design architecture
Related violations: <none>

TIMING-16#386 Warning
Large setup violation  
There is a large setup violation of -2.061 ns between image_rotator_design_i/axi_dma_0/U0/I_PRMRY_DATAMOVER/GEN_MM2S_FULL.I_MM2S_FULL_WRAPPER/ENABLE_AXIS_SKID.I_MM2S_SKID_BUF/sig_data_reg_out_reg[6]/C (clocked by clk_fpga_0) and image_rotator_design_i/axi_image_rotator_0/inst/bram_bank1_reg_832_895_6_6/DP/I (clocked by clk_fpga_0). Large setup violations at the end of those stages might be difficult to fix during the post-placement implementation flow and could be the result of non-optimal XDC constraints or non-optimal design architecture
Related violations: <none>

TIMING-16#387 Warning
Large setup violation  
There is a large setup violation of -2.062 ns between image_rotator_design_i/axi_dma_0/U0/I_PRMRY_DATAMOVER/GEN_S2MM_FULL.I_S2MM_FULL_WRAPPER/GEN_ENABLE_INDET_BTT_SF.I_INDET_BTT/I_DATA_FIFO/BLK_MEM.I_SYNC_FIFOGEN_FIFO/xpm_fifo_instance.xpm_fifo_sync_inst/xpm_fifo_base_inst/gen_pntr_flags_cc.gen_full_rst_val.ram_full_i_reg/C (clocked by clk_fpga_0) and image_rotator_design_i/axi_dma_0/U0/I_PRMRY_DATAMOVER/GEN_S2MM_FULL.I_S2MM_FULL_WRAPPER/GEN_ENABLE_INDET_BTT_SF.I_INDET_BTT/INCLUDE_PACKING.DO_REG_SLICES[3].lsig_data_slice_reg_reg[3][7]/D (clocked by clk_fpga_0). Large setup violations at the end of those stages might be difficult to fix during the post-placement implementation flow and could be the result of non-optimal XDC constraints or non-optimal design architecture
Related violations: <none>

TIMING-16#388 Warning
Large setup violation  
There is a large setup violation of -2.063 ns between image_rotator_design_i/axi_image_rotator_0/inst/state_reg[0]/C (clocked by clk_fpga_0) and image_rotator_design_i/axi_image_rotator_0/inst/bram_bank1_reg_2304_2367_0_2/RAMA/WE (clocked by clk_fpga_0). Large setup violations at the end of those stages might be difficult to fix during the post-placement implementation flow and could be the result of non-optimal XDC constraints or non-optimal design architecture
Related violations: <none>

TIMING-16#389 Warning
Large setup violation  
There is a large setup violation of -2.063 ns between image_rotator_design_i/axi_image_rotator_0/inst/state_reg[0]/C (clocked by clk_fpga_0) and image_rotator_design_i/axi_image_rotator_0/inst/bram_bank1_reg_2304_2367_0_2/RAMB/WE (clocked by clk_fpga_0). Large setup violations at the end of those stages might be difficult to fix during the post-placement implementation flow and could be the result of non-optimal XDC constraints or non-optimal design architecture
Related violations: <none>

TIMING-16#390 Warning
Large setup violation  
There is a large setup violation of -2.063 ns between image_rotator_design_i/axi_image_rotator_0/inst/state_reg[0]/C (clocked by clk_fpga_0) and image_rotator_design_i/axi_image_rotator_0/inst/bram_bank1_reg_2304_2367_0_2/RAMC/WE (clocked by clk_fpga_0). Large setup violations at the end of those stages might be difficult to fix during the post-placement implementation flow and could be the result of non-optimal XDC constraints or non-optimal design architecture
Related violations: <none>

TIMING-16#391 Warning
Large setup violation  
There is a large setup violation of -2.063 ns between image_rotator_design_i/axi_image_rotator_0/inst/state_reg[0]/C (clocked by clk_fpga_0) and image_rotator_design_i/axi_image_rotator_0/inst/bram_bank1_reg_2304_2367_0_2/RAMD/WE (clocked by clk_fpga_0). Large setup violations at the end of those stages might be difficult to fix during the post-placement implementation flow and could be the result of non-optimal XDC constraints or non-optimal design architecture
Related violations: <none>

TIMING-16#392 Warning
Large setup violation  
There is a large setup violation of -2.067 ns between image_rotator_design_i/axi_dma_0/U0/I_PRMRY_DATAMOVER/GEN_S2MM_FULL.I_S2MM_FULL_WRAPPER/GEN_ENABLE_INDET_BTT_SF.I_INDET_BTT/I_DATA_FIFO/BLK_MEM.I_SYNC_FIFOGEN_FIFO/xpm_fifo_instance.xpm_fifo_sync_inst/xpm_fifo_base_inst/gen_pntr_flags_cc.gen_full_rst_val.ram_full_i_reg/C (clocked by clk_fpga_0) and image_rotator_design_i/axi_dma_0/U0/I_PRMRY_DATAMOVER/GEN_S2MM_FULL.I_S2MM_FULL_WRAPPER/GEN_ENABLE_INDET_BTT_SF.I_INDET_BTT/INCLUDE_PACKING.DO_REG_SLICES[3].lsig_data_slice_reg_reg[3][6]/D (clocked by clk_fpga_0). Large setup violations at the end of those stages might be difficult to fix during the post-placement implementation flow and could be the result of non-optimal XDC constraints or non-optimal design architecture
Related violations: <none>

TIMING-16#393 Warning
Large setup violation  
There is a large setup violation of -2.074 ns between image_rotator_design_i/axi_dma_0/U0/I_PRMRY_DATAMOVER/GEN_MM2S_FULL.I_MM2S_FULL_WRAPPER/ENABLE_AXIS_SKID.I_MM2S_SKID_BUF/sig_data_reg_out_reg[6]/C (clocked by clk_fpga_0) and image_rotator_design_i/axi_image_rotator_0/inst/bram_bank1_reg_448_511_6_6/SP/I (clocked by clk_fpga_0). Large setup violations at the end of those stages might be difficult to fix during the post-placement implementation flow and could be the result of non-optimal XDC constraints or non-optimal design architecture
Related violations: <none>

TIMING-16#394 Warning
Large setup violation  
There is a large setup violation of -2.084 ns between image_rotator_design_i/axi_dma_0/U0/I_PRMRY_DATAMOVER/GEN_MM2S_FULL.I_MM2S_FULL_WRAPPER/ENABLE_AXIS_SKID.I_MM2S_SKID_BUF/sig_data_reg_out_reg[6]/C (clocked by clk_fpga_0) and image_rotator_design_i/axi_image_rotator_0/inst/bram_bank1_reg_384_447_6_6/SP/I (clocked by clk_fpga_0). Large setup violations at the end of those stages might be difficult to fix during the post-placement implementation flow and could be the result of non-optimal XDC constraints or non-optimal design architecture
Related violations: <none>

TIMING-16#395 Warning
Large setup violation  
There is a large setup violation of -2.090 ns between image_rotator_design_i/axi_image_rotator_0/inst/wr_ptr_reg[4]/C (clocked by clk_fpga_0) and image_rotator_design_i/axi_image_rotator_0/inst/bram_bank2_reg_1536_1599_0_2/RAMA/WADR2 (clocked by clk_fpga_0). Large setup violations at the end of those stages might be difficult to fix during the post-placement implementation flow and could be the result of non-optimal XDC constraints or non-optimal design architecture
Related violations: <none>

TIMING-16#396 Warning
Large setup violation  
There is a large setup violation of -2.090 ns between image_rotator_design_i/axi_image_rotator_0/inst/wr_ptr_reg[4]/C (clocked by clk_fpga_0) and image_rotator_design_i/axi_image_rotator_0/inst/bram_bank2_reg_1536_1599_0_2/RAMB/WADR2 (clocked by clk_fpga_0). Large setup violations at the end of those stages might be difficult to fix during the post-placement implementation flow and could be the result of non-optimal XDC constraints or non-optimal design architecture
Related violations: <none>

TIMING-16#397 Warning
Large setup violation  
There is a large setup violation of -2.090 ns between image_rotator_design_i/axi_image_rotator_0/inst/wr_ptr_reg[4]/C (clocked by clk_fpga_0) and image_rotator_design_i/axi_image_rotator_0/inst/bram_bank2_reg_1536_1599_0_2/RAMC/WADR2 (clocked by clk_fpga_0). Large setup violations at the end of those stages might be difficult to fix during the post-placement implementation flow and could be the result of non-optimal XDC constraints or non-optimal design architecture
Related violations: <none>

TIMING-16#398 Warning
Large setup violation  
There is a large setup violation of -2.090 ns between image_rotator_design_i/axi_image_rotator_0/inst/wr_ptr_reg[4]/C (clocked by clk_fpga_0) and image_rotator_design_i/axi_image_rotator_0/inst/bram_bank2_reg_1536_1599_0_2/RAMD/WADR2 (clocked by clk_fpga_0). Large setup violations at the end of those stages might be difficult to fix during the post-placement implementation flow and could be the result of non-optimal XDC constraints or non-optimal design architecture
Related violations: <none>

TIMING-16#399 Warning
Large setup violation  
There is a large setup violation of -2.098 ns between image_rotator_design_i/axi_dma_0/U0/I_PRMRY_DATAMOVER/GEN_S2MM_FULL.I_S2MM_FULL_WRAPPER/GEN_ENABLE_INDET_BTT_SF.I_INDET_BTT/I_DATA_FIFO/BLK_MEM.I_SYNC_FIFOGEN_FIFO/xpm_fifo_instance.xpm_fifo_sync_inst/xpm_fifo_base_inst/gen_pntr_flags_cc.gen_full_rst_val.ram_full_i_reg/C (clocked by clk_fpga_0) and image_rotator_design_i/axi_dma_0/U0/I_PRMRY_DATAMOVER/GEN_S2MM_FULL.I_S2MM_FULL_WRAPPER/GEN_ENABLE_INDET_BTT_SF.I_INDET_BTT/INCLUDE_PACKING.DO_REG_SLICES[3].lsig_data_slice_reg_reg[3][0]/D (clocked by clk_fpga_0). Large setup violations at the end of those stages might be difficult to fix during the post-placement implementation flow and could be the result of non-optimal XDC constraints or non-optimal design architecture
Related violations: <none>

TIMING-16#400 Warning
Large setup violation  
There is a large setup violation of -2.109 ns between image_rotator_design_i/axi_dma_0/U0/I_PRMRY_DATAMOVER/GEN_S2MM_FULL.I_S2MM_FULL_WRAPPER/GEN_ENABLE_INDET_BTT_SF.I_INDET_BTT/I_DATA_FIFO/BLK_MEM.I_SYNC_FIFOGEN_FIFO/xpm_fifo_instance.xpm_fifo_sync_inst/xpm_fifo_base_inst/gen_pntr_flags_cc.gen_full_rst_val.ram_full_i_reg/C (clocked by clk_fpga_0) and image_rotator_design_i/axi_dma_0/U0/I_PRMRY_DATAMOVER/GEN_S2MM_FULL.I_S2MM_FULL_WRAPPER/GEN_ENABLE_INDET_BTT_SF.I_INDET_BTT/INCLUDE_PACKING.DO_REG_SLICES[3].lsig_data_slice_reg_reg[3][5]/D (clocked by clk_fpga_0). Large setup violations at the end of those stages might be difficult to fix during the post-placement implementation flow and could be the result of non-optimal XDC constraints or non-optimal design architecture
Related violations: <none>

TIMING-16#401 Warning
Large setup violation  
There is a large setup violation of -2.111 ns between image_rotator_design_i/axi_image_rotator_0/inst/wr_ptr_reg[4]/C (clocked by clk_fpga_0) and image_rotator_design_i/axi_image_rotator_0/inst/bram_bank1_reg_2304_2367_7_7/DP/WADR2 (clocked by clk_fpga_0). Large setup violations at the end of those stages might be difficult to fix during the post-placement implementation flow and could be the result of non-optimal XDC constraints or non-optimal design architecture
Related violations: <none>

TIMING-16#402 Warning
Large setup violation  
There is a large setup violation of -2.111 ns between image_rotator_design_i/axi_image_rotator_0/inst/wr_ptr_reg[4]/C (clocked by clk_fpga_0) and image_rotator_design_i/axi_image_rotator_0/inst/bram_bank1_reg_2304_2367_7_7/SP/WADR2 (clocked by clk_fpga_0). Large setup violations at the end of those stages might be difficult to fix during the post-placement implementation flow and could be the result of non-optimal XDC constraints or non-optimal design architecture
Related violations: <none>

TIMING-16#403 Warning
Large setup violation  
There is a large setup violation of -2.114 ns between image_rotator_design_i/axi_dma_0/U0/I_PRMRY_DATAMOVER/GEN_S2MM_FULL.I_S2MM_FULL_WRAPPER/GEN_ENABLE_INDET_BTT_SF.I_INDET_BTT/I_DATA_FIFO/BLK_MEM.I_SYNC_FIFOGEN_FIFO/xpm_fifo_instance.xpm_fifo_sync_inst/xpm_fifo_base_inst/gen_pntr_flags_cc.gen_full_rst_val.ram_full_i_reg/C (clocked by clk_fpga_0) and image_rotator_design_i/axi_dma_0/U0/I_PRMRY_DATAMOVER/GEN_S2MM_FULL.I_S2MM_FULL_WRAPPER/GEN_ENABLE_INDET_BTT_SF.I_INDET_BTT/INCLUDE_PACKING.DO_REG_SLICES[3].lsig_data_slice_reg_reg[3][3]/D (clocked by clk_fpga_0). Large setup violations at the end of those stages might be difficult to fix during the post-placement implementation flow and could be the result of non-optimal XDC constraints or non-optimal design architecture
Related violations: <none>

TIMING-16#404 Warning
Large setup violation  
There is a large setup violation of -2.114 ns between image_rotator_design_i/axi_image_rotator_0/inst/wr_ptr_reg[4]/C (clocked by clk_fpga_0) and image_rotator_design_i/axi_image_rotator_0/inst/bram_bank2_reg_1280_1343_6_6/DP/WADR2 (clocked by clk_fpga_0). Large setup violations at the end of those stages might be difficult to fix during the post-placement implementation flow and could be the result of non-optimal XDC constraints or non-optimal design architecture
Related violations: <none>

TIMING-16#405 Warning
Large setup violation  
There is a large setup violation of -2.114 ns between image_rotator_design_i/axi_image_rotator_0/inst/wr_ptr_reg[4]/C (clocked by clk_fpga_0) and image_rotator_design_i/axi_image_rotator_0/inst/bram_bank2_reg_1280_1343_6_6/SP/WADR2 (clocked by clk_fpga_0). Large setup violations at the end of those stages might be difficult to fix during the post-placement implementation flow and could be the result of non-optimal XDC constraints or non-optimal design architecture
Related violations: <none>

TIMING-16#406 Warning
Large setup violation  
There is a large setup violation of -2.114 ns between image_rotator_design_i/axi_image_rotator_0/inst/wr_ptr_reg[4]/C (clocked by clk_fpga_0) and image_rotator_design_i/axi_image_rotator_0/inst/bram_bank2_reg_1984_2047_0_2/RAMA/WADR2 (clocked by clk_fpga_0). Large setup violations at the end of those stages might be difficult to fix during the post-placement implementation flow and could be the result of non-optimal XDC constraints or non-optimal design architecture
Related violations: <none>

TIMING-16#407 Warning
Large setup violation  
There is a large setup violation of -2.114 ns between image_rotator_design_i/axi_image_rotator_0/inst/wr_ptr_reg[4]/C (clocked by clk_fpga_0) and image_rotator_design_i/axi_image_rotator_0/inst/bram_bank2_reg_1984_2047_0_2/RAMB/WADR2 (clocked by clk_fpga_0). Large setup violations at the end of those stages might be difficult to fix during the post-placement implementation flow and could be the result of non-optimal XDC constraints or non-optimal design architecture
Related violations: <none>

TIMING-16#408 Warning
Large setup violation  
There is a large setup violation of -2.114 ns between image_rotator_design_i/axi_image_rotator_0/inst/wr_ptr_reg[4]/C (clocked by clk_fpga_0) and image_rotator_design_i/axi_image_rotator_0/inst/bram_bank2_reg_1984_2047_0_2/RAMC/WADR2 (clocked by clk_fpga_0). Large setup violations at the end of those stages might be difficult to fix during the post-placement implementation flow and could be the result of non-optimal XDC constraints or non-optimal design architecture
Related violations: <none>

TIMING-16#409 Warning
Large setup violation  
There is a large setup violation of -2.114 ns between image_rotator_design_i/axi_image_rotator_0/inst/wr_ptr_reg[4]/C (clocked by clk_fpga_0) and image_rotator_design_i/axi_image_rotator_0/inst/bram_bank2_reg_1984_2047_0_2/RAMD/WADR2 (clocked by clk_fpga_0). Large setup violations at the end of those stages might be difficult to fix during the post-placement implementation flow and could be the result of non-optimal XDC constraints or non-optimal design architecture
Related violations: <none>

TIMING-16#410 Warning
Large setup violation  
There is a large setup violation of -2.116 ns between image_rotator_design_i/axi_image_rotator_0/inst/wr_ptr_reg[4]/C (clocked by clk_fpga_0) and image_rotator_design_i/axi_image_rotator_0/inst/bram_bank2_reg_2240_2303_7_7/DP/WADR2 (clocked by clk_fpga_0). Large setup violations at the end of those stages might be difficult to fix during the post-placement implementation flow and could be the result of non-optimal XDC constraints or non-optimal design architecture
Related violations: <none>

TIMING-16#411 Warning
Large setup violation  
There is a large setup violation of -2.116 ns between image_rotator_design_i/axi_image_rotator_0/inst/wr_ptr_reg[4]/C (clocked by clk_fpga_0) and image_rotator_design_i/axi_image_rotator_0/inst/bram_bank2_reg_2240_2303_7_7/SP/WADR2 (clocked by clk_fpga_0). Large setup violations at the end of those stages might be difficult to fix during the post-placement implementation flow and could be the result of non-optimal XDC constraints or non-optimal design architecture
Related violations: <none>

TIMING-16#412 Warning
Large setup violation  
There is a large setup violation of -2.125 ns between image_rotator_design_i/axi_dma_0/U0/I_PRMRY_DATAMOVER/GEN_MM2S_FULL.I_MM2S_FULL_WRAPPER/ENABLE_AXIS_SKID.I_MM2S_SKID_BUF/sig_data_reg_out_reg[7]/C (clocked by clk_fpga_0) and image_rotator_design_i/axi_image_rotator_0/inst/bram_bank1_reg_1152_1215_7_7/SP/I (clocked by clk_fpga_0). Large setup violations at the end of those stages might be difficult to fix during the post-placement implementation flow and could be the result of non-optimal XDC constraints or non-optimal design architecture
Related violations: <none>

TIMING-16#413 Warning
Large setup violation  
There is a large setup violation of -2.130 ns between image_rotator_design_i/axi_dma_0/U0/I_PRMRY_DATAMOVER/GEN_MM2S_FULL.I_MM2S_FULL_WRAPPER/ENABLE_AXIS_SKID.I_MM2S_SKID_BUF/sig_data_reg_out_reg[7]/C (clocked by clk_fpga_0) and image_rotator_design_i/axi_image_rotator_0/inst/bram_bank0_reg_128_191_7_7/DP/I (clocked by clk_fpga_0). Large setup violations at the end of those stages might be difficult to fix during the post-placement implementation flow and could be the result of non-optimal XDC constraints or non-optimal design architecture
Related violations: <none>

TIMING-16#414 Warning
Large setup violation  
There is a large setup violation of -2.136 ns between image_rotator_design_i/axi_image_rotator_0/inst/wr_ptr_reg[3]/C (clocked by clk_fpga_0) and image_rotator_design_i/axi_image_rotator_0/inst/bram_bank1_reg_2688_2751_7_7/DP/WADR1 (clocked by clk_fpga_0). Large setup violations at the end of those stages might be difficult to fix during the post-placement implementation flow and could be the result of non-optimal XDC constraints or non-optimal design architecture
Related violations: <none>

TIMING-16#415 Warning
Large setup violation  
There is a large setup violation of -2.136 ns between image_rotator_design_i/axi_image_rotator_0/inst/wr_ptr_reg[3]/C (clocked by clk_fpga_0) and image_rotator_design_i/axi_image_rotator_0/inst/bram_bank1_reg_2688_2751_7_7/SP/WADR1 (clocked by clk_fpga_0). Large setup violations at the end of those stages might be difficult to fix during the post-placement implementation flow and could be the result of non-optimal XDC constraints or non-optimal design architecture
Related violations: <none>

TIMING-16#416 Warning
Large setup violation  
There is a large setup violation of -2.137 ns between image_rotator_design_i/axi_image_rotator_0/inst/wr_ptr_reg[3]/C (clocked by clk_fpga_0) and image_rotator_design_i/axi_image_rotator_0/inst/bram_bank1_reg_3136_3199_7_7/DP/WADR1 (clocked by clk_fpga_0). Large setup violations at the end of those stages might be difficult to fix during the post-placement implementation flow and could be the result of non-optimal XDC constraints or non-optimal design architecture
Related violations: <none>

TIMING-16#417 Warning
Large setup violation  
There is a large setup violation of -2.137 ns between image_rotator_design_i/axi_image_rotator_0/inst/wr_ptr_reg[3]/C (clocked by clk_fpga_0) and image_rotator_design_i/axi_image_rotator_0/inst/bram_bank1_reg_3136_3199_7_7/SP/WADR1 (clocked by clk_fpga_0). Large setup violations at the end of those stages might be difficult to fix during the post-placement implementation flow and could be the result of non-optimal XDC constraints or non-optimal design architecture
Related violations: <none>

TIMING-16#418 Warning
Large setup violation  
There is a large setup violation of -2.157 ns between image_rotator_design_i/axi_image_rotator_0/inst/state_reg[0]/C (clocked by clk_fpga_0) and image_rotator_design_i/axi_image_rotator_0/inst/bram_bank0_reg_3200_3263_6_6/DP/WE (clocked by clk_fpga_0). Large setup violations at the end of those stages might be difficult to fix during the post-placement implementation flow and could be the result of non-optimal XDC constraints or non-optimal design architecture
Related violations: <none>

TIMING-16#419 Warning
Large setup violation  
There is a large setup violation of -2.157 ns between image_rotator_design_i/axi_image_rotator_0/inst/state_reg[0]/C (clocked by clk_fpga_0) and image_rotator_design_i/axi_image_rotator_0/inst/bram_bank0_reg_3200_3263_6_6/SP/WE (clocked by clk_fpga_0). Large setup violations at the end of those stages might be difficult to fix during the post-placement implementation flow and could be the result of non-optimal XDC constraints or non-optimal design architecture
Related violations: <none>

TIMING-16#420 Warning
Large setup violation  
There is a large setup violation of -2.161 ns between image_rotator_design_i/axi_dma_0/U0/I_PRMRY_DATAMOVER/GEN_MM2S_FULL.I_MM2S_FULL_WRAPPER/ENABLE_AXIS_SKID.I_MM2S_SKID_BUF/sig_data_reg_out_reg[7]/C (clocked by clk_fpga_0) and image_rotator_design_i/axi_image_rotator_0/inst/bram_bank1_reg_1280_1343_7_7/DP/I (clocked by clk_fpga_0). Large setup violations at the end of those stages might be difficult to fix during the post-placement implementation flow and could be the result of non-optimal XDC constraints or non-optimal design architecture
Related violations: <none>

TIMING-16#421 Warning
Large setup violation  
There is a large setup violation of -2.169 ns between image_rotator_design_i/axi_dma_0/U0/I_PRMRY_DATAMOVER/GEN_MM2S_FULL.I_MM2S_FULL_WRAPPER/ENABLE_AXIS_SKID.I_MM2S_SKID_BUF/sig_data_reg_out_reg[6]/C (clocked by clk_fpga_0) and image_rotator_design_i/axi_image_rotator_0/inst/bram_bank1_reg_2560_2623_6_6/SP/I (clocked by clk_fpga_0). Large setup violations at the end of those stages might be difficult to fix during the post-placement implementation flow and could be the result of non-optimal XDC constraints or non-optimal design architecture
Related violations: <none>

TIMING-16#422 Warning
Large setup violation  
There is a large setup violation of -2.173 ns between image_rotator_design_i/axi_dma_0/U0/I_PRMRY_DATAMOVER/GEN_MM2S_FULL.I_MM2S_FULL_WRAPPER/ENABLE_AXIS_SKID.I_MM2S_SKID_BUF/sig_data_reg_out_reg[6]/C (clocked by clk_fpga_0) and image_rotator_design_i/axi_image_rotator_0/inst/bram_bank0_reg_1536_1599_6_6/DP/I (clocked by clk_fpga_0). Large setup violations at the end of those stages might be difficult to fix during the post-placement implementation flow and could be the result of non-optimal XDC constraints or non-optimal design architecture
Related violations: <none>

TIMING-16#423 Warning
Large setup violation  
There is a large setup violation of -2.194 ns between image_rotator_design_i/axi_dma_0/U0/I_PRMRY_DATAMOVER/GEN_MM2S_FULL.I_MM2S_FULL_WRAPPER/ENABLE_AXIS_SKID.I_MM2S_SKID_BUF/sig_data_reg_out_reg[7]/C (clocked by clk_fpga_0) and image_rotator_design_i/axi_image_rotator_0/inst/bram_bank1_reg_1728_1791_7_7/SP/I (clocked by clk_fpga_0). Large setup violations at the end of those stages might be difficult to fix during the post-placement implementation flow and could be the result of non-optimal XDC constraints or non-optimal design architecture
Related violations: <none>

TIMING-16#424 Warning
Large setup violation  
There is a large setup violation of -2.231 ns between image_rotator_design_i/axi_image_rotator_0/inst/wr_ptr_reg[4]/C (clocked by clk_fpga_0) and image_rotator_design_i/axi_image_rotator_0/inst/bram_bank1_reg_256_319_3_5/RAMA/WADR2 (clocked by clk_fpga_0). Large setup violations at the end of those stages might be difficult to fix during the post-placement implementation flow and could be the result of non-optimal XDC constraints or non-optimal design architecture
Related violations: <none>

TIMING-16#425 Warning
Large setup violation  
There is a large setup violation of -2.231 ns between image_rotator_design_i/axi_image_rotator_0/inst/wr_ptr_reg[4]/C (clocked by clk_fpga_0) and image_rotator_design_i/axi_image_rotator_0/inst/bram_bank1_reg_256_319_3_5/RAMB/WADR2 (clocked by clk_fpga_0). Large setup violations at the end of those stages might be difficult to fix during the post-placement implementation flow and could be the result of non-optimal XDC constraints or non-optimal design architecture
Related violations: <none>

TIMING-16#426 Warning
Large setup violation  
There is a large setup violation of -2.231 ns between image_rotator_design_i/axi_image_rotator_0/inst/wr_ptr_reg[4]/C (clocked by clk_fpga_0) and image_rotator_design_i/axi_image_rotator_0/inst/bram_bank1_reg_256_319_3_5/RAMC/WADR2 (clocked by clk_fpga_0). Large setup violations at the end of those stages might be difficult to fix during the post-placement implementation flow and could be the result of non-optimal XDC constraints or non-optimal design architecture
Related violations: <none>

TIMING-16#427 Warning
Large setup violation  
There is a large setup violation of -2.231 ns between image_rotator_design_i/axi_image_rotator_0/inst/wr_ptr_reg[4]/C (clocked by clk_fpga_0) and image_rotator_design_i/axi_image_rotator_0/inst/bram_bank1_reg_256_319_3_5/RAMD/WADR2 (clocked by clk_fpga_0). Large setup violations at the end of those stages might be difficult to fix during the post-placement implementation flow and could be the result of non-optimal XDC constraints or non-optimal design architecture
Related violations: <none>

TIMING-16#428 Warning
Large setup violation  
There is a large setup violation of -2.233 ns between image_rotator_design_i/axi_dma_0/U0/I_PRMRY_DATAMOVER/GEN_MM2S_FULL.I_MM2S_FULL_WRAPPER/ENABLE_AXIS_SKID.I_MM2S_SKID_BUF/sig_data_reg_out_reg[7]/C (clocked by clk_fpga_0) and image_rotator_design_i/axi_image_rotator_0/inst/bram_bank1_reg_1536_1599_7_7/DP/I (clocked by clk_fpga_0). Large setup violations at the end of those stages might be difficult to fix during the post-placement implementation flow and could be the result of non-optimal XDC constraints or non-optimal design architecture
Related violations: <none>

TIMING-16#429 Warning
Large setup violation  
There is a large setup violation of -2.234 ns between image_rotator_design_i/axi_dma_0/U0/I_PRMRY_DATAMOVER/GEN_MM2S_FULL.I_MM2S_FULL_WRAPPER/ENABLE_AXIS_SKID.I_MM2S_SKID_BUF/sig_data_reg_out_reg[6]/C (clocked by clk_fpga_0) and image_rotator_design_i/axi_image_rotator_0/inst/bram_bank1_reg_256_319_6_6/SP/I (clocked by clk_fpga_0). Large setup violations at the end of those stages might be difficult to fix during the post-placement implementation flow and could be the result of non-optimal XDC constraints or non-optimal design architecture
Related violations: <none>

TIMING-16#430 Warning
Large setup violation  
There is a large setup violation of -2.261 ns between image_rotator_design_i/axi_image_rotator_0/inst/wr_ptr_reg[4]/C (clocked by clk_fpga_0) and image_rotator_design_i/axi_image_rotator_0/inst/bram_bank2_reg_1792_1855_0_2/RAMA/WADR2 (clocked by clk_fpga_0). Large setup violations at the end of those stages might be difficult to fix during the post-placement implementation flow and could be the result of non-optimal XDC constraints or non-optimal design architecture
Related violations: <none>

TIMING-16#431 Warning
Large setup violation  
There is a large setup violation of -2.261 ns between image_rotator_design_i/axi_image_rotator_0/inst/wr_ptr_reg[4]/C (clocked by clk_fpga_0) and image_rotator_design_i/axi_image_rotator_0/inst/bram_bank2_reg_1792_1855_0_2/RAMB/WADR2 (clocked by clk_fpga_0). Large setup violations at the end of those stages might be difficult to fix during the post-placement implementation flow and could be the result of non-optimal XDC constraints or non-optimal design architecture
Related violations: <none>

TIMING-16#432 Warning
Large setup violation  
There is a large setup violation of -2.261 ns between image_rotator_design_i/axi_image_rotator_0/inst/wr_ptr_reg[4]/C (clocked by clk_fpga_0) and image_rotator_design_i/axi_image_rotator_0/inst/bram_bank2_reg_1792_1855_0_2/RAMC/WADR2 (clocked by clk_fpga_0). Large setup violations at the end of those stages might be difficult to fix during the post-placement implementation flow and could be the result of non-optimal XDC constraints or non-optimal design architecture
Related violations: <none>

TIMING-16#433 Warning
Large setup violation  
There is a large setup violation of -2.261 ns between image_rotator_design_i/axi_image_rotator_0/inst/wr_ptr_reg[4]/C (clocked by clk_fpga_0) and image_rotator_design_i/axi_image_rotator_0/inst/bram_bank2_reg_1792_1855_0_2/RAMD/WADR2 (clocked by clk_fpga_0). Large setup violations at the end of those stages might be difficult to fix during the post-placement implementation flow and could be the result of non-optimal XDC constraints or non-optimal design architecture
Related violations: <none>

TIMING-16#434 Warning
Large setup violation  
There is a large setup violation of -2.266 ns between image_rotator_design_i/axi_image_rotator_0/inst/wr_ptr_reg[4]/C (clocked by clk_fpga_0) and image_rotator_design_i/axi_image_rotator_0/inst/bram_bank2_reg_2176_2239_0_2/RAMA/WADR2 (clocked by clk_fpga_0). Large setup violations at the end of those stages might be difficult to fix during the post-placement implementation flow and could be the result of non-optimal XDC constraints or non-optimal design architecture
Related violations: <none>

TIMING-16#435 Warning
Large setup violation  
There is a large setup violation of -2.266 ns between image_rotator_design_i/axi_image_rotator_0/inst/wr_ptr_reg[4]/C (clocked by clk_fpga_0) and image_rotator_design_i/axi_image_rotator_0/inst/bram_bank2_reg_2176_2239_0_2/RAMB/WADR2 (clocked by clk_fpga_0). Large setup violations at the end of those stages might be difficult to fix during the post-placement implementation flow and could be the result of non-optimal XDC constraints or non-optimal design architecture
Related violations: <none>

TIMING-16#436 Warning
Large setup violation  
There is a large setup violation of -2.266 ns between image_rotator_design_i/axi_image_rotator_0/inst/wr_ptr_reg[4]/C (clocked by clk_fpga_0) and image_rotator_design_i/axi_image_rotator_0/inst/bram_bank2_reg_2176_2239_0_2/RAMC/WADR2 (clocked by clk_fpga_0). Large setup violations at the end of those stages might be difficult to fix during the post-placement implementation flow and could be the result of non-optimal XDC constraints or non-optimal design architecture
Related violations: <none>

TIMING-16#437 Warning
Large setup violation  
There is a large setup violation of -2.266 ns between image_rotator_design_i/axi_image_rotator_0/inst/wr_ptr_reg[4]/C (clocked by clk_fpga_0) and image_rotator_design_i/axi_image_rotator_0/inst/bram_bank2_reg_2176_2239_0_2/RAMD/WADR2 (clocked by clk_fpga_0). Large setup violations at the end of those stages might be difficult to fix during the post-placement implementation flow and could be the result of non-optimal XDC constraints or non-optimal design architecture
Related violations: <none>

TIMING-16#438 Warning
Large setup violation  
There is a large setup violation of -2.269 ns between image_rotator_design_i/axi_image_rotator_0/inst/wr_ptr_reg[4]/C (clocked by clk_fpga_0) and image_rotator_design_i/axi_image_rotator_0/inst/bram_bank2_reg_2432_2495_0_2/RAMA/WADR2 (clocked by clk_fpga_0). Large setup violations at the end of those stages might be difficult to fix during the post-placement implementation flow and could be the result of non-optimal XDC constraints or non-optimal design architecture
Related violations: <none>

TIMING-16#439 Warning
Large setup violation  
There is a large setup violation of -2.269 ns between image_rotator_design_i/axi_image_rotator_0/inst/wr_ptr_reg[4]/C (clocked by clk_fpga_0) and image_rotator_design_i/axi_image_rotator_0/inst/bram_bank2_reg_2432_2495_0_2/RAMB/WADR2 (clocked by clk_fpga_0). Large setup violations at the end of those stages might be difficult to fix during the post-placement implementation flow and could be the result of non-optimal XDC constraints or non-optimal design architecture
Related violations: <none>

TIMING-16#440 Warning
Large setup violation  
There is a large setup violation of -2.269 ns between image_rotator_design_i/axi_image_rotator_0/inst/wr_ptr_reg[4]/C (clocked by clk_fpga_0) and image_rotator_design_i/axi_image_rotator_0/inst/bram_bank2_reg_2432_2495_0_2/RAMC/WADR2 (clocked by clk_fpga_0). Large setup violations at the end of those stages might be difficult to fix during the post-placement implementation flow and could be the result of non-optimal XDC constraints or non-optimal design architecture
Related violations: <none>

TIMING-16#441 Warning
Large setup violation  
There is a large setup violation of -2.269 ns between image_rotator_design_i/axi_image_rotator_0/inst/wr_ptr_reg[4]/C (clocked by clk_fpga_0) and image_rotator_design_i/axi_image_rotator_0/inst/bram_bank2_reg_2432_2495_0_2/RAMD/WADR2 (clocked by clk_fpga_0). Large setup violations at the end of those stages might be difficult to fix during the post-placement implementation flow and could be the result of non-optimal XDC constraints or non-optimal design architecture
Related violations: <none>

TIMING-16#442 Warning
Large setup violation  
There is a large setup violation of -2.278 ns between image_rotator_design_i/axi_dma_0/U0/I_PRMRY_DATAMOVER/GEN_MM2S_FULL.I_MM2S_FULL_WRAPPER/ENABLE_AXIS_SKID.I_MM2S_SKID_BUF/sig_data_reg_out_reg[7]/C (clocked by clk_fpga_0) and image_rotator_design_i/axi_image_rotator_0/inst/bram_bank0_reg_320_383_7_7/SP/I (clocked by clk_fpga_0). Large setup violations at the end of those stages might be difficult to fix during the post-placement implementation flow and could be the result of non-optimal XDC constraints or non-optimal design architecture
Related violations: <none>

TIMING-16#443 Warning
Large setup violation  
There is a large setup violation of -2.285 ns between image_rotator_design_i/axi_image_rotator_0/inst/wr_ptr_reg[3]/C (clocked by clk_fpga_0) and image_rotator_design_i/axi_image_rotator_0/inst/bram_bank2_reg_3392_3455_7_7/DP/WADR1 (clocked by clk_fpga_0). Large setup violations at the end of those stages might be difficult to fix during the post-placement implementation flow and could be the result of non-optimal XDC constraints or non-optimal design architecture
Related violations: <none>

TIMING-16#444 Warning
Large setup violation  
There is a large setup violation of -2.285 ns between image_rotator_design_i/axi_image_rotator_0/inst/wr_ptr_reg[3]/C (clocked by clk_fpga_0) and image_rotator_design_i/axi_image_rotator_0/inst/bram_bank2_reg_3392_3455_7_7/SP/WADR1 (clocked by clk_fpga_0). Large setup violations at the end of those stages might be difficult to fix during the post-placement implementation flow and could be the result of non-optimal XDC constraints or non-optimal design architecture
Related violations: <none>

TIMING-16#445 Warning
Large setup violation  
There is a large setup violation of -2.299 ns between image_rotator_design_i/axi_dma_0/U0/I_PRMRY_DATAMOVER/GEN_MM2S_FULL.I_MM2S_FULL_WRAPPER/ENABLE_AXIS_SKID.I_MM2S_SKID_BUF/sig_data_reg_out_reg[7]/C (clocked by clk_fpga_0) and image_rotator_design_i/axi_image_rotator_0/inst/bram_bank1_reg_128_191_7_7/SP/I (clocked by clk_fpga_0). Large setup violations at the end of those stages might be difficult to fix during the post-placement implementation flow and could be the result of non-optimal XDC constraints or non-optimal design architecture
Related violations: <none>

TIMING-16#446 Warning
Large setup violation  
There is a large setup violation of -2.303 ns between image_rotator_design_i/axi_dma_0/U0/I_PRMRY_DATAMOVER/GEN_MM2S_FULL.I_MM2S_FULL_WRAPPER/ENABLE_AXIS_SKID.I_MM2S_SKID_BUF/sig_data_reg_out_reg[7]/C (clocked by clk_fpga_0) and image_rotator_design_i/axi_image_rotator_0/inst/bram_bank0_reg_768_831_7_7/DP/I (clocked by clk_fpga_0). Large setup violations at the end of those stages might be difficult to fix during the post-placement implementation flow and could be the result of non-optimal XDC constraints or non-optimal design architecture
Related violations: <none>

TIMING-16#447 Warning
Large setup violation  
There is a large setup violation of -2.305 ns between image_rotator_design_i/axi_image_rotator_0/inst/wr_ptr_reg[3]/C (clocked by clk_fpga_0) and image_rotator_design_i/axi_image_rotator_0/inst/bram_bank2_reg_4032_4095_6_6/DP/WADR1 (clocked by clk_fpga_0). Large setup violations at the end of those stages might be difficult to fix during the post-placement implementation flow and could be the result of non-optimal XDC constraints or non-optimal design architecture
Related violations: <none>

TIMING-16#448 Warning
Large setup violation  
There is a large setup violation of -2.305 ns between image_rotator_design_i/axi_image_rotator_0/inst/wr_ptr_reg[3]/C (clocked by clk_fpga_0) and image_rotator_design_i/axi_image_rotator_0/inst/bram_bank2_reg_4032_4095_6_6/SP/WADR1 (clocked by clk_fpga_0). Large setup violations at the end of those stages might be difficult to fix during the post-placement implementation flow and could be the result of non-optimal XDC constraints or non-optimal design architecture
Related violations: <none>

TIMING-16#449 Warning
Large setup violation  
There is a large setup violation of -2.323 ns between image_rotator_design_i/axi_image_rotator_0/inst/wr_ptr_reg[3]/C (clocked by clk_fpga_0) and image_rotator_design_i/axi_image_rotator_0/inst/bram_bank1_reg_3712_3775_7_7/DP/WADR1 (clocked by clk_fpga_0). Large setup violations at the end of those stages might be difficult to fix during the post-placement implementation flow and could be the result of non-optimal XDC constraints or non-optimal design architecture
Related violations: <none>

TIMING-16#450 Warning
Large setup violation  
There is a large setup violation of -2.323 ns between image_rotator_design_i/axi_image_rotator_0/inst/wr_ptr_reg[3]/C (clocked by clk_fpga_0) and image_rotator_design_i/axi_image_rotator_0/inst/bram_bank1_reg_3712_3775_7_7/SP/WADR1 (clocked by clk_fpga_0). Large setup violations at the end of those stages might be difficult to fix during the post-placement implementation flow and could be the result of non-optimal XDC constraints or non-optimal design architecture
Related violations: <none>

TIMING-16#451 Warning
Large setup violation  
There is a large setup violation of -2.328 ns between image_rotator_design_i/axi_dma_0/U0/I_PRMRY_DATAMOVER/GEN_MM2S_FULL.I_MM2S_FULL_WRAPPER/ENABLE_AXIS_SKID.I_MM2S_SKID_BUF/sig_data_reg_out_reg[6]/C (clocked by clk_fpga_0) and image_rotator_design_i/axi_image_rotator_0/inst/bram_bank1_reg_448_511_6_6/DP/I (clocked by clk_fpga_0). Large setup violations at the end of those stages might be difficult to fix during the post-placement implementation flow and could be the result of non-optimal XDC constraints or non-optimal design architecture
Related violations: <none>

TIMING-16#452 Warning
Large setup violation  
There is a large setup violation of -2.338 ns between image_rotator_design_i/axi_dma_0/U0/I_PRMRY_DATAMOVER/GEN_MM2S_FULL.I_MM2S_FULL_WRAPPER/ENABLE_AXIS_SKID.I_MM2S_SKID_BUF/sig_data_reg_out_reg[6]/C (clocked by clk_fpga_0) and image_rotator_design_i/axi_image_rotator_0/inst/bram_bank1_reg_384_447_6_6/DP/I (clocked by clk_fpga_0). Large setup violations at the end of those stages might be difficult to fix during the post-placement implementation flow and could be the result of non-optimal XDC constraints or non-optimal design architecture
Related violations: <none>

TIMING-16#453 Warning
Large setup violation  
There is a large setup violation of -2.354 ns between image_rotator_design_i/axi_dma_0/U0/I_PRMRY_DATAMOVER/GEN_MM2S_FULL.I_MM2S_FULL_WRAPPER/ENABLE_AXIS_SKID.I_MM2S_SKID_BUF/sig_data_reg_out_reg[6]/C (clocked by clk_fpga_0) and image_rotator_design_i/axi_image_rotator_0/inst/bram_bank1_reg_576_639_6_6/SP/I (clocked by clk_fpga_0). Large setup violations at the end of those stages might be difficult to fix during the post-placement implementation flow and could be the result of non-optimal XDC constraints or non-optimal design architecture
Related violations: <none>

TIMING-16#454 Warning
Large setup violation  
There is a large setup violation of -2.372 ns between image_rotator_design_i/axi_image_rotator_0/inst/wr_ptr_reg[4]/C (clocked by clk_fpga_0) and image_rotator_design_i/axi_image_rotator_0/inst/bram_bank1_reg_1664_1727_3_5/RAMA/WADR2 (clocked by clk_fpga_0). Large setup violations at the end of those stages might be difficult to fix during the post-placement implementation flow and could be the result of non-optimal XDC constraints or non-optimal design architecture
Related violations: <none>

TIMING-16#455 Warning
Large setup violation  
There is a large setup violation of -2.372 ns between image_rotator_design_i/axi_image_rotator_0/inst/wr_ptr_reg[4]/C (clocked by clk_fpga_0) and image_rotator_design_i/axi_image_rotator_0/inst/bram_bank1_reg_1664_1727_3_5/RAMB/WADR2 (clocked by clk_fpga_0). Large setup violations at the end of those stages might be difficult to fix during the post-placement implementation flow and could be the result of non-optimal XDC constraints or non-optimal design architecture
Related violations: <none>

TIMING-16#456 Warning
Large setup violation  
There is a large setup violation of -2.372 ns between image_rotator_design_i/axi_image_rotator_0/inst/wr_ptr_reg[4]/C (clocked by clk_fpga_0) and image_rotator_design_i/axi_image_rotator_0/inst/bram_bank1_reg_1664_1727_3_5/RAMC/WADR2 (clocked by clk_fpga_0). Large setup violations at the end of those stages might be difficult to fix during the post-placement implementation flow and could be the result of non-optimal XDC constraints or non-optimal design architecture
Related violations: <none>

TIMING-16#457 Warning
Large setup violation  
There is a large setup violation of -2.372 ns between image_rotator_design_i/axi_image_rotator_0/inst/wr_ptr_reg[4]/C (clocked by clk_fpga_0) and image_rotator_design_i/axi_image_rotator_0/inst/bram_bank1_reg_1664_1727_3_5/RAMD/WADR2 (clocked by clk_fpga_0). Large setup violations at the end of those stages might be difficult to fix during the post-placement implementation flow and could be the result of non-optimal XDC constraints or non-optimal design architecture
Related violations: <none>

TIMING-16#458 Warning
Large setup violation  
There is a large setup violation of -2.374 ns between image_rotator_design_i/axi_dma_0/U0/I_PRMRY_DATAMOVER/GEN_MM2S_FULL.I_MM2S_FULL_WRAPPER/ENABLE_AXIS_SKID.I_MM2S_SKID_BUF/sig_data_reg_out_reg[6]/C (clocked by clk_fpga_0) and image_rotator_design_i/axi_image_rotator_0/inst/bram_bank0_reg_192_255_6_6/SP/I (clocked by clk_fpga_0). Large setup violations at the end of those stages might be difficult to fix during the post-placement implementation flow and could be the result of non-optimal XDC constraints or non-optimal design architecture
Related violations: <none>

TIMING-16#459 Warning
Large setup violation  
There is a large setup violation of -2.377 ns between image_rotator_design_i/axi_dma_0/U0/I_PRMRY_DATAMOVER/GEN_MM2S_FULL.I_MM2S_FULL_WRAPPER/ENABLE_AXIS_SKID.I_MM2S_SKID_BUF/sig_data_reg_out_reg[6]/C (clocked by clk_fpga_0) and image_rotator_design_i/axi_image_rotator_0/inst/bram_bank1_reg_320_383_6_6/SP/I (clocked by clk_fpga_0). Large setup violations at the end of those stages might be difficult to fix during the post-placement implementation flow and could be the result of non-optimal XDC constraints or non-optimal design architecture
Related violations: <none>

TIMING-16#460 Warning
Large setup violation  
There is a large setup violation of -2.378 ns between image_rotator_design_i/axi_image_rotator_0/inst/wr_ptr_reg[9]/C (clocked by clk_fpga_0) and image_rotator_design_i/axi_image_rotator_0/inst/bram_bank1_reg_2752_2815_7_7/DP/WE (clocked by clk_fpga_0). Large setup violations at the end of those stages might be difficult to fix during the post-placement implementation flow and could be the result of non-optimal XDC constraints or non-optimal design architecture
Related violations: <none>

TIMING-16#461 Warning
Large setup violation  
There is a large setup violation of -2.378 ns between image_rotator_design_i/axi_image_rotator_0/inst/wr_ptr_reg[9]/C (clocked by clk_fpga_0) and image_rotator_design_i/axi_image_rotator_0/inst/bram_bank1_reg_2752_2815_7_7/SP/WE (clocked by clk_fpga_0). Large setup violations at the end of those stages might be difficult to fix during the post-placement implementation flow and could be the result of non-optimal XDC constraints or non-optimal design architecture
Related violations: <none>

TIMING-16#462 Warning
Large setup violation  
There is a large setup violation of -2.399 ns between image_rotator_design_i/axi_dma_0/U0/I_PRMRY_DATAMOVER/GEN_MM2S_FULL.I_MM2S_FULL_WRAPPER/ENABLE_AXIS_SKID.I_MM2S_SKID_BUF/sig_data_reg_out_reg[7]/C (clocked by clk_fpga_0) and image_rotator_design_i/axi_image_rotator_0/inst/bram_bank1_reg_1664_1727_7_7/SP/I (clocked by clk_fpga_0). Large setup violations at the end of those stages might be difficult to fix during the post-placement implementation flow and could be the result of non-optimal XDC constraints or non-optimal design architecture
Related violations: <none>

TIMING-16#463 Warning
Large setup violation  
There is a large setup violation of -2.401 ns between image_rotator_design_i/axi_image_rotator_0/inst/wr_ptr_reg[4]/C (clocked by clk_fpga_0) and image_rotator_design_i/axi_image_rotator_0/inst/bram_bank2_reg_2368_2431_0_2/RAMA/WADR2 (clocked by clk_fpga_0). Large setup violations at the end of those stages might be difficult to fix during the post-placement implementation flow and could be the result of non-optimal XDC constraints or non-optimal design architecture
Related violations: <none>

TIMING-16#464 Warning
Large setup violation  
There is a large setup violation of -2.401 ns between image_rotator_design_i/axi_image_rotator_0/inst/wr_ptr_reg[4]/C (clocked by clk_fpga_0) and image_rotator_design_i/axi_image_rotator_0/inst/bram_bank2_reg_2368_2431_0_2/RAMB/WADR2 (clocked by clk_fpga_0). Large setup violations at the end of those stages might be difficult to fix during the post-placement implementation flow and could be the result of non-optimal XDC constraints or non-optimal design architecture
Related violations: <none>

TIMING-16#465 Warning
Large setup violation  
There is a large setup violation of -2.401 ns between image_rotator_design_i/axi_image_rotator_0/inst/wr_ptr_reg[4]/C (clocked by clk_fpga_0) and image_rotator_design_i/axi_image_rotator_0/inst/bram_bank2_reg_2368_2431_0_2/RAMC/WADR2 (clocked by clk_fpga_0). Large setup violations at the end of those stages might be difficult to fix during the post-placement implementation flow and could be the result of non-optimal XDC constraints or non-optimal design architecture
Related violations: <none>

TIMING-16#466 Warning
Large setup violation  
There is a large setup violation of -2.401 ns between image_rotator_design_i/axi_image_rotator_0/inst/wr_ptr_reg[4]/C (clocked by clk_fpga_0) and image_rotator_design_i/axi_image_rotator_0/inst/bram_bank2_reg_2368_2431_0_2/RAMD/WADR2 (clocked by clk_fpga_0). Large setup violations at the end of those stages might be difficult to fix during the post-placement implementation flow and could be the result of non-optimal XDC constraints or non-optimal design architecture
Related violations: <none>

TIMING-16#467 Warning
Large setup violation  
There is a large setup violation of -2.411 ns between image_rotator_design_i/axi_image_rotator_0/inst/wr_ptr_reg[4]/C (clocked by clk_fpga_0) and image_rotator_design_i/axi_image_rotator_0/inst/bram_bank2_reg_1024_1087_0_2/RAMA/WADR2 (clocked by clk_fpga_0). Large setup violations at the end of those stages might be difficult to fix during the post-placement implementation flow and could be the result of non-optimal XDC constraints or non-optimal design architecture
Related violations: <none>

TIMING-16#468 Warning
Large setup violation  
There is a large setup violation of -2.411 ns between image_rotator_design_i/axi_image_rotator_0/inst/wr_ptr_reg[4]/C (clocked by clk_fpga_0) and image_rotator_design_i/axi_image_rotator_0/inst/bram_bank2_reg_1024_1087_0_2/RAMB/WADR2 (clocked by clk_fpga_0). Large setup violations at the end of those stages might be difficult to fix during the post-placement implementation flow and could be the result of non-optimal XDC constraints or non-optimal design architecture
Related violations: <none>

TIMING-16#469 Warning
Large setup violation  
There is a large setup violation of -2.411 ns between image_rotator_design_i/axi_image_rotator_0/inst/wr_ptr_reg[4]/C (clocked by clk_fpga_0) and image_rotator_design_i/axi_image_rotator_0/inst/bram_bank2_reg_1024_1087_0_2/RAMC/WADR2 (clocked by clk_fpga_0). Large setup violations at the end of those stages might be difficult to fix during the post-placement implementation flow and could be the result of non-optimal XDC constraints or non-optimal design architecture
Related violations: <none>

TIMING-16#470 Warning
Large setup violation  
There is a large setup violation of -2.411 ns between image_rotator_design_i/axi_image_rotator_0/inst/wr_ptr_reg[4]/C (clocked by clk_fpga_0) and image_rotator_design_i/axi_image_rotator_0/inst/bram_bank2_reg_1024_1087_0_2/RAMD/WADR2 (clocked by clk_fpga_0). Large setup violations at the end of those stages might be difficult to fix during the post-placement implementation flow and could be the result of non-optimal XDC constraints or non-optimal design architecture
Related violations: <none>

TIMING-16#471 Warning
Large setup violation  
There is a large setup violation of -2.412 ns between image_rotator_design_i/axi_dma_0/U0/I_PRMRY_DATAMOVER/GEN_MM2S_FULL.I_MM2S_FULL_WRAPPER/ENABLE_AXIS_SKID.I_MM2S_SKID_BUF/sig_data_reg_out_reg[7]/C (clocked by clk_fpga_0) and image_rotator_design_i/axi_image_rotator_0/inst/bram_bank1_reg_1152_1215_7_7/DP/I (clocked by clk_fpga_0). Large setup violations at the end of those stages might be difficult to fix during the post-placement implementation flow and could be the result of non-optimal XDC constraints or non-optimal design architecture
Related violations: <none>

TIMING-16#472 Warning
Large setup violation  
There is a large setup violation of -2.416 ns between image_rotator_design_i/axi_image_rotator_0/inst/wr_ptr_reg[4]/C (clocked by clk_fpga_0) and image_rotator_design_i/axi_image_rotator_0/inst/bram_bank2_reg_2816_2879_6_6/DP/WADR2 (clocked by clk_fpga_0). Large setup violations at the end of those stages might be difficult to fix during the post-placement implementation flow and could be the result of non-optimal XDC constraints or non-optimal design architecture
Related violations: <none>

TIMING-16#473 Warning
Large setup violation  
There is a large setup violation of -2.416 ns between image_rotator_design_i/axi_image_rotator_0/inst/wr_ptr_reg[4]/C (clocked by clk_fpga_0) and image_rotator_design_i/axi_image_rotator_0/inst/bram_bank2_reg_2816_2879_6_6/SP/WADR2 (clocked by clk_fpga_0). Large setup violations at the end of those stages might be difficult to fix during the post-placement implementation flow and could be the result of non-optimal XDC constraints or non-optimal design architecture
Related violations: <none>

TIMING-16#474 Warning
Large setup violation  
There is a large setup violation of -2.417 ns between image_rotator_design_i/axi_image_rotator_0/inst/wr_ptr_reg[4]/C (clocked by clk_fpga_0) and image_rotator_design_i/axi_image_rotator_0/inst/bram_bank2_reg_3520_3583_6_6/DP/WADR2 (clocked by clk_fpga_0). Large setup violations at the end of those stages might be difficult to fix during the post-placement implementation flow and could be the result of non-optimal XDC constraints or non-optimal design architecture
Related violations: <none>

TIMING-16#475 Warning
Large setup violation  
There is a large setup violation of -2.417 ns between image_rotator_design_i/axi_image_rotator_0/inst/wr_ptr_reg[4]/C (clocked by clk_fpga_0) and image_rotator_design_i/axi_image_rotator_0/inst/bram_bank2_reg_3520_3583_6_6/SP/WADR2 (clocked by clk_fpga_0). Large setup violations at the end of those stages might be difficult to fix during the post-placement implementation flow and could be the result of non-optimal XDC constraints or non-optimal design architecture
Related violations: <none>

TIMING-16#476 Warning
Large setup violation  
There is a large setup violation of -2.423 ns between image_rotator_design_i/axi_dma_0/U0/I_PRMRY_DATAMOVER/GEN_MM2S_FULL.I_MM2S_FULL_WRAPPER/ENABLE_AXIS_SKID.I_MM2S_SKID_BUF/sig_data_reg_out_reg[6]/C (clocked by clk_fpga_0) and image_rotator_design_i/axi_image_rotator_0/inst/bram_bank1_reg_2560_2623_6_6/DP/I (clocked by clk_fpga_0). Large setup violations at the end of those stages might be difficult to fix during the post-placement implementation flow and could be the result of non-optimal XDC constraints or non-optimal design architecture
Related violations: <none>

TIMING-16#477 Warning
Large setup violation  
There is a large setup violation of -2.444 ns between image_rotator_design_i/axi_image_rotator_0/inst/wr_ptr_reg[3]/C (clocked by clk_fpga_0) and image_rotator_design_i/axi_image_rotator_0/inst/bram_bank0_reg_2560_2623_7_7/DP/WADR1 (clocked by clk_fpga_0). Large setup violations at the end of those stages might be difficult to fix during the post-placement implementation flow and could be the result of non-optimal XDC constraints or non-optimal design architecture
Related violations: <none>

TIMING-16#478 Warning
Large setup violation  
There is a large setup violation of -2.444 ns between image_rotator_design_i/axi_image_rotator_0/inst/wr_ptr_reg[3]/C (clocked by clk_fpga_0) and image_rotator_design_i/axi_image_rotator_0/inst/bram_bank0_reg_2560_2623_7_7/SP/WADR1 (clocked by clk_fpga_0). Large setup violations at the end of those stages might be difficult to fix during the post-placement implementation flow and could be the result of non-optimal XDC constraints or non-optimal design architecture
Related violations: <none>

TIMING-16#479 Warning
Large setup violation  
There is a large setup violation of -2.452 ns between image_rotator_design_i/axi_dma_0/U0/I_PRMRY_DATAMOVER/GEN_MM2S_FULL.I_MM2S_FULL_WRAPPER/ENABLE_AXIS_SKID.I_MM2S_SKID_BUF/sig_data_reg_out_reg[7]/C (clocked by clk_fpga_0) and image_rotator_design_i/axi_image_rotator_0/inst/bram_bank1_reg_704_767_7_7/SP/I (clocked by clk_fpga_0). Large setup violations at the end of those stages might be difficult to fix during the post-placement implementation flow and could be the result of non-optimal XDC constraints or non-optimal design architecture
Related violations: <none>

TIMING-16#480 Warning
Large setup violation  
There is a large setup violation of -2.455 ns between image_rotator_design_i/axi_image_rotator_0/inst/wr_ptr_reg[3]/C (clocked by clk_fpga_0) and image_rotator_design_i/axi_image_rotator_0/inst/bram_bank1_reg_2368_2431_7_7/DP/WADR1 (clocked by clk_fpga_0). Large setup violations at the end of those stages might be difficult to fix during the post-placement implementation flow and could be the result of non-optimal XDC constraints or non-optimal design architecture
Related violations: <none>

TIMING-16#481 Warning
Large setup violation  
There is a large setup violation of -2.455 ns between image_rotator_design_i/axi_image_rotator_0/inst/wr_ptr_reg[3]/C (clocked by clk_fpga_0) and image_rotator_design_i/axi_image_rotator_0/inst/bram_bank1_reg_2368_2431_7_7/SP/WADR1 (clocked by clk_fpga_0). Large setup violations at the end of those stages might be difficult to fix during the post-placement implementation flow and could be the result of non-optimal XDC constraints or non-optimal design architecture
Related violations: <none>

TIMING-16#482 Warning
Large setup violation  
There is a large setup violation of -2.464 ns between image_rotator_design_i/axi_image_rotator_0/inst/wr_ptr_reg[3]/C (clocked by clk_fpga_0) and image_rotator_design_i/axi_image_rotator_0/inst/bram_bank2_reg_640_703_0_2/RAMA/WADR1 (clocked by clk_fpga_0). Large setup violations at the end of those stages might be difficult to fix during the post-placement implementation flow and could be the result of non-optimal XDC constraints or non-optimal design architecture
Related violations: <none>

TIMING-16#483 Warning
Large setup violation  
There is a large setup violation of -2.464 ns between image_rotator_design_i/axi_image_rotator_0/inst/wr_ptr_reg[3]/C (clocked by clk_fpga_0) and image_rotator_design_i/axi_image_rotator_0/inst/bram_bank2_reg_640_703_0_2/RAMB/WADR1 (clocked by clk_fpga_0). Large setup violations at the end of those stages might be difficult to fix during the post-placement implementation flow and could be the result of non-optimal XDC constraints or non-optimal design architecture
Related violations: <none>

TIMING-16#484 Warning
Large setup violation  
There is a large setup violation of -2.464 ns between image_rotator_design_i/axi_image_rotator_0/inst/wr_ptr_reg[3]/C (clocked by clk_fpga_0) and image_rotator_design_i/axi_image_rotator_0/inst/bram_bank2_reg_640_703_0_2/RAMC/WADR1 (clocked by clk_fpga_0). Large setup violations at the end of those stages might be difficult to fix during the post-placement implementation flow and could be the result of non-optimal XDC constraints or non-optimal design architecture
Related violations: <none>

TIMING-16#485 Warning
Large setup violation  
There is a large setup violation of -2.464 ns between image_rotator_design_i/axi_image_rotator_0/inst/wr_ptr_reg[3]/C (clocked by clk_fpga_0) and image_rotator_design_i/axi_image_rotator_0/inst/bram_bank2_reg_640_703_0_2/RAMD/WADR1 (clocked by clk_fpga_0). Large setup violations at the end of those stages might be difficult to fix during the post-placement implementation flow and could be the result of non-optimal XDC constraints or non-optimal design architecture
Related violations: <none>

TIMING-16#486 Warning
Large setup violation  
There is a large setup violation of -2.467 ns between image_rotator_design_i/axi_image_rotator_0/inst/wr_ptr_reg[3]/C (clocked by clk_fpga_0) and image_rotator_design_i/axi_image_rotator_0/inst/bram_bank2_reg_3136_3199_7_7/DP/WADR1 (clocked by clk_fpga_0). Large setup violations at the end of those stages might be difficult to fix during the post-placement implementation flow and could be the result of non-optimal XDC constraints or non-optimal design architecture
Related violations: <none>

TIMING-16#487 Warning
Large setup violation  
There is a large setup violation of -2.467 ns between image_rotator_design_i/axi_image_rotator_0/inst/wr_ptr_reg[3]/C (clocked by clk_fpga_0) and image_rotator_design_i/axi_image_rotator_0/inst/bram_bank2_reg_3136_3199_7_7/SP/WADR1 (clocked by clk_fpga_0). Large setup violations at the end of those stages might be difficult to fix during the post-placement implementation flow and could be the result of non-optimal XDC constraints or non-optimal design architecture
Related violations: <none>

TIMING-16#488 Warning
Large setup violation  
There is a large setup violation of -2.481 ns between image_rotator_design_i/axi_dma_0/U0/I_PRMRY_DATAMOVER/GEN_MM2S_FULL.I_MM2S_FULL_WRAPPER/ENABLE_AXIS_SKID.I_MM2S_SKID_BUF/sig_data_reg_out_reg[7]/C (clocked by clk_fpga_0) and image_rotator_design_i/axi_image_rotator_0/inst/bram_bank1_reg_1728_1791_7_7/DP/I (clocked by clk_fpga_0). Large setup violations at the end of those stages might be difficult to fix during the post-placement implementation flow and could be the result of non-optimal XDC constraints or non-optimal design architecture
Related violations: <none>

TIMING-16#489 Warning
Large setup violation  
There is a large setup violation of -2.488 ns between image_rotator_design_i/axi_dma_0/U0/I_PRMRY_DATAMOVER/GEN_MM2S_FULL.I_MM2S_FULL_WRAPPER/ENABLE_AXIS_SKID.I_MM2S_SKID_BUF/sig_data_reg_out_reg[6]/C (clocked by clk_fpga_0) and image_rotator_design_i/axi_image_rotator_0/inst/bram_bank1_reg_256_319_6_6/DP/I (clocked by clk_fpga_0). Large setup violations at the end of those stages might be difficult to fix during the post-placement implementation flow and could be the result of non-optimal XDC constraints or non-optimal design architecture
Related violations: <none>

TIMING-16#490 Warning
Large setup violation  
There is a large setup violation of -2.488 ns between image_rotator_design_i/axi_dma_0/U0/I_PRMRY_DATAMOVER/GEN_MM2S_FULL.I_MM2S_FULL_WRAPPER/ENABLE_AXIS_SKID.I_MM2S_SKID_BUF/sig_data_reg_out_reg[7]/C (clocked by clk_fpga_0) and image_rotator_design_i/axi_image_rotator_0/inst/bram_bank1_reg_0_63_7_7/SP/I (clocked by clk_fpga_0). Large setup violations at the end of those stages might be difficult to fix during the post-placement implementation flow and could be the result of non-optimal XDC constraints or non-optimal design architecture
Related violations: <none>

TIMING-16#491 Warning
Large setup violation  
There is a large setup violation of -2.493 ns between image_rotator_design_i/axi_image_rotator_0/inst/wr_ptr_reg[3]/C (clocked by clk_fpga_0) and image_rotator_design_i/axi_image_rotator_0/inst/bram_bank2_reg_2816_2879_7_7/DP/WADR1 (clocked by clk_fpga_0). Large setup violations at the end of those stages might be difficult to fix during the post-placement implementation flow and could be the result of non-optimal XDC constraints or non-optimal design architecture
Related violations: <none>

TIMING-16#492 Warning
Large setup violation  
There is a large setup violation of -2.493 ns between image_rotator_design_i/axi_image_rotator_0/inst/wr_ptr_reg[3]/C (clocked by clk_fpga_0) and image_rotator_design_i/axi_image_rotator_0/inst/bram_bank2_reg_2816_2879_7_7/SP/WADR1 (clocked by clk_fpga_0). Large setup violations at the end of those stages might be difficult to fix during the post-placement implementation flow and could be the result of non-optimal XDC constraints or non-optimal design architecture
Related violations: <none>

TIMING-16#493 Warning
Large setup violation  
There is a large setup violation of -2.532 ns between image_rotator_design_i/axi_dma_0/U0/I_PRMRY_DATAMOVER/GEN_MM2S_FULL.I_MM2S_FULL_WRAPPER/ENABLE_AXIS_SKID.I_MM2S_SKID_BUF/sig_data_reg_out_reg[7]/C (clocked by clk_fpga_0) and image_rotator_design_i/axi_image_rotator_0/inst/bram_bank0_reg_320_383_7_7/DP/I (clocked by clk_fpga_0). Large setup violations at the end of those stages might be difficult to fix during the post-placement implementation flow and could be the result of non-optimal XDC constraints or non-optimal design architecture
Related violations: <none>

TIMING-16#494 Warning
Large setup violation  
There is a large setup violation of -2.556 ns between image_rotator_design_i/axi_dma_0/U0/I_PRMRY_DATAMOVER/GEN_MM2S_FULL.I_MM2S_FULL_WRAPPER/ENABLE_AXIS_SKID.I_MM2S_SKID_BUF/sig_data_reg_out_reg[7]/C (clocked by clk_fpga_0) and image_rotator_design_i/axi_image_rotator_0/inst/bram_bank1_reg_1472_1535_7_7/SP/I (clocked by clk_fpga_0). Large setup violations at the end of those stages might be difficult to fix during the post-placement implementation flow and could be the result of non-optimal XDC constraints or non-optimal design architecture
Related violations: <none>

TIMING-16#495 Warning
Large setup violation  
There is a large setup violation of -2.569 ns between image_rotator_design_i/axi_image_rotator_0/inst/wr_ptr_reg[4]/C (clocked by clk_fpga_0) and image_rotator_design_i/axi_image_rotator_0/inst/bram_bank2_reg_1280_1343_0_2/RAMA/WADR2 (clocked by clk_fpga_0). Large setup violations at the end of those stages might be difficult to fix during the post-placement implementation flow and could be the result of non-optimal XDC constraints or non-optimal design architecture
Related violations: <none>

TIMING-16#496 Warning
Large setup violation  
There is a large setup violation of -2.569 ns between image_rotator_design_i/axi_image_rotator_0/inst/wr_ptr_reg[4]/C (clocked by clk_fpga_0) and image_rotator_design_i/axi_image_rotator_0/inst/bram_bank2_reg_1280_1343_0_2/RAMB/WADR2 (clocked by clk_fpga_0). Large setup violations at the end of those stages might be difficult to fix during the post-placement implementation flow and could be the result of non-optimal XDC constraints or non-optimal design architecture
Related violations: <none>

TIMING-16#497 Warning
Large setup violation  
There is a large setup violation of -2.569 ns between image_rotator_design_i/axi_image_rotator_0/inst/wr_ptr_reg[4]/C (clocked by clk_fpga_0) and image_rotator_design_i/axi_image_rotator_0/inst/bram_bank2_reg_1280_1343_0_2/RAMC/WADR2 (clocked by clk_fpga_0). Large setup violations at the end of those stages might be difficult to fix during the post-placement implementation flow and could be the result of non-optimal XDC constraints or non-optimal design architecture
Related violations: <none>

TIMING-16#498 Warning
Large setup violation  
There is a large setup violation of -2.569 ns between image_rotator_design_i/axi_image_rotator_0/inst/wr_ptr_reg[4]/C (clocked by clk_fpga_0) and image_rotator_design_i/axi_image_rotator_0/inst/bram_bank2_reg_1280_1343_0_2/RAMD/WADR2 (clocked by clk_fpga_0). Large setup violations at the end of those stages might be difficult to fix during the post-placement implementation flow and could be the result of non-optimal XDC constraints or non-optimal design architecture
Related violations: <none>

TIMING-16#499 Warning
Large setup violation  
There is a large setup violation of -2.579 ns between image_rotator_design_i/axi_image_rotator_0/inst/state_reg[0]/C (clocked by clk_fpga_0) and image_rotator_design_i/axi_image_rotator_0/inst/bram_bank1_reg_2304_2367_6_6/DP/WE (clocked by clk_fpga_0). Large setup violations at the end of those stages might be difficult to fix during the post-placement implementation flow and could be the result of non-optimal XDC constraints or non-optimal design architecture
Related violations: <none>

TIMING-16#500 Warning
Large setup violation  
There is a large setup violation of -2.579 ns between image_rotator_design_i/axi_image_rotator_0/inst/state_reg[0]/C (clocked by clk_fpga_0) and image_rotator_design_i/axi_image_rotator_0/inst/bram_bank1_reg_2304_2367_6_6/SP/WE (clocked by clk_fpga_0). Large setup violations at the end of those stages might be difficult to fix during the post-placement implementation flow and could be the result of non-optimal XDC constraints or non-optimal design architecture
Related violations: <none>

TIMING-16#501 Warning
Large setup violation  
There is a large setup violation of -2.580 ns between image_rotator_design_i/axi_image_rotator_0/inst/wr_ptr_reg[4]/C (clocked by clk_fpga_0) and image_rotator_design_i/axi_image_rotator_0/inst/bram_bank2_reg_3712_3775_6_6/DP/WADR2 (clocked by clk_fpga_0). Large setup violations at the end of those stages might be difficult to fix during the post-placement implementation flow and could be the result of non-optimal XDC constraints or non-optimal design architecture
Related violations: <none>

TIMING-16#502 Warning
Large setup violation  
There is a large setup violation of -2.580 ns between image_rotator_design_i/axi_image_rotator_0/inst/wr_ptr_reg[4]/C (clocked by clk_fpga_0) and image_rotator_design_i/axi_image_rotator_0/inst/bram_bank2_reg_3712_3775_6_6/SP/WADR2 (clocked by clk_fpga_0). Large setup violations at the end of those stages might be difficult to fix during the post-placement implementation flow and could be the result of non-optimal XDC constraints or non-optimal design architecture
Related violations: <none>

TIMING-16#503 Warning
Large setup violation  
There is a large setup violation of -2.586 ns between image_rotator_design_i/axi_dma_0/U0/I_PRMRY_DATAMOVER/GEN_MM2S_FULL.I_MM2S_FULL_WRAPPER/ENABLE_AXIS_SKID.I_MM2S_SKID_BUF/sig_data_reg_out_reg[7]/C (clocked by clk_fpga_0) and image_rotator_design_i/axi_image_rotator_0/inst/bram_bank1_reg_128_191_7_7/DP/I (clocked by clk_fpga_0). Large setup violations at the end of those stages might be difficult to fix during the post-placement implementation flow and could be the result of non-optimal XDC constraints or non-optimal design architecture
Related violations: <none>

TIMING-16#504 Warning
Large setup violation  
There is a large setup violation of -2.588 ns between image_rotator_design_i/axi_dma_0/U0/I_PRMRY_DATAMOVER/GEN_MM2S_FULL.I_MM2S_FULL_WRAPPER/ENABLE_AXIS_SKID.I_MM2S_SKID_BUF/sig_data_reg_out_reg[7]/C (clocked by clk_fpga_0) and image_rotator_design_i/axi_image_rotator_0/inst/bram_bank1_reg_192_255_7_7/SP/I (clocked by clk_fpga_0). Large setup violations at the end of those stages might be difficult to fix during the post-placement implementation flow and could be the result of non-optimal XDC constraints or non-optimal design architecture
Related violations: <none>

TIMING-16#505 Warning
Large setup violation  
There is a large setup violation of -2.593 ns between image_rotator_design_i/axi_image_rotator_0/inst/wr_ptr_reg[3]/C (clocked by clk_fpga_0) and image_rotator_design_i/axi_image_rotator_0/inst/bram_bank2_reg_3264_3327_7_7/DP/WADR1 (clocked by clk_fpga_0). Large setup violations at the end of those stages might be difficult to fix during the post-placement implementation flow and could be the result of non-optimal XDC constraints or non-optimal design architecture
Related violations: <none>

TIMING-16#506 Warning
Large setup violation  
There is a large setup violation of -2.593 ns between image_rotator_design_i/axi_image_rotator_0/inst/wr_ptr_reg[3]/C (clocked by clk_fpga_0) and image_rotator_design_i/axi_image_rotator_0/inst/bram_bank2_reg_3264_3327_7_7/SP/WADR1 (clocked by clk_fpga_0). Large setup violations at the end of those stages might be difficult to fix during the post-placement implementation flow and could be the result of non-optimal XDC constraints or non-optimal design architecture
Related violations: <none>

TIMING-16#507 Warning
Large setup violation  
There is a large setup violation of -2.604 ns between image_rotator_design_i/axi_image_rotator_0/inst/wr_ptr_reg[3]/C (clocked by clk_fpga_0) and image_rotator_design_i/axi_image_rotator_0/inst/bram_bank1_reg_2560_2623_7_7/DP/WADR1 (clocked by clk_fpga_0). Large setup violations at the end of those stages might be difficult to fix during the post-placement implementation flow and could be the result of non-optimal XDC constraints or non-optimal design architecture
Related violations: <none>

TIMING-16#508 Warning
Large setup violation  
There is a large setup violation of -2.604 ns between image_rotator_design_i/axi_image_rotator_0/inst/wr_ptr_reg[3]/C (clocked by clk_fpga_0) and image_rotator_design_i/axi_image_rotator_0/inst/bram_bank1_reg_2560_2623_7_7/SP/WADR1 (clocked by clk_fpga_0). Large setup violations at the end of those stages might be difficult to fix during the post-placement implementation flow and could be the result of non-optimal XDC constraints or non-optimal design architecture
Related violations: <none>

TIMING-16#509 Warning
Large setup violation  
There is a large setup violation of -2.608 ns between image_rotator_design_i/axi_dma_0/U0/I_PRMRY_DATAMOVER/GEN_MM2S_FULL.I_MM2S_FULL_WRAPPER/ENABLE_AXIS_SKID.I_MM2S_SKID_BUF/sig_data_reg_out_reg[6]/C (clocked by clk_fpga_0) and image_rotator_design_i/axi_image_rotator_0/inst/bram_bank1_reg_576_639_6_6/DP/I (clocked by clk_fpga_0). Large setup violations at the end of those stages might be difficult to fix during the post-placement implementation flow and could be the result of non-optimal XDC constraints or non-optimal design architecture
Related violations: <none>

TIMING-16#510 Warning
Large setup violation  
There is a large setup violation of -2.611 ns between image_rotator_design_i/axi_image_rotator_0/inst/wr_ptr_reg[3]/C (clocked by clk_fpga_0) and image_rotator_design_i/axi_image_rotator_0/inst/bram_bank2_reg_3136_3199_6_6/DP/WADR1 (clocked by clk_fpga_0). Large setup violations at the end of those stages might be difficult to fix during the post-placement implementation flow and could be the result of non-optimal XDC constraints or non-optimal design architecture
Related violations: <none>

TIMING-16#511 Warning
Large setup violation  
There is a large setup violation of -2.611 ns between image_rotator_design_i/axi_image_rotator_0/inst/wr_ptr_reg[3]/C (clocked by clk_fpga_0) and image_rotator_design_i/axi_image_rotator_0/inst/bram_bank2_reg_3136_3199_6_6/SP/WADR1 (clocked by clk_fpga_0). Large setup violations at the end of those stages might be difficult to fix during the post-placement implementation flow and could be the result of non-optimal XDC constraints or non-optimal design architecture
Related violations: <none>

TIMING-16#512 Warning
Large setup violation  
There is a large setup violation of -2.628 ns between image_rotator_design_i/axi_dma_0/U0/I_PRMRY_DATAMOVER/GEN_MM2S_FULL.I_MM2S_FULL_WRAPPER/ENABLE_AXIS_SKID.I_MM2S_SKID_BUF/sig_data_reg_out_reg[6]/C (clocked by clk_fpga_0) and image_rotator_design_i/axi_image_rotator_0/inst/bram_bank0_reg_192_255_6_6/DP/I (clocked by clk_fpga_0). Large setup violations at the end of those stages might be difficult to fix during the post-placement implementation flow and could be the result of non-optimal XDC constraints or non-optimal design architecture
Related violations: <none>

TIMING-16#513 Warning
Large setup violation  
There is a large setup violation of -2.631 ns between image_rotator_design_i/axi_dma_0/U0/I_PRMRY_DATAMOVER/GEN_MM2S_FULL.I_MM2S_FULL_WRAPPER/ENABLE_AXIS_SKID.I_MM2S_SKID_BUF/sig_data_reg_out_reg[6]/C (clocked by clk_fpga_0) and image_rotator_design_i/axi_image_rotator_0/inst/bram_bank1_reg_320_383_6_6/DP/I (clocked by clk_fpga_0). Large setup violations at the end of those stages might be difficult to fix during the post-placement implementation flow and could be the result of non-optimal XDC constraints or non-optimal design architecture
Related violations: <none>

TIMING-16#514 Warning
Large setup violation  
There is a large setup violation of -2.632 ns between image_rotator_design_i/axi_image_rotator_0/inst/wr_ptr_reg[3]/C (clocked by clk_fpga_0) and image_rotator_design_i/axi_image_rotator_0/inst/bram_bank2_reg_3904_3967_6_6/DP/WADR1 (clocked by clk_fpga_0). Large setup violations at the end of those stages might be difficult to fix during the post-placement implementation flow and could be the result of non-optimal XDC constraints or non-optimal design architecture
Related violations: <none>

TIMING-16#515 Warning
Large setup violation  
There is a large setup violation of -2.632 ns between image_rotator_design_i/axi_image_rotator_0/inst/wr_ptr_reg[3]/C (clocked by clk_fpga_0) and image_rotator_design_i/axi_image_rotator_0/inst/bram_bank2_reg_3904_3967_6_6/SP/WADR1 (clocked by clk_fpga_0). Large setup violations at the end of those stages might be difficult to fix during the post-placement implementation flow and could be the result of non-optimal XDC constraints or non-optimal design architecture
Related violations: <none>

TIMING-16#516 Warning
Large setup violation  
There is a large setup violation of -2.633 ns between image_rotator_design_i/axi_image_rotator_0/inst/wr_ptr_reg[3]/C (clocked by clk_fpga_0) and image_rotator_design_i/axi_image_rotator_0/inst/bram_bank1_reg_2880_2943_7_7/DP/WADR1 (clocked by clk_fpga_0). Large setup violations at the end of those stages might be difficult to fix during the post-placement implementation flow and could be the result of non-optimal XDC constraints or non-optimal design architecture
Related violations: <none>

TIMING-16#517 Warning
Large setup violation  
There is a large setup violation of -2.633 ns between image_rotator_design_i/axi_image_rotator_0/inst/wr_ptr_reg[3]/C (clocked by clk_fpga_0) and image_rotator_design_i/axi_image_rotator_0/inst/bram_bank1_reg_2880_2943_7_7/SP/WADR1 (clocked by clk_fpga_0). Large setup violations at the end of those stages might be difficult to fix during the post-placement implementation flow and could be the result of non-optimal XDC constraints or non-optimal design architecture
Related violations: <none>

TIMING-16#518 Warning
Large setup violation  
There is a large setup violation of -2.641 ns between image_rotator_design_i/axi_image_rotator_0/inst/wr_ptr_reg[3]/C (clocked by clk_fpga_0) and image_rotator_design_i/axi_image_rotator_0/inst/bram_bank2_reg_3072_3135_7_7/DP/WADR1 (clocked by clk_fpga_0). Large setup violations at the end of those stages might be difficult to fix during the post-placement implementation flow and could be the result of non-optimal XDC constraints or non-optimal design architecture
Related violations: <none>

TIMING-16#519 Warning
Large setup violation  
There is a large setup violation of -2.641 ns between image_rotator_design_i/axi_image_rotator_0/inst/wr_ptr_reg[3]/C (clocked by clk_fpga_0) and image_rotator_design_i/axi_image_rotator_0/inst/bram_bank2_reg_3072_3135_7_7/SP/WADR1 (clocked by clk_fpga_0). Large setup violations at the end of those stages might be difficult to fix during the post-placement implementation flow and could be the result of non-optimal XDC constraints or non-optimal design architecture
Related violations: <none>

TIMING-16#520 Warning
Large setup violation  
There is a large setup violation of -2.686 ns between image_rotator_design_i/axi_dma_0/U0/I_PRMRY_DATAMOVER/GEN_MM2S_FULL.I_MM2S_FULL_WRAPPER/ENABLE_AXIS_SKID.I_MM2S_SKID_BUF/sig_data_reg_out_reg[7]/C (clocked by clk_fpga_0) and image_rotator_design_i/axi_image_rotator_0/inst/bram_bank1_reg_1664_1727_7_7/DP/I (clocked by clk_fpga_0). Large setup violations at the end of those stages might be difficult to fix during the post-placement implementation flow and could be the result of non-optimal XDC constraints or non-optimal design architecture
Related violations: <none>

TIMING-16#521 Warning
Large setup violation  
There is a large setup violation of -2.739 ns between image_rotator_design_i/axi_dma_0/U0/I_PRMRY_DATAMOVER/GEN_MM2S_FULL.I_MM2S_FULL_WRAPPER/ENABLE_AXIS_SKID.I_MM2S_SKID_BUF/sig_data_reg_out_reg[7]/C (clocked by clk_fpga_0) and image_rotator_design_i/axi_image_rotator_0/inst/bram_bank1_reg_704_767_7_7/DP/I (clocked by clk_fpga_0). Large setup violations at the end of those stages might be difficult to fix during the post-placement implementation flow and could be the result of non-optimal XDC constraints or non-optimal design architecture
Related violations: <none>

TIMING-16#522 Warning
Large setup violation  
There is a large setup violation of -2.742 ns between image_rotator_design_i/axi_image_rotator_0/inst/wr_ptr_reg[3]/C (clocked by clk_fpga_0) and image_rotator_design_i/axi_image_rotator_0/inst/bram_bank2_reg_64_127_7_7/DP/WADR1 (clocked by clk_fpga_0). Large setup violations at the end of those stages might be difficult to fix during the post-placement implementation flow and could be the result of non-optimal XDC constraints or non-optimal design architecture
Related violations: <none>

TIMING-16#523 Warning
Large setup violation  
There is a large setup violation of -2.742 ns between image_rotator_design_i/axi_image_rotator_0/inst/wr_ptr_reg[3]/C (clocked by clk_fpga_0) and image_rotator_design_i/axi_image_rotator_0/inst/bram_bank2_reg_64_127_7_7/SP/WADR1 (clocked by clk_fpga_0). Large setup violations at the end of those stages might be difficult to fix during the post-placement implementation flow and could be the result of non-optimal XDC constraints or non-optimal design architecture
Related violations: <none>

TIMING-16#524 Warning
Large setup violation  
There is a large setup violation of -2.750 ns between image_rotator_design_i/axi_image_rotator_0/inst/wr_ptr_reg[3]/C (clocked by clk_fpga_0) and image_rotator_design_i/axi_image_rotator_0/inst/bram_bank2_reg_3584_3647_7_7/DP/WADR1 (clocked by clk_fpga_0). Large setup violations at the end of those stages might be difficult to fix during the post-placement implementation flow and could be the result of non-optimal XDC constraints or non-optimal design architecture
Related violations: <none>

TIMING-16#525 Warning
Large setup violation  
There is a large setup violation of -2.750 ns between image_rotator_design_i/axi_image_rotator_0/inst/wr_ptr_reg[3]/C (clocked by clk_fpga_0) and image_rotator_design_i/axi_image_rotator_0/inst/bram_bank2_reg_3584_3647_7_7/SP/WADR1 (clocked by clk_fpga_0). Large setup violations at the end of those stages might be difficult to fix during the post-placement implementation flow and could be the result of non-optimal XDC constraints or non-optimal design architecture
Related violations: <none>

TIMING-16#526 Warning
Large setup violation  
There is a large setup violation of -2.752 ns between image_rotator_design_i/axi_image_rotator_0/inst/wr_ptr_reg[4]/C (clocked by clk_fpga_0) and image_rotator_design_i/axi_image_rotator_0/inst/bram_bank2_reg_1728_1791_0_2/RAMA/WADR2 (clocked by clk_fpga_0). Large setup violations at the end of those stages might be difficult to fix during the post-placement implementation flow and could be the result of non-optimal XDC constraints or non-optimal design architecture
Related violations: <none>

TIMING-16#527 Warning
Large setup violation  
There is a large setup violation of -2.752 ns between image_rotator_design_i/axi_image_rotator_0/inst/wr_ptr_reg[4]/C (clocked by clk_fpga_0) and image_rotator_design_i/axi_image_rotator_0/inst/bram_bank2_reg_1728_1791_0_2/RAMB/WADR2 (clocked by clk_fpga_0). Large setup violations at the end of those stages might be difficult to fix during the post-placement implementation flow and could be the result of non-optimal XDC constraints or non-optimal design architecture
Related violations: <none>

TIMING-16#528 Warning
Large setup violation  
There is a large setup violation of -2.752 ns between image_rotator_design_i/axi_image_rotator_0/inst/wr_ptr_reg[4]/C (clocked by clk_fpga_0) and image_rotator_design_i/axi_image_rotator_0/inst/bram_bank2_reg_1728_1791_0_2/RAMC/WADR2 (clocked by clk_fpga_0). Large setup violations at the end of those stages might be difficult to fix during the post-placement implementation flow and could be the result of non-optimal XDC constraints or non-optimal design architecture
Related violations: <none>

TIMING-16#529 Warning
Large setup violation  
There is a large setup violation of -2.752 ns between image_rotator_design_i/axi_image_rotator_0/inst/wr_ptr_reg[4]/C (clocked by clk_fpga_0) and image_rotator_design_i/axi_image_rotator_0/inst/bram_bank2_reg_1728_1791_0_2/RAMD/WADR2 (clocked by clk_fpga_0). Large setup violations at the end of those stages might be difficult to fix during the post-placement implementation flow and could be the result of non-optimal XDC constraints or non-optimal design architecture
Related violations: <none>

TIMING-16#530 Warning
Large setup violation  
There is a large setup violation of -2.753 ns between image_rotator_design_i/axi_image_rotator_0/inst/wr_ptr_reg[3]/C (clocked by clk_fpga_0) and image_rotator_design_i/axi_image_rotator_0/inst/bram_bank2_reg_3840_3903_7_7/DP/WADR1 (clocked by clk_fpga_0). Large setup violations at the end of those stages might be difficult to fix during the post-placement implementation flow and could be the result of non-optimal XDC constraints or non-optimal design architecture
Related violations: <none>

TIMING-16#531 Warning
Large setup violation  
There is a large setup violation of -2.753 ns between image_rotator_design_i/axi_image_rotator_0/inst/wr_ptr_reg[3]/C (clocked by clk_fpga_0) and image_rotator_design_i/axi_image_rotator_0/inst/bram_bank2_reg_3840_3903_7_7/SP/WADR1 (clocked by clk_fpga_0). Large setup violations at the end of those stages might be difficult to fix during the post-placement implementation flow and could be the result of non-optimal XDC constraints or non-optimal design architecture
Related violations: <none>

TIMING-16#532 Warning
Large setup violation  
There is a large setup violation of -2.775 ns between image_rotator_design_i/axi_dma_0/U0/I_PRMRY_DATAMOVER/GEN_MM2S_FULL.I_MM2S_FULL_WRAPPER/ENABLE_AXIS_SKID.I_MM2S_SKID_BUF/sig_data_reg_out_reg[7]/C (clocked by clk_fpga_0) and image_rotator_design_i/axi_image_rotator_0/inst/bram_bank1_reg_0_63_7_7/DP/I (clocked by clk_fpga_0). Large setup violations at the end of those stages might be difficult to fix during the post-placement implementation flow and could be the result of non-optimal XDC constraints or non-optimal design architecture
Related violations: <none>

TIMING-16#533 Warning
Large setup violation  
There is a large setup violation of -2.798 ns between image_rotator_design_i/axi_dma_0/U0/I_PRMRY_DATAMOVER/GEN_MM2S_FULL.I_MM2S_FULL_WRAPPER/ENABLE_AXIS_SKID.I_MM2S_SKID_BUF/sig_data_reg_out_reg[7]/C (clocked by clk_fpga_0) and image_rotator_design_i/axi_image_rotator_0/inst/bram_bank1_reg_512_575_7_7/SP/I (clocked by clk_fpga_0). Large setup violations at the end of those stages might be difficult to fix during the post-placement implementation flow and could be the result of non-optimal XDC constraints or non-optimal design architecture
Related violations: <none>

TIMING-16#534 Warning
Large setup violation  
There is a large setup violation of -2.812 ns between image_rotator_design_i/axi_image_rotator_0/inst/wr_ptr_reg[9]/C (clocked by clk_fpga_0) and image_rotator_design_i/axi_image_rotator_0/inst/bram_bank3_reg_0_63_0_2/RAMA/WE (clocked by clk_fpga_0). Large setup violations at the end of those stages might be difficult to fix during the post-placement implementation flow and could be the result of non-optimal XDC constraints or non-optimal design architecture
Related violations: <none>

TIMING-16#535 Warning
Large setup violation  
There is a large setup violation of -2.812 ns between image_rotator_design_i/axi_image_rotator_0/inst/wr_ptr_reg[9]/C (clocked by clk_fpga_0) and image_rotator_design_i/axi_image_rotator_0/inst/bram_bank3_reg_0_63_0_2/RAMB/WE (clocked by clk_fpga_0). Large setup violations at the end of those stages might be difficult to fix during the post-placement implementation flow and could be the result of non-optimal XDC constraints or non-optimal design architecture
Related violations: <none>

TIMING-16#536 Warning
Large setup violation  
There is a large setup violation of -2.812 ns between image_rotator_design_i/axi_image_rotator_0/inst/wr_ptr_reg[9]/C (clocked by clk_fpga_0) and image_rotator_design_i/axi_image_rotator_0/inst/bram_bank3_reg_0_63_0_2/RAMC/WE (clocked by clk_fpga_0). Large setup violations at the end of those stages might be difficult to fix during the post-placement implementation flow and could be the result of non-optimal XDC constraints or non-optimal design architecture
Related violations: <none>

TIMING-16#537 Warning
Large setup violation  
There is a large setup violation of -2.812 ns between image_rotator_design_i/axi_image_rotator_0/inst/wr_ptr_reg[9]/C (clocked by clk_fpga_0) and image_rotator_design_i/axi_image_rotator_0/inst/bram_bank3_reg_0_63_0_2/RAMD/WE (clocked by clk_fpga_0). Large setup violations at the end of those stages might be difficult to fix during the post-placement implementation flow and could be the result of non-optimal XDC constraints or non-optimal design architecture
Related violations: <none>

TIMING-16#538 Warning
Large setup violation  
There is a large setup violation of -2.827 ns between image_rotator_design_i/axi_image_rotator_0/inst/wr_ptr_reg[4]/C (clocked by clk_fpga_0) and image_rotator_design_i/axi_image_rotator_0/inst/bram_bank1_reg_2944_3007_7_7/DP/WADR2 (clocked by clk_fpga_0). Large setup violations at the end of those stages might be difficult to fix during the post-placement implementation flow and could be the result of non-optimal XDC constraints or non-optimal design architecture
Related violations: <none>

TIMING-16#539 Warning
Large setup violation  
There is a large setup violation of -2.827 ns between image_rotator_design_i/axi_image_rotator_0/inst/wr_ptr_reg[4]/C (clocked by clk_fpga_0) and image_rotator_design_i/axi_image_rotator_0/inst/bram_bank1_reg_2944_3007_7_7/SP/WADR2 (clocked by clk_fpga_0). Large setup violations at the end of those stages might be difficult to fix during the post-placement implementation flow and could be the result of non-optimal XDC constraints or non-optimal design architecture
Related violations: <none>

TIMING-16#540 Warning
Large setup violation  
There is a large setup violation of -2.832 ns between image_rotator_design_i/axi_image_rotator_0/inst/wr_ptr_reg[4]/C (clocked by clk_fpga_0) and image_rotator_design_i/axi_image_rotator_0/inst/bram_bank2_reg_3520_3583_0_2/RAMA/WADR2 (clocked by clk_fpga_0). Large setup violations at the end of those stages might be difficult to fix during the post-placement implementation flow and could be the result of non-optimal XDC constraints or non-optimal design architecture
Related violations: <none>

TIMING-16#541 Warning
Large setup violation  
There is a large setup violation of -2.832 ns between image_rotator_design_i/axi_image_rotator_0/inst/wr_ptr_reg[4]/C (clocked by clk_fpga_0) and image_rotator_design_i/axi_image_rotator_0/inst/bram_bank2_reg_3520_3583_0_2/RAMB/WADR2 (clocked by clk_fpga_0). Large setup violations at the end of those stages might be difficult to fix during the post-placement implementation flow and could be the result of non-optimal XDC constraints or non-optimal design architecture
Related violations: <none>

TIMING-16#542 Warning
Large setup violation  
There is a large setup violation of -2.832 ns between image_rotator_design_i/axi_image_rotator_0/inst/wr_ptr_reg[4]/C (clocked by clk_fpga_0) and image_rotator_design_i/axi_image_rotator_0/inst/bram_bank2_reg_3520_3583_0_2/RAMC/WADR2 (clocked by clk_fpga_0). Large setup violations at the end of those stages might be difficult to fix during the post-placement implementation flow and could be the result of non-optimal XDC constraints or non-optimal design architecture
Related violations: <none>

TIMING-16#543 Warning
Large setup violation  
There is a large setup violation of -2.832 ns between image_rotator_design_i/axi_image_rotator_0/inst/wr_ptr_reg[4]/C (clocked by clk_fpga_0) and image_rotator_design_i/axi_image_rotator_0/inst/bram_bank2_reg_3520_3583_0_2/RAMD/WADR2 (clocked by clk_fpga_0). Large setup violations at the end of those stages might be difficult to fix during the post-placement implementation flow and could be the result of non-optimal XDC constraints or non-optimal design architecture
Related violations: <none>

TIMING-16#544 Warning
Large setup violation  
There is a large setup violation of -2.834 ns between image_rotator_design_i/axi_image_rotator_0/inst/wr_ptr_reg[4]/C (clocked by clk_fpga_0) and image_rotator_design_i/axi_image_rotator_0/inst/bram_bank2_reg_1152_1215_0_2/RAMA/WADR2 (clocked by clk_fpga_0). Large setup violations at the end of those stages might be difficult to fix during the post-placement implementation flow and could be the result of non-optimal XDC constraints or non-optimal design architecture
Related violations: <none>

TIMING-16#545 Warning
Large setup violation  
There is a large setup violation of -2.834 ns between image_rotator_design_i/axi_image_rotator_0/inst/wr_ptr_reg[4]/C (clocked by clk_fpga_0) and image_rotator_design_i/axi_image_rotator_0/inst/bram_bank2_reg_1152_1215_0_2/RAMB/WADR2 (clocked by clk_fpga_0). Large setup violations at the end of those stages might be difficult to fix during the post-placement implementation flow and could be the result of non-optimal XDC constraints or non-optimal design architecture
Related violations: <none>

TIMING-16#546 Warning
Large setup violation  
There is a large setup violation of -2.834 ns between image_rotator_design_i/axi_image_rotator_0/inst/wr_ptr_reg[4]/C (clocked by clk_fpga_0) and image_rotator_design_i/axi_image_rotator_0/inst/bram_bank2_reg_1152_1215_0_2/RAMC/WADR2 (clocked by clk_fpga_0). Large setup violations at the end of those stages might be difficult to fix during the post-placement implementation flow and could be the result of non-optimal XDC constraints or non-optimal design architecture
Related violations: <none>

TIMING-16#547 Warning
Large setup violation  
There is a large setup violation of -2.834 ns between image_rotator_design_i/axi_image_rotator_0/inst/wr_ptr_reg[4]/C (clocked by clk_fpga_0) and image_rotator_design_i/axi_image_rotator_0/inst/bram_bank2_reg_1152_1215_0_2/RAMD/WADR2 (clocked by clk_fpga_0). Large setup violations at the end of those stages might be difficult to fix during the post-placement implementation flow and could be the result of non-optimal XDC constraints or non-optimal design architecture
Related violations: <none>

TIMING-16#548 Warning
Large setup violation  
There is a large setup violation of -2.843 ns between image_rotator_design_i/axi_dma_0/U0/I_PRMRY_DATAMOVER/GEN_MM2S_FULL.I_MM2S_FULL_WRAPPER/ENABLE_AXIS_SKID.I_MM2S_SKID_BUF/sig_data_reg_out_reg[7]/C (clocked by clk_fpga_0) and image_rotator_design_i/axi_image_rotator_0/inst/bram_bank1_reg_1472_1535_7_7/DP/I (clocked by clk_fpga_0). Large setup violations at the end of those stages might be difficult to fix during the post-placement implementation flow and could be the result of non-optimal XDC constraints or non-optimal design architecture
Related violations: <none>

TIMING-16#549 Warning
Large setup violation  
There is a large setup violation of -2.846 ns between image_rotator_design_i/axi_image_rotator_0/inst/wr_ptr_reg[4]/C (clocked by clk_fpga_0) and image_rotator_design_i/axi_image_rotator_0/inst/bram_bank2_reg_2944_3007_0_2/RAMA/WADR2 (clocked by clk_fpga_0). Large setup violations at the end of those stages might be difficult to fix during the post-placement implementation flow and could be the result of non-optimal XDC constraints or non-optimal design architecture
Related violations: <none>

TIMING-16#550 Warning
Large setup violation  
There is a large setup violation of -2.846 ns between image_rotator_design_i/axi_image_rotator_0/inst/wr_ptr_reg[4]/C (clocked by clk_fpga_0) and image_rotator_design_i/axi_image_rotator_0/inst/bram_bank2_reg_2944_3007_0_2/RAMB/WADR2 (clocked by clk_fpga_0). Large setup violations at the end of those stages might be difficult to fix during the post-placement implementation flow and could be the result of non-optimal XDC constraints or non-optimal design architecture
Related violations: <none>

TIMING-16#551 Warning
Large setup violation  
There is a large setup violation of -2.846 ns between image_rotator_design_i/axi_image_rotator_0/inst/wr_ptr_reg[4]/C (clocked by clk_fpga_0) and image_rotator_design_i/axi_image_rotator_0/inst/bram_bank2_reg_2944_3007_0_2/RAMC/WADR2 (clocked by clk_fpga_0). Large setup violations at the end of those stages might be difficult to fix during the post-placement implementation flow and could be the result of non-optimal XDC constraints or non-optimal design architecture
Related violations: <none>

TIMING-16#552 Warning
Large setup violation  
There is a large setup violation of -2.846 ns between image_rotator_design_i/axi_image_rotator_0/inst/wr_ptr_reg[4]/C (clocked by clk_fpga_0) and image_rotator_design_i/axi_image_rotator_0/inst/bram_bank2_reg_2944_3007_0_2/RAMD/WADR2 (clocked by clk_fpga_0). Large setup violations at the end of those stages might be difficult to fix during the post-placement implementation flow and could be the result of non-optimal XDC constraints or non-optimal design architecture
Related violations: <none>

TIMING-16#553 Warning
Large setup violation  
There is a large setup violation of -2.875 ns between image_rotator_design_i/axi_dma_0/U0/I_PRMRY_DATAMOVER/GEN_MM2S_FULL.I_MM2S_FULL_WRAPPER/ENABLE_AXIS_SKID.I_MM2S_SKID_BUF/sig_data_reg_out_reg[7]/C (clocked by clk_fpga_0) and image_rotator_design_i/axi_image_rotator_0/inst/bram_bank1_reg_192_255_7_7/DP/I (clocked by clk_fpga_0). Large setup violations at the end of those stages might be difficult to fix during the post-placement implementation flow and could be the result of non-optimal XDC constraints or non-optimal design architecture
Related violations: <none>

TIMING-16#554 Warning
Large setup violation  
There is a large setup violation of -2.881 ns between image_rotator_design_i/axi_image_rotator_0/inst/wr_ptr_reg[3]/C (clocked by clk_fpga_0) and image_rotator_design_i/axi_image_rotator_0/inst/bram_bank2_reg_320_383_7_7/DP/WADR1 (clocked by clk_fpga_0). Large setup violations at the end of those stages might be difficult to fix during the post-placement implementation flow and could be the result of non-optimal XDC constraints or non-optimal design architecture
Related violations: <none>

TIMING-16#555 Warning
Large setup violation  
There is a large setup violation of -2.881 ns between image_rotator_design_i/axi_image_rotator_0/inst/wr_ptr_reg[3]/C (clocked by clk_fpga_0) and image_rotator_design_i/axi_image_rotator_0/inst/bram_bank2_reg_320_383_7_7/SP/WADR1 (clocked by clk_fpga_0). Large setup violations at the end of those stages might be difficult to fix during the post-placement implementation flow and could be the result of non-optimal XDC constraints or non-optimal design architecture
Related violations: <none>

TIMING-16#556 Warning
Large setup violation  
There is a large setup violation of -2.884 ns between image_rotator_design_i/axi_image_rotator_0/inst/wr_ptr_reg[4]/C (clocked by clk_fpga_0) and image_rotator_design_i/axi_image_rotator_0/inst/bram_bank2_reg_1664_1727_0_2/RAMA/WADR2 (clocked by clk_fpga_0). Large setup violations at the end of those stages might be difficult to fix during the post-placement implementation flow and could be the result of non-optimal XDC constraints or non-optimal design architecture
Related violations: <none>

TIMING-16#557 Warning
Large setup violation  
There is a large setup violation of -2.884 ns between image_rotator_design_i/axi_image_rotator_0/inst/wr_ptr_reg[4]/C (clocked by clk_fpga_0) and image_rotator_design_i/axi_image_rotator_0/inst/bram_bank2_reg_1664_1727_0_2/RAMB/WADR2 (clocked by clk_fpga_0). Large setup violations at the end of those stages might be difficult to fix during the post-placement implementation flow and could be the result of non-optimal XDC constraints or non-optimal design architecture
Related violations: <none>

TIMING-16#558 Warning
Large setup violation  
There is a large setup violation of -2.884 ns between image_rotator_design_i/axi_image_rotator_0/inst/wr_ptr_reg[4]/C (clocked by clk_fpga_0) and image_rotator_design_i/axi_image_rotator_0/inst/bram_bank2_reg_1664_1727_0_2/RAMC/WADR2 (clocked by clk_fpga_0). Large setup violations at the end of those stages might be difficult to fix during the post-placement implementation flow and could be the result of non-optimal XDC constraints or non-optimal design architecture
Related violations: <none>

TIMING-16#559 Warning
Large setup violation  
There is a large setup violation of -2.884 ns between image_rotator_design_i/axi_image_rotator_0/inst/wr_ptr_reg[4]/C (clocked by clk_fpga_0) and image_rotator_design_i/axi_image_rotator_0/inst/bram_bank2_reg_1664_1727_0_2/RAMD/WADR2 (clocked by clk_fpga_0). Large setup violations at the end of those stages might be difficult to fix during the post-placement implementation flow and could be the result of non-optimal XDC constraints or non-optimal design architecture
Related violations: <none>

TIMING-16#560 Warning
Large setup violation  
There is a large setup violation of -2.889 ns between image_rotator_design_i/axi_image_rotator_0/inst/wr_ptr_reg[3]/C (clocked by clk_fpga_0) and image_rotator_design_i/axi_image_rotator_0/inst/bram_bank2_reg_512_575_7_7/DP/WADR1 (clocked by clk_fpga_0). Large setup violations at the end of those stages might be difficult to fix during the post-placement implementation flow and could be the result of non-optimal XDC constraints or non-optimal design architecture
Related violations: <none>

TIMING-16#561 Warning
Large setup violation  
There is a large setup violation of -2.889 ns between image_rotator_design_i/axi_image_rotator_0/inst/wr_ptr_reg[3]/C (clocked by clk_fpga_0) and image_rotator_design_i/axi_image_rotator_0/inst/bram_bank2_reg_512_575_7_7/SP/WADR1 (clocked by clk_fpga_0). Large setup violations at the end of those stages might be difficult to fix during the post-placement implementation flow and could be the result of non-optimal XDC constraints or non-optimal design architecture
Related violations: <none>

TIMING-16#562 Warning
Large setup violation  
There is a large setup violation of -2.904 ns between image_rotator_design_i/axi_image_rotator_0/inst/wr_ptr_reg[4]/C (clocked by clk_fpga_0) and image_rotator_design_i/axi_image_rotator_0/inst/bram_bank2_reg_2688_2751_0_2/RAMA/WADR2 (clocked by clk_fpga_0). Large setup violations at the end of those stages might be difficult to fix during the post-placement implementation flow and could be the result of non-optimal XDC constraints or non-optimal design architecture
Related violations: <none>

TIMING-16#563 Warning
Large setup violation  
There is a large setup violation of -2.904 ns between image_rotator_design_i/axi_image_rotator_0/inst/wr_ptr_reg[4]/C (clocked by clk_fpga_0) and image_rotator_design_i/axi_image_rotator_0/inst/bram_bank2_reg_2688_2751_0_2/RAMB/WADR2 (clocked by clk_fpga_0). Large setup violations at the end of those stages might be difficult to fix during the post-placement implementation flow and could be the result of non-optimal XDC constraints or non-optimal design architecture
Related violations: <none>

TIMING-16#564 Warning
Large setup violation  
There is a large setup violation of -2.904 ns between image_rotator_design_i/axi_image_rotator_0/inst/wr_ptr_reg[4]/C (clocked by clk_fpga_0) and image_rotator_design_i/axi_image_rotator_0/inst/bram_bank2_reg_2688_2751_0_2/RAMC/WADR2 (clocked by clk_fpga_0). Large setup violations at the end of those stages might be difficult to fix during the post-placement implementation flow and could be the result of non-optimal XDC constraints or non-optimal design architecture
Related violations: <none>

TIMING-16#565 Warning
Large setup violation  
There is a large setup violation of -2.904 ns between image_rotator_design_i/axi_image_rotator_0/inst/wr_ptr_reg[4]/C (clocked by clk_fpga_0) and image_rotator_design_i/axi_image_rotator_0/inst/bram_bank2_reg_2688_2751_0_2/RAMD/WADR2 (clocked by clk_fpga_0). Large setup violations at the end of those stages might be difficult to fix during the post-placement implementation flow and could be the result of non-optimal XDC constraints or non-optimal design architecture
Related violations: <none>

TIMING-16#566 Warning
Large setup violation  
There is a large setup violation of -2.910 ns between image_rotator_design_i/axi_dma_0/U0/I_PRMRY_DATAMOVER/GEN_MM2S_FULL.I_MM2S_FULL_WRAPPER/ENABLE_AXIS_SKID.I_MM2S_SKID_BUF/sig_data_reg_out_reg[7]/C (clocked by clk_fpga_0) and image_rotator_design_i/axi_image_rotator_0/inst/bram_bank1_reg_64_127_7_7/SP/I (clocked by clk_fpga_0). Large setup violations at the end of those stages might be difficult to fix during the post-placement implementation flow and could be the result of non-optimal XDC constraints or non-optimal design architecture
Related violations: <none>

TIMING-16#567 Warning
Large setup violation  
There is a large setup violation of -2.911 ns between image_rotator_design_i/axi_image_rotator_0/inst/wr_ptr_reg[4]/C (clocked by clk_fpga_0) and image_rotator_design_i/axi_image_rotator_0/inst/bram_bank2_reg_2496_2559_6_6/DP/WADR2 (clocked by clk_fpga_0). Large setup violations at the end of those stages might be difficult to fix during the post-placement implementation flow and could be the result of non-optimal XDC constraints or non-optimal design architecture
Related violations: <none>

TIMING-16#568 Warning
Large setup violation  
There is a large setup violation of -2.911 ns between image_rotator_design_i/axi_image_rotator_0/inst/wr_ptr_reg[4]/C (clocked by clk_fpga_0) and image_rotator_design_i/axi_image_rotator_0/inst/bram_bank2_reg_2496_2559_6_6/SP/WADR2 (clocked by clk_fpga_0). Large setup violations at the end of those stages might be difficult to fix during the post-placement implementation flow and could be the result of non-optimal XDC constraints or non-optimal design architecture
Related violations: <none>

TIMING-16#569 Warning
Large setup violation  
There is a large setup violation of -2.926 ns between image_rotator_design_i/axi_image_rotator_0/inst/wr_ptr_reg[4]/C (clocked by clk_fpga_0) and image_rotator_design_i/axi_image_rotator_0/inst/bram_bank2_reg_1856_1919_6_6/DP/WADR2 (clocked by clk_fpga_0). Large setup violations at the end of those stages might be difficult to fix during the post-placement implementation flow and could be the result of non-optimal XDC constraints or non-optimal design architecture
Related violations: <none>

TIMING-16#570 Warning
Large setup violation  
There is a large setup violation of -2.926 ns between image_rotator_design_i/axi_image_rotator_0/inst/wr_ptr_reg[4]/C (clocked by clk_fpga_0) and image_rotator_design_i/axi_image_rotator_0/inst/bram_bank2_reg_1856_1919_6_6/SP/WADR2 (clocked by clk_fpga_0). Large setup violations at the end of those stages might be difficult to fix during the post-placement implementation flow and could be the result of non-optimal XDC constraints or non-optimal design architecture
Related violations: <none>

TIMING-16#571 Warning
Large setup violation  
There is a large setup violation of -2.946 ns between image_rotator_design_i/axi_image_rotator_0/inst/wr_ptr_reg[3]/C (clocked by clk_fpga_0) and image_rotator_design_i/axi_image_rotator_0/inst/bram_bank2_reg_3968_4031_7_7/DP/WADR1 (clocked by clk_fpga_0). Large setup violations at the end of those stages might be difficult to fix during the post-placement implementation flow and could be the result of non-optimal XDC constraints or non-optimal design architecture
Related violations: <none>

TIMING-16#572 Warning
Large setup violation  
There is a large setup violation of -2.946 ns between image_rotator_design_i/axi_image_rotator_0/inst/wr_ptr_reg[3]/C (clocked by clk_fpga_0) and image_rotator_design_i/axi_image_rotator_0/inst/bram_bank2_reg_3968_4031_7_7/SP/WADR1 (clocked by clk_fpga_0). Large setup violations at the end of those stages might be difficult to fix during the post-placement implementation flow and could be the result of non-optimal XDC constraints or non-optimal design architecture
Related violations: <none>

TIMING-16#573 Warning
Large setup violation  
There is a large setup violation of -2.982 ns between image_rotator_design_i/axi_image_rotator_0/inst/wr_ptr_reg[4]/C (clocked by clk_fpga_0) and image_rotator_design_i/axi_image_rotator_0/inst/bram_bank2_reg_2496_2559_0_2/RAMA/WADR2 (clocked by clk_fpga_0). Large setup violations at the end of those stages might be difficult to fix during the post-placement implementation flow and could be the result of non-optimal XDC constraints or non-optimal design architecture
Related violations: <none>

TIMING-16#574 Warning
Large setup violation  
There is a large setup violation of -2.982 ns between image_rotator_design_i/axi_image_rotator_0/inst/wr_ptr_reg[4]/C (clocked by clk_fpga_0) and image_rotator_design_i/axi_image_rotator_0/inst/bram_bank2_reg_2496_2559_0_2/RAMB/WADR2 (clocked by clk_fpga_0). Large setup violations at the end of those stages might be difficult to fix during the post-placement implementation flow and could be the result of non-optimal XDC constraints or non-optimal design architecture
Related violations: <none>

TIMING-16#575 Warning
Large setup violation  
There is a large setup violation of -2.982 ns between image_rotator_design_i/axi_image_rotator_0/inst/wr_ptr_reg[4]/C (clocked by clk_fpga_0) and image_rotator_design_i/axi_image_rotator_0/inst/bram_bank2_reg_2496_2559_0_2/RAMC/WADR2 (clocked by clk_fpga_0). Large setup violations at the end of those stages might be difficult to fix during the post-placement implementation flow and could be the result of non-optimal XDC constraints or non-optimal design architecture
Related violations: <none>

TIMING-16#576 Warning
Large setup violation  
There is a large setup violation of -2.982 ns between image_rotator_design_i/axi_image_rotator_0/inst/wr_ptr_reg[4]/C (clocked by clk_fpga_0) and image_rotator_design_i/axi_image_rotator_0/inst/bram_bank2_reg_2496_2559_0_2/RAMD/WADR2 (clocked by clk_fpga_0). Large setup violations at the end of those stages might be difficult to fix during the post-placement implementation flow and could be the result of non-optimal XDC constraints or non-optimal design architecture
Related violations: <none>

TIMING-16#577 Warning
Large setup violation  
There is a large setup violation of -2.990 ns between image_rotator_design_i/axi_image_rotator_0/inst/wr_ptr_reg[4]/C (clocked by clk_fpga_0) and image_rotator_design_i/axi_image_rotator_0/inst/bram_bank1_reg_1088_1151_0_2/RAMA/WADR2 (clocked by clk_fpga_0). Large setup violations at the end of those stages might be difficult to fix during the post-placement implementation flow and could be the result of non-optimal XDC constraints or non-optimal design architecture
Related violations: <none>

TIMING-16#578 Warning
Large setup violation  
There is a large setup violation of -2.990 ns between image_rotator_design_i/axi_image_rotator_0/inst/wr_ptr_reg[4]/C (clocked by clk_fpga_0) and image_rotator_design_i/axi_image_rotator_0/inst/bram_bank1_reg_1088_1151_0_2/RAMB/WADR2 (clocked by clk_fpga_0). Large setup violations at the end of those stages might be difficult to fix during the post-placement implementation flow and could be the result of non-optimal XDC constraints or non-optimal design architecture
Related violations: <none>

TIMING-16#579 Warning
Large setup violation  
There is a large setup violation of -2.990 ns between image_rotator_design_i/axi_image_rotator_0/inst/wr_ptr_reg[4]/C (clocked by clk_fpga_0) and image_rotator_design_i/axi_image_rotator_0/inst/bram_bank1_reg_1088_1151_0_2/RAMC/WADR2 (clocked by clk_fpga_0). Large setup violations at the end of those stages might be difficult to fix during the post-placement implementation flow and could be the result of non-optimal XDC constraints or non-optimal design architecture
Related violations: <none>

TIMING-16#580 Warning
Large setup violation  
There is a large setup violation of -2.990 ns between image_rotator_design_i/axi_image_rotator_0/inst/wr_ptr_reg[4]/C (clocked by clk_fpga_0) and image_rotator_design_i/axi_image_rotator_0/inst/bram_bank1_reg_1088_1151_0_2/RAMD/WADR2 (clocked by clk_fpga_0). Large setup violations at the end of those stages might be difficult to fix during the post-placement implementation flow and could be the result of non-optimal XDC constraints or non-optimal design architecture
Related violations: <none>

TIMING-16#581 Warning
Large setup violation  
There is a large setup violation of -3.005 ns between image_rotator_design_i/axi_image_rotator_0/inst/wr_ptr_reg[4]/C (clocked by clk_fpga_0) and image_rotator_design_i/axi_image_rotator_0/inst/bram_bank2_reg_1472_1535_0_2/RAMA/WADR2 (clocked by clk_fpga_0). Large setup violations at the end of those stages might be difficult to fix during the post-placement implementation flow and could be the result of non-optimal XDC constraints or non-optimal design architecture
Related violations: <none>

TIMING-16#582 Warning
Large setup violation  
There is a large setup violation of -3.005 ns between image_rotator_design_i/axi_image_rotator_0/inst/wr_ptr_reg[4]/C (clocked by clk_fpga_0) and image_rotator_design_i/axi_image_rotator_0/inst/bram_bank2_reg_1472_1535_0_2/RAMB/WADR2 (clocked by clk_fpga_0). Large setup violations at the end of those stages might be difficult to fix during the post-placement implementation flow and could be the result of non-optimal XDC constraints or non-optimal design architecture
Related violations: <none>

TIMING-16#583 Warning
Large setup violation  
There is a large setup violation of -3.005 ns between image_rotator_design_i/axi_image_rotator_0/inst/wr_ptr_reg[4]/C (clocked by clk_fpga_0) and image_rotator_design_i/axi_image_rotator_0/inst/bram_bank2_reg_1472_1535_0_2/RAMC/WADR2 (clocked by clk_fpga_0). Large setup violations at the end of those stages might be difficult to fix during the post-placement implementation flow and could be the result of non-optimal XDC constraints or non-optimal design architecture
Related violations: <none>

TIMING-16#584 Warning
Large setup violation  
There is a large setup violation of -3.005 ns between image_rotator_design_i/axi_image_rotator_0/inst/wr_ptr_reg[4]/C (clocked by clk_fpga_0) and image_rotator_design_i/axi_image_rotator_0/inst/bram_bank2_reg_1472_1535_0_2/RAMD/WADR2 (clocked by clk_fpga_0). Large setup violations at the end of those stages might be difficult to fix during the post-placement implementation flow and could be the result of non-optimal XDC constraints or non-optimal design architecture
Related violations: <none>

TIMING-16#585 Warning
Large setup violation  
There is a large setup violation of -3.009 ns between image_rotator_design_i/axi_image_rotator_0/inst/wr_ptr_reg[4]/C (clocked by clk_fpga_0) and image_rotator_design_i/axi_image_rotator_0/inst/bram_bank2_reg_3456_3519_0_2/RAMA/WADR2 (clocked by clk_fpga_0). Large setup violations at the end of those stages might be difficult to fix during the post-placement implementation flow and could be the result of non-optimal XDC constraints or non-optimal design architecture
Related violations: <none>

TIMING-16#586 Warning
Large setup violation  
There is a large setup violation of -3.009 ns between image_rotator_design_i/axi_image_rotator_0/inst/wr_ptr_reg[4]/C (clocked by clk_fpga_0) and image_rotator_design_i/axi_image_rotator_0/inst/bram_bank2_reg_3456_3519_0_2/RAMB/WADR2 (clocked by clk_fpga_0). Large setup violations at the end of those stages might be difficult to fix during the post-placement implementation flow and could be the result of non-optimal XDC constraints or non-optimal design architecture
Related violations: <none>

TIMING-16#587 Warning
Large setup violation  
There is a large setup violation of -3.009 ns between image_rotator_design_i/axi_image_rotator_0/inst/wr_ptr_reg[4]/C (clocked by clk_fpga_0) and image_rotator_design_i/axi_image_rotator_0/inst/bram_bank2_reg_3456_3519_0_2/RAMC/WADR2 (clocked by clk_fpga_0). Large setup violations at the end of those stages might be difficult to fix during the post-placement implementation flow and could be the result of non-optimal XDC constraints or non-optimal design architecture
Related violations: <none>

TIMING-16#588 Warning
Large setup violation  
There is a large setup violation of -3.009 ns between image_rotator_design_i/axi_image_rotator_0/inst/wr_ptr_reg[4]/C (clocked by clk_fpga_0) and image_rotator_design_i/axi_image_rotator_0/inst/bram_bank2_reg_3456_3519_0_2/RAMD/WADR2 (clocked by clk_fpga_0). Large setup violations at the end of those stages might be difficult to fix during the post-placement implementation flow and could be the result of non-optimal XDC constraints or non-optimal design architecture
Related violations: <none>

TIMING-16#589 Warning
Large setup violation  
There is a large setup violation of -3.019 ns between image_rotator_design_i/axi_image_rotator_0/inst/wr_ptr_reg[4]/C (clocked by clk_fpga_0) and image_rotator_design_i/axi_image_rotator_0/inst/bram_bank1_reg_1536_1599_0_2/RAMA/WADR2 (clocked by clk_fpga_0). Large setup violations at the end of those stages might be difficult to fix during the post-placement implementation flow and could be the result of non-optimal XDC constraints or non-optimal design architecture
Related violations: <none>

TIMING-16#590 Warning
Large setup violation  
There is a large setup violation of -3.019 ns between image_rotator_design_i/axi_image_rotator_0/inst/wr_ptr_reg[4]/C (clocked by clk_fpga_0) and image_rotator_design_i/axi_image_rotator_0/inst/bram_bank1_reg_1536_1599_0_2/RAMB/WADR2 (clocked by clk_fpga_0). Large setup violations at the end of those stages might be difficult to fix during the post-placement implementation flow and could be the result of non-optimal XDC constraints or non-optimal design architecture
Related violations: <none>

TIMING-16#591 Warning
Large setup violation  
There is a large setup violation of -3.019 ns between image_rotator_design_i/axi_image_rotator_0/inst/wr_ptr_reg[4]/C (clocked by clk_fpga_0) and image_rotator_design_i/axi_image_rotator_0/inst/bram_bank1_reg_1536_1599_0_2/RAMC/WADR2 (clocked by clk_fpga_0). Large setup violations at the end of those stages might be difficult to fix during the post-placement implementation flow and could be the result of non-optimal XDC constraints or non-optimal design architecture
Related violations: <none>

TIMING-16#592 Warning
Large setup violation  
There is a large setup violation of -3.019 ns between image_rotator_design_i/axi_image_rotator_0/inst/wr_ptr_reg[4]/C (clocked by clk_fpga_0) and image_rotator_design_i/axi_image_rotator_0/inst/bram_bank1_reg_1536_1599_0_2/RAMD/WADR2 (clocked by clk_fpga_0). Large setup violations at the end of those stages might be difficult to fix during the post-placement implementation flow and could be the result of non-optimal XDC constraints or non-optimal design architecture
Related violations: <none>

TIMING-16#593 Warning
Large setup violation  
There is a large setup violation of -3.024 ns between image_rotator_design_i/axi_image_rotator_0/inst/wr_ptr_reg[4]/C (clocked by clk_fpga_0) and image_rotator_design_i/axi_image_rotator_0/inst/bram_bank2_reg_1216_1279_0_2/RAMA/WADR2 (clocked by clk_fpga_0). Large setup violations at the end of those stages might be difficult to fix during the post-placement implementation flow and could be the result of non-optimal XDC constraints or non-optimal design architecture
Related violations: <none>

TIMING-16#594 Warning
Large setup violation  
There is a large setup violation of -3.024 ns between image_rotator_design_i/axi_image_rotator_0/inst/wr_ptr_reg[4]/C (clocked by clk_fpga_0) and image_rotator_design_i/axi_image_rotator_0/inst/bram_bank2_reg_1216_1279_0_2/RAMB/WADR2 (clocked by clk_fpga_0). Large setup violations at the end of those stages might be difficult to fix during the post-placement implementation flow and could be the result of non-optimal XDC constraints or non-optimal design architecture
Related violations: <none>

TIMING-16#595 Warning
Large setup violation  
There is a large setup violation of -3.024 ns between image_rotator_design_i/axi_image_rotator_0/inst/wr_ptr_reg[4]/C (clocked by clk_fpga_0) and image_rotator_design_i/axi_image_rotator_0/inst/bram_bank2_reg_1216_1279_0_2/RAMC/WADR2 (clocked by clk_fpga_0). Large setup violations at the end of those stages might be difficult to fix during the post-placement implementation flow and could be the result of non-optimal XDC constraints or non-optimal design architecture
Related violations: <none>

TIMING-16#596 Warning
Large setup violation  
There is a large setup violation of -3.024 ns between image_rotator_design_i/axi_image_rotator_0/inst/wr_ptr_reg[4]/C (clocked by clk_fpga_0) and image_rotator_design_i/axi_image_rotator_0/inst/bram_bank2_reg_1216_1279_0_2/RAMD/WADR2 (clocked by clk_fpga_0). Large setup violations at the end of those stages might be difficult to fix during the post-placement implementation flow and could be the result of non-optimal XDC constraints or non-optimal design architecture
Related violations: <none>

TIMING-16#597 Warning
Large setup violation  
There is a large setup violation of -3.052 ns between image_rotator_design_i/axi_image_rotator_0/inst/wr_ptr_reg[3]/C (clocked by clk_fpga_0) and image_rotator_design_i/axi_image_rotator_0/inst/bram_bank2_reg_0_63_7_7/DP/WADR1 (clocked by clk_fpga_0). Large setup violations at the end of those stages might be difficult to fix during the post-placement implementation flow and could be the result of non-optimal XDC constraints or non-optimal design architecture
Related violations: <none>

TIMING-16#598 Warning
Large setup violation  
There is a large setup violation of -3.052 ns between image_rotator_design_i/axi_image_rotator_0/inst/wr_ptr_reg[3]/C (clocked by clk_fpga_0) and image_rotator_design_i/axi_image_rotator_0/inst/bram_bank2_reg_0_63_7_7/SP/WADR1 (clocked by clk_fpga_0). Large setup violations at the end of those stages might be difficult to fix during the post-placement implementation flow and could be the result of non-optimal XDC constraints or non-optimal design architecture
Related violations: <none>

TIMING-16#599 Warning
Large setup violation  
There is a large setup violation of -3.059 ns between image_rotator_design_i/axi_image_rotator_0/inst/wr_ptr_reg[3]/C (clocked by clk_fpga_0) and image_rotator_design_i/axi_image_rotator_0/inst/bram_bank2_reg_128_191_7_7/DP/WADR1 (clocked by clk_fpga_0). Large setup violations at the end of those stages might be difficult to fix during the post-placement implementation flow and could be the result of non-optimal XDC constraints or non-optimal design architecture
Related violations: <none>

TIMING-16#600 Warning
Large setup violation  
There is a large setup violation of -3.059 ns between image_rotator_design_i/axi_image_rotator_0/inst/wr_ptr_reg[3]/C (clocked by clk_fpga_0) and image_rotator_design_i/axi_image_rotator_0/inst/bram_bank2_reg_128_191_7_7/SP/WADR1 (clocked by clk_fpga_0). Large setup violations at the end of those stages might be difficult to fix during the post-placement implementation flow and could be the result of non-optimal XDC constraints or non-optimal design architecture
Related violations: <none>

TIMING-16#601 Warning
Large setup violation  
There is a large setup violation of -3.085 ns between image_rotator_design_i/axi_dma_0/U0/I_PRMRY_DATAMOVER/GEN_MM2S_FULL.I_MM2S_FULL_WRAPPER/ENABLE_AXIS_SKID.I_MM2S_SKID_BUF/sig_data_reg_out_reg[7]/C (clocked by clk_fpga_0) and image_rotator_design_i/axi_image_rotator_0/inst/bram_bank1_reg_512_575_7_7/DP/I (clocked by clk_fpga_0). Large setup violations at the end of those stages might be difficult to fix during the post-placement implementation flow and could be the result of non-optimal XDC constraints or non-optimal design architecture
Related violations: <none>

TIMING-16#602 Warning
Large setup violation  
There is a large setup violation of -3.103 ns between image_rotator_design_i/axi_image_rotator_0/inst/wr_ptr_reg[4]/C (clocked by clk_fpga_0) and image_rotator_design_i/axi_image_rotator_0/inst/bram_bank2_reg_2752_2815_0_2/RAMA/WADR2 (clocked by clk_fpga_0). Large setup violations at the end of those stages might be difficult to fix during the post-placement implementation flow and could be the result of non-optimal XDC constraints or non-optimal design architecture
Related violations: <none>

TIMING-16#603 Warning
Large setup violation  
There is a large setup violation of -3.103 ns between image_rotator_design_i/axi_image_rotator_0/inst/wr_ptr_reg[4]/C (clocked by clk_fpga_0) and image_rotator_design_i/axi_image_rotator_0/inst/bram_bank2_reg_2752_2815_0_2/RAMB/WADR2 (clocked by clk_fpga_0). Large setup violations at the end of those stages might be difficult to fix during the post-placement implementation flow and could be the result of non-optimal XDC constraints or non-optimal design architecture
Related violations: <none>

TIMING-16#604 Warning
Large setup violation  
There is a large setup violation of -3.103 ns between image_rotator_design_i/axi_image_rotator_0/inst/wr_ptr_reg[4]/C (clocked by clk_fpga_0) and image_rotator_design_i/axi_image_rotator_0/inst/bram_bank2_reg_2752_2815_0_2/RAMC/WADR2 (clocked by clk_fpga_0). Large setup violations at the end of those stages might be difficult to fix during the post-placement implementation flow and could be the result of non-optimal XDC constraints or non-optimal design architecture
Related violations: <none>

TIMING-16#605 Warning
Large setup violation  
There is a large setup violation of -3.103 ns between image_rotator_design_i/axi_image_rotator_0/inst/wr_ptr_reg[4]/C (clocked by clk_fpga_0) and image_rotator_design_i/axi_image_rotator_0/inst/bram_bank2_reg_2752_2815_0_2/RAMD/WADR2 (clocked by clk_fpga_0). Large setup violations at the end of those stages might be difficult to fix during the post-placement implementation flow and could be the result of non-optimal XDC constraints or non-optimal design architecture
Related violations: <none>

TIMING-16#606 Warning
Large setup violation  
There is a large setup violation of -3.121 ns between image_rotator_design_i/axi_image_rotator_0/inst/wr_ptr_reg[4]/C (clocked by clk_fpga_0) and image_rotator_design_i/axi_image_rotator_0/inst/bram_bank1_reg_1792_1855_0_2/RAMA/WADR2 (clocked by clk_fpga_0). Large setup violations at the end of those stages might be difficult to fix during the post-placement implementation flow and could be the result of non-optimal XDC constraints or non-optimal design architecture
Related violations: <none>

TIMING-16#607 Warning
Large setup violation  
There is a large setup violation of -3.121 ns between image_rotator_design_i/axi_image_rotator_0/inst/wr_ptr_reg[4]/C (clocked by clk_fpga_0) and image_rotator_design_i/axi_image_rotator_0/inst/bram_bank1_reg_1792_1855_0_2/RAMB/WADR2 (clocked by clk_fpga_0). Large setup violations at the end of those stages might be difficult to fix during the post-placement implementation flow and could be the result of non-optimal XDC constraints or non-optimal design architecture
Related violations: <none>

TIMING-16#608 Warning
Large setup violation  
There is a large setup violation of -3.121 ns between image_rotator_design_i/axi_image_rotator_0/inst/wr_ptr_reg[4]/C (clocked by clk_fpga_0) and image_rotator_design_i/axi_image_rotator_0/inst/bram_bank1_reg_1792_1855_0_2/RAMC/WADR2 (clocked by clk_fpga_0). Large setup violations at the end of those stages might be difficult to fix during the post-placement implementation flow and could be the result of non-optimal XDC constraints or non-optimal design architecture
Related violations: <none>

TIMING-16#609 Warning
Large setup violation  
There is a large setup violation of -3.121 ns between image_rotator_design_i/axi_image_rotator_0/inst/wr_ptr_reg[4]/C (clocked by clk_fpga_0) and image_rotator_design_i/axi_image_rotator_0/inst/bram_bank1_reg_1792_1855_0_2/RAMD/WADR2 (clocked by clk_fpga_0). Large setup violations at the end of those stages might be difficult to fix during the post-placement implementation flow and could be the result of non-optimal XDC constraints or non-optimal design architecture
Related violations: <none>

TIMING-16#610 Warning
Large setup violation  
There is a large setup violation of -3.153 ns between image_rotator_design_i/axi_image_rotator_0/inst/wr_ptr_reg[4]/C (clocked by clk_fpga_0) and image_rotator_design_i/axi_image_rotator_0/inst/bram_bank2_reg_3456_3519_3_5/RAMA/WADR2 (clocked by clk_fpga_0). Large setup violations at the end of those stages might be difficult to fix during the post-placement implementation flow and could be the result of non-optimal XDC constraints or non-optimal design architecture
Related violations: <none>

TIMING-16#611 Warning
Large setup violation  
There is a large setup violation of -3.153 ns between image_rotator_design_i/axi_image_rotator_0/inst/wr_ptr_reg[4]/C (clocked by clk_fpga_0) and image_rotator_design_i/axi_image_rotator_0/inst/bram_bank2_reg_3456_3519_3_5/RAMB/WADR2 (clocked by clk_fpga_0). Large setup violations at the end of those stages might be difficult to fix during the post-placement implementation flow and could be the result of non-optimal XDC constraints or non-optimal design architecture
Related violations: <none>

TIMING-16#612 Warning
Large setup violation  
There is a large setup violation of -3.153 ns between image_rotator_design_i/axi_image_rotator_0/inst/wr_ptr_reg[4]/C (clocked by clk_fpga_0) and image_rotator_design_i/axi_image_rotator_0/inst/bram_bank2_reg_3456_3519_3_5/RAMC/WADR2 (clocked by clk_fpga_0). Large setup violations at the end of those stages might be difficult to fix during the post-placement implementation flow and could be the result of non-optimal XDC constraints or non-optimal design architecture
Related violations: <none>

TIMING-16#613 Warning
Large setup violation  
There is a large setup violation of -3.153 ns between image_rotator_design_i/axi_image_rotator_0/inst/wr_ptr_reg[4]/C (clocked by clk_fpga_0) and image_rotator_design_i/axi_image_rotator_0/inst/bram_bank2_reg_3456_3519_3_5/RAMD/WADR2 (clocked by clk_fpga_0). Large setup violations at the end of those stages might be difficult to fix during the post-placement implementation flow and could be the result of non-optimal XDC constraints or non-optimal design architecture
Related violations: <none>

TIMING-16#614 Warning
Large setup violation  
There is a large setup violation of -3.157 ns between image_rotator_design_i/axi_image_rotator_0/inst/wr_ptr_reg[4]/C (clocked by clk_fpga_0) and image_rotator_design_i/axi_image_rotator_0/inst/bram_bank2_reg_3264_3327_0_2/RAMA/WADR2 (clocked by clk_fpga_0). Large setup violations at the end of those stages might be difficult to fix during the post-placement implementation flow and could be the result of non-optimal XDC constraints or non-optimal design architecture
Related violations: <none>

TIMING-16#615 Warning
Large setup violation  
There is a large setup violation of -3.157 ns between image_rotator_design_i/axi_image_rotator_0/inst/wr_ptr_reg[4]/C (clocked by clk_fpga_0) and image_rotator_design_i/axi_image_rotator_0/inst/bram_bank2_reg_3264_3327_0_2/RAMB/WADR2 (clocked by clk_fpga_0). Large setup violations at the end of those stages might be difficult to fix during the post-placement implementation flow and could be the result of non-optimal XDC constraints or non-optimal design architecture
Related violations: <none>

TIMING-16#616 Warning
Large setup violation  
There is a large setup violation of -3.157 ns between image_rotator_design_i/axi_image_rotator_0/inst/wr_ptr_reg[4]/C (clocked by clk_fpga_0) and image_rotator_design_i/axi_image_rotator_0/inst/bram_bank2_reg_3264_3327_0_2/RAMC/WADR2 (clocked by clk_fpga_0). Large setup violations at the end of those stages might be difficult to fix during the post-placement implementation flow and could be the result of non-optimal XDC constraints or non-optimal design architecture
Related violations: <none>

TIMING-16#617 Warning
Large setup violation  
There is a large setup violation of -3.157 ns between image_rotator_design_i/axi_image_rotator_0/inst/wr_ptr_reg[4]/C (clocked by clk_fpga_0) and image_rotator_design_i/axi_image_rotator_0/inst/bram_bank2_reg_3264_3327_0_2/RAMD/WADR2 (clocked by clk_fpga_0). Large setup violations at the end of those stages might be difficult to fix during the post-placement implementation flow and could be the result of non-optimal XDC constraints or non-optimal design architecture
Related violations: <none>

TIMING-16#618 Warning
Large setup violation  
There is a large setup violation of -3.160 ns between image_rotator_design_i/axi_image_rotator_0/inst/wr_ptr_reg[4]/C (clocked by clk_fpga_0) and image_rotator_design_i/axi_image_rotator_0/inst/bram_bank2_reg_2560_2623_0_2/RAMA/WADR2 (clocked by clk_fpga_0). Large setup violations at the end of those stages might be difficult to fix during the post-placement implementation flow and could be the result of non-optimal XDC constraints or non-optimal design architecture
Related violations: <none>

TIMING-16#619 Warning
Large setup violation  
There is a large setup violation of -3.160 ns between image_rotator_design_i/axi_image_rotator_0/inst/wr_ptr_reg[4]/C (clocked by clk_fpga_0) and image_rotator_design_i/axi_image_rotator_0/inst/bram_bank2_reg_2560_2623_0_2/RAMB/WADR2 (clocked by clk_fpga_0). Large setup violations at the end of those stages might be difficult to fix during the post-placement implementation flow and could be the result of non-optimal XDC constraints or non-optimal design architecture
Related violations: <none>

TIMING-16#620 Warning
Large setup violation  
There is a large setup violation of -3.160 ns between image_rotator_design_i/axi_image_rotator_0/inst/wr_ptr_reg[4]/C (clocked by clk_fpga_0) and image_rotator_design_i/axi_image_rotator_0/inst/bram_bank2_reg_2560_2623_0_2/RAMC/WADR2 (clocked by clk_fpga_0). Large setup violations at the end of those stages might be difficult to fix during the post-placement implementation flow and could be the result of non-optimal XDC constraints or non-optimal design architecture
Related violations: <none>

TIMING-16#621 Warning
Large setup violation  
There is a large setup violation of -3.160 ns between image_rotator_design_i/axi_image_rotator_0/inst/wr_ptr_reg[4]/C (clocked by clk_fpga_0) and image_rotator_design_i/axi_image_rotator_0/inst/bram_bank2_reg_2560_2623_0_2/RAMD/WADR2 (clocked by clk_fpga_0). Large setup violations at the end of those stages might be difficult to fix during the post-placement implementation flow and could be the result of non-optimal XDC constraints or non-optimal design architecture
Related violations: <none>

TIMING-16#622 Warning
Large setup violation  
There is a large setup violation of -3.162 ns between image_rotator_design_i/axi_image_rotator_0/inst/wr_ptr_reg[4]/C (clocked by clk_fpga_0) and image_rotator_design_i/axi_image_rotator_0/inst/bram_bank1_reg_1984_2047_3_5/RAMA/WADR2 (clocked by clk_fpga_0). Large setup violations at the end of those stages might be difficult to fix during the post-placement implementation flow and could be the result of non-optimal XDC constraints or non-optimal design architecture
Related violations: <none>

TIMING-16#623 Warning
Large setup violation  
There is a large setup violation of -3.162 ns between image_rotator_design_i/axi_image_rotator_0/inst/wr_ptr_reg[4]/C (clocked by clk_fpga_0) and image_rotator_design_i/axi_image_rotator_0/inst/bram_bank1_reg_1984_2047_3_5/RAMB/WADR2 (clocked by clk_fpga_0). Large setup violations at the end of those stages might be difficult to fix during the post-placement implementation flow and could be the result of non-optimal XDC constraints or non-optimal design architecture
Related violations: <none>

TIMING-16#624 Warning
Large setup violation  
There is a large setup violation of -3.162 ns between image_rotator_design_i/axi_image_rotator_0/inst/wr_ptr_reg[4]/C (clocked by clk_fpga_0) and image_rotator_design_i/axi_image_rotator_0/inst/bram_bank1_reg_1984_2047_3_5/RAMC/WADR2 (clocked by clk_fpga_0). Large setup violations at the end of those stages might be difficult to fix during the post-placement implementation flow and could be the result of non-optimal XDC constraints or non-optimal design architecture
Related violations: <none>

TIMING-16#625 Warning
Large setup violation  
There is a large setup violation of -3.162 ns between image_rotator_design_i/axi_image_rotator_0/inst/wr_ptr_reg[4]/C (clocked by clk_fpga_0) and image_rotator_design_i/axi_image_rotator_0/inst/bram_bank1_reg_1984_2047_3_5/RAMD/WADR2 (clocked by clk_fpga_0). Large setup violations at the end of those stages might be difficult to fix during the post-placement implementation flow and could be the result of non-optimal XDC constraints or non-optimal design architecture
Related violations: <none>

TIMING-16#626 Warning
Large setup violation  
There is a large setup violation of -3.163 ns between image_rotator_design_i/axi_image_rotator_0/inst/wr_ptr_reg[4]/C (clocked by clk_fpga_0) and image_rotator_design_i/axi_image_rotator_0/inst/bram_bank1_reg_1472_1535_0_2/RAMA/WADR2 (clocked by clk_fpga_0). Large setup violations at the end of those stages might be difficult to fix during the post-placement implementation flow and could be the result of non-optimal XDC constraints or non-optimal design architecture
Related violations: <none>

TIMING-16#627 Warning
Large setup violation  
There is a large setup violation of -3.163 ns between image_rotator_design_i/axi_image_rotator_0/inst/wr_ptr_reg[4]/C (clocked by clk_fpga_0) and image_rotator_design_i/axi_image_rotator_0/inst/bram_bank1_reg_1472_1535_0_2/RAMB/WADR2 (clocked by clk_fpga_0). Large setup violations at the end of those stages might be difficult to fix during the post-placement implementation flow and could be the result of non-optimal XDC constraints or non-optimal design architecture
Related violations: <none>

TIMING-16#628 Warning
Large setup violation  
There is a large setup violation of -3.163 ns between image_rotator_design_i/axi_image_rotator_0/inst/wr_ptr_reg[4]/C (clocked by clk_fpga_0) and image_rotator_design_i/axi_image_rotator_0/inst/bram_bank1_reg_1472_1535_0_2/RAMC/WADR2 (clocked by clk_fpga_0). Large setup violations at the end of those stages might be difficult to fix during the post-placement implementation flow and could be the result of non-optimal XDC constraints or non-optimal design architecture
Related violations: <none>

TIMING-16#629 Warning
Large setup violation  
There is a large setup violation of -3.163 ns between image_rotator_design_i/axi_image_rotator_0/inst/wr_ptr_reg[4]/C (clocked by clk_fpga_0) and image_rotator_design_i/axi_image_rotator_0/inst/bram_bank1_reg_1472_1535_0_2/RAMD/WADR2 (clocked by clk_fpga_0). Large setup violations at the end of those stages might be difficult to fix during the post-placement implementation flow and could be the result of non-optimal XDC constraints or non-optimal design architecture
Related violations: <none>

TIMING-16#630 Warning
Large setup violation  
There is a large setup violation of -3.166 ns between image_rotator_design_i/axi_image_rotator_0/inst/wr_ptr_reg[4]/C (clocked by clk_fpga_0) and image_rotator_design_i/axi_image_rotator_0/inst/bram_bank2_reg_192_255_0_2/RAMA/WADR2 (clocked by clk_fpga_0). Large setup violations at the end of those stages might be difficult to fix during the post-placement implementation flow and could be the result of non-optimal XDC constraints or non-optimal design architecture
Related violations: <none>

TIMING-16#631 Warning
Large setup violation  
There is a large setup violation of -3.166 ns between image_rotator_design_i/axi_image_rotator_0/inst/wr_ptr_reg[4]/C (clocked by clk_fpga_0) and image_rotator_design_i/axi_image_rotator_0/inst/bram_bank2_reg_192_255_0_2/RAMB/WADR2 (clocked by clk_fpga_0). Large setup violations at the end of those stages might be difficult to fix during the post-placement implementation flow and could be the result of non-optimal XDC constraints or non-optimal design architecture
Related violations: <none>

TIMING-16#632 Warning
Large setup violation  
There is a large setup violation of -3.166 ns between image_rotator_design_i/axi_image_rotator_0/inst/wr_ptr_reg[4]/C (clocked by clk_fpga_0) and image_rotator_design_i/axi_image_rotator_0/inst/bram_bank2_reg_192_255_0_2/RAMC/WADR2 (clocked by clk_fpga_0). Large setup violations at the end of those stages might be difficult to fix during the post-placement implementation flow and could be the result of non-optimal XDC constraints or non-optimal design architecture
Related violations: <none>

TIMING-16#633 Warning
Large setup violation  
There is a large setup violation of -3.166 ns between image_rotator_design_i/axi_image_rotator_0/inst/wr_ptr_reg[4]/C (clocked by clk_fpga_0) and image_rotator_design_i/axi_image_rotator_0/inst/bram_bank2_reg_192_255_0_2/RAMD/WADR2 (clocked by clk_fpga_0). Large setup violations at the end of those stages might be difficult to fix during the post-placement implementation flow and could be the result of non-optimal XDC constraints or non-optimal design architecture
Related violations: <none>

TIMING-16#634 Warning
Large setup violation  
There is a large setup violation of -3.169 ns between image_rotator_design_i/axi_image_rotator_0/inst/wr_ptr_reg[4]/C (clocked by clk_fpga_0) and image_rotator_design_i/axi_image_rotator_0/inst/bram_bank2_reg_832_895_0_2/RAMA/WADR2 (clocked by clk_fpga_0). Large setup violations at the end of those stages might be difficult to fix during the post-placement implementation flow and could be the result of non-optimal XDC constraints or non-optimal design architecture
Related violations: <none>

TIMING-16#635 Warning
Large setup violation  
There is a large setup violation of -3.169 ns between image_rotator_design_i/axi_image_rotator_0/inst/wr_ptr_reg[4]/C (clocked by clk_fpga_0) and image_rotator_design_i/axi_image_rotator_0/inst/bram_bank2_reg_832_895_0_2/RAMB/WADR2 (clocked by clk_fpga_0). Large setup violations at the end of those stages might be difficult to fix during the post-placement implementation flow and could be the result of non-optimal XDC constraints or non-optimal design architecture
Related violations: <none>

TIMING-16#636 Warning
Large setup violation  
There is a large setup violation of -3.169 ns between image_rotator_design_i/axi_image_rotator_0/inst/wr_ptr_reg[4]/C (clocked by clk_fpga_0) and image_rotator_design_i/axi_image_rotator_0/inst/bram_bank2_reg_832_895_0_2/RAMC/WADR2 (clocked by clk_fpga_0). Large setup violations at the end of those stages might be difficult to fix during the post-placement implementation flow and could be the result of non-optimal XDC constraints or non-optimal design architecture
Related violations: <none>

TIMING-16#637 Warning
Large setup violation  
There is a large setup violation of -3.169 ns between image_rotator_design_i/axi_image_rotator_0/inst/wr_ptr_reg[4]/C (clocked by clk_fpga_0) and image_rotator_design_i/axi_image_rotator_0/inst/bram_bank2_reg_832_895_0_2/RAMD/WADR2 (clocked by clk_fpga_0). Large setup violations at the end of those stages might be difficult to fix during the post-placement implementation flow and could be the result of non-optimal XDC constraints or non-optimal design architecture
Related violations: <none>

TIMING-16#638 Warning
Large setup violation  
There is a large setup violation of -3.172 ns between image_rotator_design_i/axi_image_rotator_0/inst/wr_ptr_reg[4]/C (clocked by clk_fpga_0) and image_rotator_design_i/axi_image_rotator_0/inst/bram_bank2_reg_3392_3455_0_2/RAMA/WADR2 (clocked by clk_fpga_0). Large setup violations at the end of those stages might be difficult to fix during the post-placement implementation flow and could be the result of non-optimal XDC constraints or non-optimal design architecture
Related violations: <none>

TIMING-16#639 Warning
Large setup violation  
There is a large setup violation of -3.172 ns between image_rotator_design_i/axi_image_rotator_0/inst/wr_ptr_reg[4]/C (clocked by clk_fpga_0) and image_rotator_design_i/axi_image_rotator_0/inst/bram_bank2_reg_3392_3455_0_2/RAMB/WADR2 (clocked by clk_fpga_0). Large setup violations at the end of those stages might be difficult to fix during the post-placement implementation flow and could be the result of non-optimal XDC constraints or non-optimal design architecture
Related violations: <none>

TIMING-16#640 Warning
Large setup violation  
There is a large setup violation of -3.172 ns between image_rotator_design_i/axi_image_rotator_0/inst/wr_ptr_reg[4]/C (clocked by clk_fpga_0) and image_rotator_design_i/axi_image_rotator_0/inst/bram_bank2_reg_3392_3455_0_2/RAMC/WADR2 (clocked by clk_fpga_0). Large setup violations at the end of those stages might be difficult to fix during the post-placement implementation flow and could be the result of non-optimal XDC constraints or non-optimal design architecture
Related violations: <none>

TIMING-16#641 Warning
Large setup violation  
There is a large setup violation of -3.172 ns between image_rotator_design_i/axi_image_rotator_0/inst/wr_ptr_reg[4]/C (clocked by clk_fpga_0) and image_rotator_design_i/axi_image_rotator_0/inst/bram_bank2_reg_3392_3455_0_2/RAMD/WADR2 (clocked by clk_fpga_0). Large setup violations at the end of those stages might be difficult to fix during the post-placement implementation flow and could be the result of non-optimal XDC constraints or non-optimal design architecture
Related violations: <none>

TIMING-16#642 Warning
Large setup violation  
There is a large setup violation of -3.192 ns between image_rotator_design_i/axi_image_rotator_0/inst/wr_ptr_reg[4]/C (clocked by clk_fpga_0) and image_rotator_design_i/axi_image_rotator_0/inst/bram_bank1_reg_1152_1215_0_2/RAMA/WADR2 (clocked by clk_fpga_0). Large setup violations at the end of those stages might be difficult to fix during the post-placement implementation flow and could be the result of non-optimal XDC constraints or non-optimal design architecture
Related violations: <none>

TIMING-16#643 Warning
Large setup violation  
There is a large setup violation of -3.192 ns between image_rotator_design_i/axi_image_rotator_0/inst/wr_ptr_reg[4]/C (clocked by clk_fpga_0) and image_rotator_design_i/axi_image_rotator_0/inst/bram_bank1_reg_1152_1215_0_2/RAMB/WADR2 (clocked by clk_fpga_0). Large setup violations at the end of those stages might be difficult to fix during the post-placement implementation flow and could be the result of non-optimal XDC constraints or non-optimal design architecture
Related violations: <none>

TIMING-16#644 Warning
Large setup violation  
There is a large setup violation of -3.192 ns between image_rotator_design_i/axi_image_rotator_0/inst/wr_ptr_reg[4]/C (clocked by clk_fpga_0) and image_rotator_design_i/axi_image_rotator_0/inst/bram_bank1_reg_1152_1215_0_2/RAMC/WADR2 (clocked by clk_fpga_0). Large setup violations at the end of those stages might be difficult to fix during the post-placement implementation flow and could be the result of non-optimal XDC constraints or non-optimal design architecture
Related violations: <none>

TIMING-16#645 Warning
Large setup violation  
There is a large setup violation of -3.192 ns between image_rotator_design_i/axi_image_rotator_0/inst/wr_ptr_reg[4]/C (clocked by clk_fpga_0) and image_rotator_design_i/axi_image_rotator_0/inst/bram_bank1_reg_1152_1215_0_2/RAMD/WADR2 (clocked by clk_fpga_0). Large setup violations at the end of those stages might be difficult to fix during the post-placement implementation flow and could be the result of non-optimal XDC constraints or non-optimal design architecture
Related violations: <none>

TIMING-16#646 Warning
Large setup violation  
There is a large setup violation of -3.197 ns between image_rotator_design_i/axi_dma_0/U0/I_PRMRY_DATAMOVER/GEN_MM2S_FULL.I_MM2S_FULL_WRAPPER/ENABLE_AXIS_SKID.I_MM2S_SKID_BUF/sig_data_reg_out_reg[7]/C (clocked by clk_fpga_0) and image_rotator_design_i/axi_image_rotator_0/inst/bram_bank1_reg_64_127_7_7/DP/I (clocked by clk_fpga_0). Large setup violations at the end of those stages might be difficult to fix during the post-placement implementation flow and could be the result of non-optimal XDC constraints or non-optimal design architecture
Related violations: <none>

TIMING-16#647 Warning
Large setup violation  
There is a large setup violation of -3.200 ns between image_rotator_design_i/axi_image_rotator_0/inst/wr_ptr_reg[4]/C (clocked by clk_fpga_0) and image_rotator_design_i/axi_image_rotator_0/inst/bram_bank1_reg_640_703_3_5/RAMA/WADR2 (clocked by clk_fpga_0). Large setup violations at the end of those stages might be difficult to fix during the post-placement implementation flow and could be the result of non-optimal XDC constraints or non-optimal design architecture
Related violations: <none>

TIMING-16#648 Warning
Large setup violation  
There is a large setup violation of -3.200 ns between image_rotator_design_i/axi_image_rotator_0/inst/wr_ptr_reg[4]/C (clocked by clk_fpga_0) and image_rotator_design_i/axi_image_rotator_0/inst/bram_bank1_reg_640_703_3_5/RAMB/WADR2 (clocked by clk_fpga_0). Large setup violations at the end of those stages might be difficult to fix during the post-placement implementation flow and could be the result of non-optimal XDC constraints or non-optimal design architecture
Related violations: <none>

TIMING-16#649 Warning
Large setup violation  
There is a large setup violation of -3.200 ns between image_rotator_design_i/axi_image_rotator_0/inst/wr_ptr_reg[4]/C (clocked by clk_fpga_0) and image_rotator_design_i/axi_image_rotator_0/inst/bram_bank1_reg_640_703_3_5/RAMC/WADR2 (clocked by clk_fpga_0). Large setup violations at the end of those stages might be difficult to fix during the post-placement implementation flow and could be the result of non-optimal XDC constraints or non-optimal design architecture
Related violations: <none>

TIMING-16#650 Warning
Large setup violation  
There is a large setup violation of -3.200 ns between image_rotator_design_i/axi_image_rotator_0/inst/wr_ptr_reg[4]/C (clocked by clk_fpga_0) and image_rotator_design_i/axi_image_rotator_0/inst/bram_bank1_reg_640_703_3_5/RAMD/WADR2 (clocked by clk_fpga_0). Large setup violations at the end of those stages might be difficult to fix during the post-placement implementation flow and could be the result of non-optimal XDC constraints or non-optimal design architecture
Related violations: <none>

TIMING-16#651 Warning
Large setup violation  
There is a large setup violation of -3.210 ns between image_rotator_design_i/axi_image_rotator_0/inst/wr_ptr_reg[4]/C (clocked by clk_fpga_0) and image_rotator_design_i/axi_image_rotator_0/inst/bram_bank1_reg_2432_2495_7_7/DP/WADR2 (clocked by clk_fpga_0). Large setup violations at the end of those stages might be difficult to fix during the post-placement implementation flow and could be the result of non-optimal XDC constraints or non-optimal design architecture
Related violations: <none>

TIMING-16#652 Warning
Large setup violation  
There is a large setup violation of -3.210 ns between image_rotator_design_i/axi_image_rotator_0/inst/wr_ptr_reg[4]/C (clocked by clk_fpga_0) and image_rotator_design_i/axi_image_rotator_0/inst/bram_bank1_reg_2432_2495_7_7/SP/WADR2 (clocked by clk_fpga_0). Large setup violations at the end of those stages might be difficult to fix during the post-placement implementation flow and could be the result of non-optimal XDC constraints or non-optimal design architecture
Related violations: <none>

TIMING-16#653 Warning
Large setup violation  
There is a large setup violation of -3.260 ns between image_rotator_design_i/axi_image_rotator_0/inst/wr_ptr_reg[4]/C (clocked by clk_fpga_0) and image_rotator_design_i/axi_image_rotator_0/inst/bram_bank2_reg_2624_2687_0_2/RAMA/WADR2 (clocked by clk_fpga_0). Large setup violations at the end of those stages might be difficult to fix during the post-placement implementation flow and could be the result of non-optimal XDC constraints or non-optimal design architecture
Related violations: <none>

TIMING-16#654 Warning
Large setup violation  
There is a large setup violation of -3.260 ns between image_rotator_design_i/axi_image_rotator_0/inst/wr_ptr_reg[4]/C (clocked by clk_fpga_0) and image_rotator_design_i/axi_image_rotator_0/inst/bram_bank2_reg_2624_2687_0_2/RAMB/WADR2 (clocked by clk_fpga_0). Large setup violations at the end of those stages might be difficult to fix during the post-placement implementation flow and could be the result of non-optimal XDC constraints or non-optimal design architecture
Related violations: <none>

TIMING-16#655 Warning
Large setup violation  
There is a large setup violation of -3.260 ns between image_rotator_design_i/axi_image_rotator_0/inst/wr_ptr_reg[4]/C (clocked by clk_fpga_0) and image_rotator_design_i/axi_image_rotator_0/inst/bram_bank2_reg_2624_2687_0_2/RAMC/WADR2 (clocked by clk_fpga_0). Large setup violations at the end of those stages might be difficult to fix during the post-placement implementation flow and could be the result of non-optimal XDC constraints or non-optimal design architecture
Related violations: <none>

TIMING-16#656 Warning
Large setup violation  
There is a large setup violation of -3.260 ns between image_rotator_design_i/axi_image_rotator_0/inst/wr_ptr_reg[4]/C (clocked by clk_fpga_0) and image_rotator_design_i/axi_image_rotator_0/inst/bram_bank2_reg_2624_2687_0_2/RAMD/WADR2 (clocked by clk_fpga_0). Large setup violations at the end of those stages might be difficult to fix during the post-placement implementation flow and could be the result of non-optimal XDC constraints or non-optimal design architecture
Related violations: <none>

TIMING-16#657 Warning
Large setup violation  
There is a large setup violation of -3.288 ns between image_rotator_design_i/axi_image_rotator_0/inst/wr_ptr_reg[4]/C (clocked by clk_fpga_0) and image_rotator_design_i/axi_image_rotator_0/inst/bram_bank1_reg_2176_2239_7_7/DP/WADR2 (clocked by clk_fpga_0). Large setup violations at the end of those stages might be difficult to fix during the post-placement implementation flow and could be the result of non-optimal XDC constraints or non-optimal design architecture
Related violations: <none>

TIMING-16#658 Warning
Large setup violation  
There is a large setup violation of -3.288 ns between image_rotator_design_i/axi_image_rotator_0/inst/wr_ptr_reg[4]/C (clocked by clk_fpga_0) and image_rotator_design_i/axi_image_rotator_0/inst/bram_bank1_reg_2176_2239_7_7/SP/WADR2 (clocked by clk_fpga_0). Large setup violations at the end of those stages might be difficult to fix during the post-placement implementation flow and could be the result of non-optimal XDC constraints or non-optimal design architecture
Related violations: <none>

TIMING-16#659 Warning
Large setup violation  
There is a large setup violation of -3.301 ns between image_rotator_design_i/axi_image_rotator_0/inst/wr_ptr_reg[4]/C (clocked by clk_fpga_0) and image_rotator_design_i/axi_image_rotator_0/inst/bram_bank1_reg_1728_1791_3_5/RAMA/WADR2 (clocked by clk_fpga_0). Large setup violations at the end of those stages might be difficult to fix during the post-placement implementation flow and could be the result of non-optimal XDC constraints or non-optimal design architecture
Related violations: <none>

TIMING-16#660 Warning
Large setup violation  
There is a large setup violation of -3.301 ns between image_rotator_design_i/axi_image_rotator_0/inst/wr_ptr_reg[4]/C (clocked by clk_fpga_0) and image_rotator_design_i/axi_image_rotator_0/inst/bram_bank1_reg_1728_1791_3_5/RAMB/WADR2 (clocked by clk_fpga_0). Large setup violations at the end of those stages might be difficult to fix during the post-placement implementation flow and could be the result of non-optimal XDC constraints or non-optimal design architecture
Related violations: <none>

TIMING-16#661 Warning
Large setup violation  
There is a large setup violation of -3.301 ns between image_rotator_design_i/axi_image_rotator_0/inst/wr_ptr_reg[4]/C (clocked by clk_fpga_0) and image_rotator_design_i/axi_image_rotator_0/inst/bram_bank1_reg_1728_1791_3_5/RAMC/WADR2 (clocked by clk_fpga_0). Large setup violations at the end of those stages might be difficult to fix during the post-placement implementation flow and could be the result of non-optimal XDC constraints or non-optimal design architecture
Related violations: <none>

TIMING-16#662 Warning
Large setup violation  
There is a large setup violation of -3.301 ns between image_rotator_design_i/axi_image_rotator_0/inst/wr_ptr_reg[4]/C (clocked by clk_fpga_0) and image_rotator_design_i/axi_image_rotator_0/inst/bram_bank1_reg_1728_1791_3_5/RAMD/WADR2 (clocked by clk_fpga_0). Large setup violations at the end of those stages might be difficult to fix during the post-placement implementation flow and could be the result of non-optimal XDC constraints or non-optimal design architecture
Related violations: <none>

TIMING-16#663 Warning
Large setup violation  
There is a large setup violation of -3.312 ns between image_rotator_design_i/axi_dma_0/U0/I_PRMRY_DATAMOVER/GEN_MM2S_FULL.I_MM2S_FULL_WRAPPER/ENABLE_AXIS_SKID.I_MM2S_SKID_BUF/sig_data_reg_out_reg[7]/C (clocked by clk_fpga_0) and image_rotator_design_i/axi_image_rotator_0/inst/bram_bank1_reg_1024_1087_7_7/SP/I (clocked by clk_fpga_0). Large setup violations at the end of those stages might be difficult to fix during the post-placement implementation flow and could be the result of non-optimal XDC constraints or non-optimal design architecture
Related violations: <none>

TIMING-16#664 Warning
Large setup violation  
There is a large setup violation of -3.315 ns between image_rotator_design_i/axi_image_rotator_0/inst/wr_ptr_reg[4]/C (clocked by clk_fpga_0) and image_rotator_design_i/axi_image_rotator_0/inst/bram_bank2_reg_3648_3711_0_2/RAMA/WADR2 (clocked by clk_fpga_0). Large setup violations at the end of those stages might be difficult to fix during the post-placement implementation flow and could be the result of non-optimal XDC constraints or non-optimal design architecture
Related violations: <none>

TIMING-16#665 Warning
Large setup violation  
There is a large setup violation of -3.315 ns between image_rotator_design_i/axi_image_rotator_0/inst/wr_ptr_reg[4]/C (clocked by clk_fpga_0) and image_rotator_design_i/axi_image_rotator_0/inst/bram_bank2_reg_3648_3711_0_2/RAMB/WADR2 (clocked by clk_fpga_0). Large setup violations at the end of those stages might be difficult to fix during the post-placement implementation flow and could be the result of non-optimal XDC constraints or non-optimal design architecture
Related violations: <none>

TIMING-16#666 Warning
Large setup violation  
There is a large setup violation of -3.315 ns between image_rotator_design_i/axi_image_rotator_0/inst/wr_ptr_reg[4]/C (clocked by clk_fpga_0) and image_rotator_design_i/axi_image_rotator_0/inst/bram_bank2_reg_3648_3711_0_2/RAMC/WADR2 (clocked by clk_fpga_0). Large setup violations at the end of those stages might be difficult to fix during the post-placement implementation flow and could be the result of non-optimal XDC constraints or non-optimal design architecture
Related violations: <none>

TIMING-16#667 Warning
Large setup violation  
There is a large setup violation of -3.315 ns between image_rotator_design_i/axi_image_rotator_0/inst/wr_ptr_reg[4]/C (clocked by clk_fpga_0) and image_rotator_design_i/axi_image_rotator_0/inst/bram_bank2_reg_3648_3711_0_2/RAMD/WADR2 (clocked by clk_fpga_0). Large setup violations at the end of those stages might be difficult to fix during the post-placement implementation flow and could be the result of non-optimal XDC constraints or non-optimal design architecture
Related violations: <none>

TIMING-16#668 Warning
Large setup violation  
There is a large setup violation of -3.319 ns between image_rotator_design_i/axi_image_rotator_0/inst/wr_ptr_reg[4]/C (clocked by clk_fpga_0) and image_rotator_design_i/axi_image_rotator_0/inst/bram_bank1_reg_1920_1983_0_2/RAMA/WADR2 (clocked by clk_fpga_0). Large setup violations at the end of those stages might be difficult to fix during the post-placement implementation flow and could be the result of non-optimal XDC constraints or non-optimal design architecture
Related violations: <none>

TIMING-16#669 Warning
Large setup violation  
There is a large setup violation of -3.319 ns between image_rotator_design_i/axi_image_rotator_0/inst/wr_ptr_reg[4]/C (clocked by clk_fpga_0) and image_rotator_design_i/axi_image_rotator_0/inst/bram_bank1_reg_1920_1983_0_2/RAMB/WADR2 (clocked by clk_fpga_0). Large setup violations at the end of those stages might be difficult to fix during the post-placement implementation flow and could be the result of non-optimal XDC constraints or non-optimal design architecture
Related violations: <none>

TIMING-16#670 Warning
Large setup violation  
There is a large setup violation of -3.319 ns between image_rotator_design_i/axi_image_rotator_0/inst/wr_ptr_reg[4]/C (clocked by clk_fpga_0) and image_rotator_design_i/axi_image_rotator_0/inst/bram_bank1_reg_1920_1983_0_2/RAMC/WADR2 (clocked by clk_fpga_0). Large setup violations at the end of those stages might be difficult to fix during the post-placement implementation flow and could be the result of non-optimal XDC constraints or non-optimal design architecture
Related violations: <none>

TIMING-16#671 Warning
Large setup violation  
There is a large setup violation of -3.319 ns between image_rotator_design_i/axi_image_rotator_0/inst/wr_ptr_reg[4]/C (clocked by clk_fpga_0) and image_rotator_design_i/axi_image_rotator_0/inst/bram_bank1_reg_1920_1983_0_2/RAMD/WADR2 (clocked by clk_fpga_0). Large setup violations at the end of those stages might be difficult to fix during the post-placement implementation flow and could be the result of non-optimal XDC constraints or non-optimal design architecture
Related violations: <none>

TIMING-16#672 Warning
Large setup violation  
There is a large setup violation of -3.323 ns between image_rotator_design_i/axi_image_rotator_0/inst/wr_ptr_reg[4]/C (clocked by clk_fpga_0) and image_rotator_design_i/axi_image_rotator_0/inst/bram_bank2_reg_3776_3839_0_2/RAMA/WADR2 (clocked by clk_fpga_0). Large setup violations at the end of those stages might be difficult to fix during the post-placement implementation flow and could be the result of non-optimal XDC constraints or non-optimal design architecture
Related violations: <none>

TIMING-16#673 Warning
Large setup violation  
There is a large setup violation of -3.323 ns between image_rotator_design_i/axi_image_rotator_0/inst/wr_ptr_reg[4]/C (clocked by clk_fpga_0) and image_rotator_design_i/axi_image_rotator_0/inst/bram_bank2_reg_3776_3839_0_2/RAMB/WADR2 (clocked by clk_fpga_0). Large setup violations at the end of those stages might be difficult to fix during the post-placement implementation flow and could be the result of non-optimal XDC constraints or non-optimal design architecture
Related violations: <none>

TIMING-16#674 Warning
Large setup violation  
There is a large setup violation of -3.323 ns between image_rotator_design_i/axi_image_rotator_0/inst/wr_ptr_reg[4]/C (clocked by clk_fpga_0) and image_rotator_design_i/axi_image_rotator_0/inst/bram_bank2_reg_3776_3839_0_2/RAMC/WADR2 (clocked by clk_fpga_0). Large setup violations at the end of those stages might be difficult to fix during the post-placement implementation flow and could be the result of non-optimal XDC constraints or non-optimal design architecture
Related violations: <none>

TIMING-16#675 Warning
Large setup violation  
There is a large setup violation of -3.323 ns between image_rotator_design_i/axi_image_rotator_0/inst/wr_ptr_reg[4]/C (clocked by clk_fpga_0) and image_rotator_design_i/axi_image_rotator_0/inst/bram_bank2_reg_3776_3839_0_2/RAMD/WADR2 (clocked by clk_fpga_0). Large setup violations at the end of those stages might be difficult to fix during the post-placement implementation flow and could be the result of non-optimal XDC constraints or non-optimal design architecture
Related violations: <none>

TIMING-16#676 Warning
Large setup violation  
There is a large setup violation of -3.325 ns between image_rotator_design_i/axi_dma_0/U0/I_PRMRY_DATAMOVER/GEN_MM2S_FULL.I_MM2S_FULL_WRAPPER/ENABLE_AXIS_SKID.I_MM2S_SKID_BUF/sig_data_reg_out_reg[7]/C (clocked by clk_fpga_0) and image_rotator_design_i/axi_image_rotator_0/inst/bram_bank1_reg_1920_1983_7_7/SP/I (clocked by clk_fpga_0). Large setup violations at the end of those stages might be difficult to fix during the post-placement implementation flow and could be the result of non-optimal XDC constraints or non-optimal design architecture
Related violations: <none>

TIMING-16#677 Warning
Large setup violation  
There is a large setup violation of -3.327 ns between image_rotator_design_i/axi_image_rotator_0/inst/wr_ptr_reg[4]/C (clocked by clk_fpga_0) and image_rotator_design_i/axi_image_rotator_0/inst/bram_bank0_reg_2240_2303_7_7/DP/WADR2 (clocked by clk_fpga_0). Large setup violations at the end of those stages might be difficult to fix during the post-placement implementation flow and could be the result of non-optimal XDC constraints or non-optimal design architecture
Related violations: <none>

TIMING-16#678 Warning
Large setup violation  
There is a large setup violation of -3.327 ns between image_rotator_design_i/axi_image_rotator_0/inst/wr_ptr_reg[4]/C (clocked by clk_fpga_0) and image_rotator_design_i/axi_image_rotator_0/inst/bram_bank0_reg_2240_2303_7_7/SP/WADR2 (clocked by clk_fpga_0). Large setup violations at the end of those stages might be difficult to fix during the post-placement implementation flow and could be the result of non-optimal XDC constraints or non-optimal design architecture
Related violations: <none>

TIMING-16#679 Warning
Large setup violation  
There is a large setup violation of -3.342 ns between image_rotator_design_i/axi_image_rotator_0/inst/wr_ptr_reg[4]/C (clocked by clk_fpga_0) and image_rotator_design_i/axi_image_rotator_0/inst/bram_bank2_reg_1088_1151_0_2/RAMA/WADR2 (clocked by clk_fpga_0). Large setup violations at the end of those stages might be difficult to fix during the post-placement implementation flow and could be the result of non-optimal XDC constraints or non-optimal design architecture
Related violations: <none>

TIMING-16#680 Warning
Large setup violation  
There is a large setup violation of -3.342 ns between image_rotator_design_i/axi_image_rotator_0/inst/wr_ptr_reg[4]/C (clocked by clk_fpga_0) and image_rotator_design_i/axi_image_rotator_0/inst/bram_bank2_reg_1088_1151_0_2/RAMB/WADR2 (clocked by clk_fpga_0). Large setup violations at the end of those stages might be difficult to fix during the post-placement implementation flow and could be the result of non-optimal XDC constraints or non-optimal design architecture
Related violations: <none>

TIMING-16#681 Warning
Large setup violation  
There is a large setup violation of -3.342 ns between image_rotator_design_i/axi_image_rotator_0/inst/wr_ptr_reg[4]/C (clocked by clk_fpga_0) and image_rotator_design_i/axi_image_rotator_0/inst/bram_bank2_reg_1088_1151_0_2/RAMC/WADR2 (clocked by clk_fpga_0). Large setup violations at the end of those stages might be difficult to fix during the post-placement implementation flow and could be the result of non-optimal XDC constraints or non-optimal design architecture
Related violations: <none>

TIMING-16#682 Warning
Large setup violation  
There is a large setup violation of -3.342 ns between image_rotator_design_i/axi_image_rotator_0/inst/wr_ptr_reg[4]/C (clocked by clk_fpga_0) and image_rotator_design_i/axi_image_rotator_0/inst/bram_bank2_reg_1088_1151_0_2/RAMD/WADR2 (clocked by clk_fpga_0). Large setup violations at the end of those stages might be difficult to fix during the post-placement implementation flow and could be the result of non-optimal XDC constraints or non-optimal design architecture
Related violations: <none>

TIMING-16#683 Warning
Large setup violation  
There is a large setup violation of -3.348 ns between image_rotator_design_i/axi_image_rotator_0/inst/wr_ptr_reg[4]/C (clocked by clk_fpga_0) and image_rotator_design_i/axi_image_rotator_0/inst/bram_bank0_reg_3712_3775_7_7/DP/WADR2 (clocked by clk_fpga_0). Large setup violations at the end of those stages might be difficult to fix during the post-placement implementation flow and could be the result of non-optimal XDC constraints or non-optimal design architecture
Related violations: <none>

TIMING-16#684 Warning
Large setup violation  
There is a large setup violation of -3.348 ns between image_rotator_design_i/axi_image_rotator_0/inst/wr_ptr_reg[4]/C (clocked by clk_fpga_0) and image_rotator_design_i/axi_image_rotator_0/inst/bram_bank0_reg_3712_3775_7_7/SP/WADR2 (clocked by clk_fpga_0). Large setup violations at the end of those stages might be difficult to fix during the post-placement implementation flow and could be the result of non-optimal XDC constraints or non-optimal design architecture
Related violations: <none>

TIMING-16#685 Warning
Large setup violation  
There is a large setup violation of -3.365 ns between image_rotator_design_i/axi_image_rotator_0/inst/wr_ptr_reg[4]/C (clocked by clk_fpga_0) and image_rotator_design_i/axi_image_rotator_0/inst/bram_bank2_reg_3136_3199_3_5/RAMA/WADR2 (clocked by clk_fpga_0). Large setup violations at the end of those stages might be difficult to fix during the post-placement implementation flow and could be the result of non-optimal XDC constraints or non-optimal design architecture
Related violations: <none>

TIMING-16#686 Warning
Large setup violation  
There is a large setup violation of -3.365 ns between image_rotator_design_i/axi_image_rotator_0/inst/wr_ptr_reg[4]/C (clocked by clk_fpga_0) and image_rotator_design_i/axi_image_rotator_0/inst/bram_bank2_reg_3136_3199_3_5/RAMB/WADR2 (clocked by clk_fpga_0). Large setup violations at the end of those stages might be difficult to fix during the post-placement implementation flow and could be the result of non-optimal XDC constraints or non-optimal design architecture
Related violations: <none>

TIMING-16#687 Warning
Large setup violation  
There is a large setup violation of -3.365 ns between image_rotator_design_i/axi_image_rotator_0/inst/wr_ptr_reg[4]/C (clocked by clk_fpga_0) and image_rotator_design_i/axi_image_rotator_0/inst/bram_bank2_reg_3136_3199_3_5/RAMC/WADR2 (clocked by clk_fpga_0). Large setup violations at the end of those stages might be difficult to fix during the post-placement implementation flow and could be the result of non-optimal XDC constraints or non-optimal design architecture
Related violations: <none>

TIMING-16#688 Warning
Large setup violation  
There is a large setup violation of -3.365 ns between image_rotator_design_i/axi_image_rotator_0/inst/wr_ptr_reg[4]/C (clocked by clk_fpga_0) and image_rotator_design_i/axi_image_rotator_0/inst/bram_bank2_reg_3136_3199_3_5/RAMD/WADR2 (clocked by clk_fpga_0). Large setup violations at the end of those stages might be difficult to fix during the post-placement implementation flow and could be the result of non-optimal XDC constraints or non-optimal design architecture
Related violations: <none>

TIMING-16#689 Warning
Large setup violation  
There is a large setup violation of -3.368 ns between image_rotator_design_i/axi_dma_0/U0/I_PRMRY_DATAMOVER/GEN_MM2S_FULL.I_MM2S_FULL_WRAPPER/ENABLE_AXIS_SKID.I_MM2S_SKID_BUF/sig_data_reg_out_reg[7]/C (clocked by clk_fpga_0) and image_rotator_design_i/axi_image_rotator_0/inst/bram_bank1_reg_1344_1407_7_7/SP/I (clocked by clk_fpga_0). Large setup violations at the end of those stages might be difficult to fix during the post-placement implementation flow and could be the result of non-optimal XDC constraints or non-optimal design architecture
Related violations: <none>

TIMING-16#690 Warning
Large setup violation  
There is a large setup violation of -3.409 ns between image_rotator_design_i/axi_image_rotator_0/inst/wr_ptr_reg[4]/C (clocked by clk_fpga_0) and image_rotator_design_i/axi_image_rotator_0/inst/bram_bank2_reg_576_639_0_2/RAMA/WADR2 (clocked by clk_fpga_0). Large setup violations at the end of those stages might be difficult to fix during the post-placement implementation flow and could be the result of non-optimal XDC constraints or non-optimal design architecture
Related violations: <none>

TIMING-16#691 Warning
Large setup violation  
There is a large setup violation of -3.409 ns between image_rotator_design_i/axi_image_rotator_0/inst/wr_ptr_reg[4]/C (clocked by clk_fpga_0) and image_rotator_design_i/axi_image_rotator_0/inst/bram_bank2_reg_576_639_0_2/RAMB/WADR2 (clocked by clk_fpga_0). Large setup violations at the end of those stages might be difficult to fix during the post-placement implementation flow and could be the result of non-optimal XDC constraints or non-optimal design architecture
Related violations: <none>

TIMING-16#692 Warning
Large setup violation  
There is a large setup violation of -3.409 ns between image_rotator_design_i/axi_image_rotator_0/inst/wr_ptr_reg[4]/C (clocked by clk_fpga_0) and image_rotator_design_i/axi_image_rotator_0/inst/bram_bank2_reg_576_639_0_2/RAMC/WADR2 (clocked by clk_fpga_0). Large setup violations at the end of those stages might be difficult to fix during the post-placement implementation flow and could be the result of non-optimal XDC constraints or non-optimal design architecture
Related violations: <none>

TIMING-16#693 Warning
Large setup violation  
There is a large setup violation of -3.409 ns between image_rotator_design_i/axi_image_rotator_0/inst/wr_ptr_reg[4]/C (clocked by clk_fpga_0) and image_rotator_design_i/axi_image_rotator_0/inst/bram_bank2_reg_576_639_0_2/RAMD/WADR2 (clocked by clk_fpga_0). Large setup violations at the end of those stages might be difficult to fix during the post-placement implementation flow and could be the result of non-optimal XDC constraints or non-optimal design architecture
Related violations: <none>

TIMING-16#694 Warning
Large setup violation  
There is a large setup violation of -3.425 ns between image_rotator_design_i/axi_image_rotator_0/inst/wr_ptr_reg[4]/C (clocked by clk_fpga_0) and image_rotator_design_i/axi_image_rotator_0/inst/bram_bank1_reg_3328_3391_7_7/DP/WADR2 (clocked by clk_fpga_0). Large setup violations at the end of those stages might be difficult to fix during the post-placement implementation flow and could be the result of non-optimal XDC constraints or non-optimal design architecture
Related violations: <none>

TIMING-16#695 Warning
Large setup violation  
There is a large setup violation of -3.425 ns between image_rotator_design_i/axi_image_rotator_0/inst/wr_ptr_reg[4]/C (clocked by clk_fpga_0) and image_rotator_design_i/axi_image_rotator_0/inst/bram_bank1_reg_3328_3391_7_7/SP/WADR2 (clocked by clk_fpga_0). Large setup violations at the end of those stages might be difficult to fix during the post-placement implementation flow and could be the result of non-optimal XDC constraints or non-optimal design architecture
Related violations: <none>

TIMING-16#696 Warning
Large setup violation  
There is a large setup violation of -3.427 ns between image_rotator_design_i/axi_image_rotator_0/inst/wr_ptr_reg[4]/C (clocked by clk_fpga_0) and image_rotator_design_i/axi_image_rotator_0/inst/bram_bank2_reg_1408_1471_0_2/RAMA/WADR2 (clocked by clk_fpga_0). Large setup violations at the end of those stages might be difficult to fix during the post-placement implementation flow and could be the result of non-optimal XDC constraints or non-optimal design architecture
Related violations: <none>

TIMING-16#697 Warning
Large setup violation  
There is a large setup violation of -3.427 ns between image_rotator_design_i/axi_image_rotator_0/inst/wr_ptr_reg[4]/C (clocked by clk_fpga_0) and image_rotator_design_i/axi_image_rotator_0/inst/bram_bank2_reg_1408_1471_0_2/RAMB/WADR2 (clocked by clk_fpga_0). Large setup violations at the end of those stages might be difficult to fix during the post-placement implementation flow and could be the result of non-optimal XDC constraints or non-optimal design architecture
Related violations: <none>

TIMING-16#698 Warning
Large setup violation  
There is a large setup violation of -3.427 ns between image_rotator_design_i/axi_image_rotator_0/inst/wr_ptr_reg[4]/C (clocked by clk_fpga_0) and image_rotator_design_i/axi_image_rotator_0/inst/bram_bank2_reg_1408_1471_0_2/RAMC/WADR2 (clocked by clk_fpga_0). Large setup violations at the end of those stages might be difficult to fix during the post-placement implementation flow and could be the result of non-optimal XDC constraints or non-optimal design architecture
Related violations: <none>

TIMING-16#699 Warning
Large setup violation  
There is a large setup violation of -3.427 ns between image_rotator_design_i/axi_image_rotator_0/inst/wr_ptr_reg[4]/C (clocked by clk_fpga_0) and image_rotator_design_i/axi_image_rotator_0/inst/bram_bank2_reg_1408_1471_0_2/RAMD/WADR2 (clocked by clk_fpga_0). Large setup violations at the end of those stages might be difficult to fix during the post-placement implementation flow and could be the result of non-optimal XDC constraints or non-optimal design architecture
Related violations: <none>

TIMING-16#700 Warning
Large setup violation  
There is a large setup violation of -3.430 ns between image_rotator_design_i/axi_image_rotator_0/inst/wr_ptr_reg[4]/C (clocked by clk_fpga_0) and image_rotator_design_i/axi_image_rotator_0/inst/bram_bank1_reg_1792_1855_3_5/RAMA/WADR2 (clocked by clk_fpga_0). Large setup violations at the end of those stages might be difficult to fix during the post-placement implementation flow and could be the result of non-optimal XDC constraints or non-optimal design architecture
Related violations: <none>

TIMING-16#701 Warning
Large setup violation  
There is a large setup violation of -3.430 ns between image_rotator_design_i/axi_image_rotator_0/inst/wr_ptr_reg[4]/C (clocked by clk_fpga_0) and image_rotator_design_i/axi_image_rotator_0/inst/bram_bank1_reg_1792_1855_3_5/RAMB/WADR2 (clocked by clk_fpga_0). Large setup violations at the end of those stages might be difficult to fix during the post-placement implementation flow and could be the result of non-optimal XDC constraints or non-optimal design architecture
Related violations: <none>

TIMING-16#702 Warning
Large setup violation  
There is a large setup violation of -3.430 ns between image_rotator_design_i/axi_image_rotator_0/inst/wr_ptr_reg[4]/C (clocked by clk_fpga_0) and image_rotator_design_i/axi_image_rotator_0/inst/bram_bank1_reg_1792_1855_3_5/RAMC/WADR2 (clocked by clk_fpga_0). Large setup violations at the end of those stages might be difficult to fix during the post-placement implementation flow and could be the result of non-optimal XDC constraints or non-optimal design architecture
Related violations: <none>

TIMING-16#703 Warning
Large setup violation  
There is a large setup violation of -3.430 ns between image_rotator_design_i/axi_image_rotator_0/inst/wr_ptr_reg[4]/C (clocked by clk_fpga_0) and image_rotator_design_i/axi_image_rotator_0/inst/bram_bank1_reg_1792_1855_3_5/RAMD/WADR2 (clocked by clk_fpga_0). Large setup violations at the end of those stages might be difficult to fix during the post-placement implementation flow and could be the result of non-optimal XDC constraints or non-optimal design architecture
Related violations: <none>

TIMING-16#704 Warning
Large setup violation  
There is a large setup violation of -3.433 ns between image_rotator_design_i/axi_image_rotator_0/inst/wr_ptr_reg[4]/C (clocked by clk_fpga_0) and image_rotator_design_i/axi_image_rotator_0/inst/bram_bank2_reg_1472_1535_6_6/DP/WADR2 (clocked by clk_fpga_0). Large setup violations at the end of those stages might be difficult to fix during the post-placement implementation flow and could be the result of non-optimal XDC constraints or non-optimal design architecture
Related violations: <none>

TIMING-16#705 Warning
Large setup violation  
There is a large setup violation of -3.433 ns between image_rotator_design_i/axi_image_rotator_0/inst/wr_ptr_reg[4]/C (clocked by clk_fpga_0) and image_rotator_design_i/axi_image_rotator_0/inst/bram_bank2_reg_1472_1535_6_6/SP/WADR2 (clocked by clk_fpga_0). Large setup violations at the end of those stages might be difficult to fix during the post-placement implementation flow and could be the result of non-optimal XDC constraints or non-optimal design architecture
Related violations: <none>

TIMING-16#706 Warning
Large setup violation  
There is a large setup violation of -3.457 ns between image_rotator_design_i/axi_image_rotator_0/inst/wr_ptr_reg[4]/C (clocked by clk_fpga_0) and image_rotator_design_i/axi_image_rotator_0/inst/bram_bank2_reg_4032_4095_0_2/RAMA/WADR2 (clocked by clk_fpga_0). Large setup violations at the end of those stages might be difficult to fix during the post-placement implementation flow and could be the result of non-optimal XDC constraints or non-optimal design architecture
Related violations: <none>

TIMING-16#707 Warning
Large setup violation  
There is a large setup violation of -3.457 ns between image_rotator_design_i/axi_image_rotator_0/inst/wr_ptr_reg[4]/C (clocked by clk_fpga_0) and image_rotator_design_i/axi_image_rotator_0/inst/bram_bank2_reg_4032_4095_0_2/RAMB/WADR2 (clocked by clk_fpga_0). Large setup violations at the end of those stages might be difficult to fix during the post-placement implementation flow and could be the result of non-optimal XDC constraints or non-optimal design architecture
Related violations: <none>

TIMING-16#708 Warning
Large setup violation  
There is a large setup violation of -3.457 ns between image_rotator_design_i/axi_image_rotator_0/inst/wr_ptr_reg[4]/C (clocked by clk_fpga_0) and image_rotator_design_i/axi_image_rotator_0/inst/bram_bank2_reg_4032_4095_0_2/RAMC/WADR2 (clocked by clk_fpga_0). Large setup violations at the end of those stages might be difficult to fix during the post-placement implementation flow and could be the result of non-optimal XDC constraints or non-optimal design architecture
Related violations: <none>

TIMING-16#709 Warning
Large setup violation  
There is a large setup violation of -3.457 ns between image_rotator_design_i/axi_image_rotator_0/inst/wr_ptr_reg[4]/C (clocked by clk_fpga_0) and image_rotator_design_i/axi_image_rotator_0/inst/bram_bank2_reg_4032_4095_0_2/RAMD/WADR2 (clocked by clk_fpga_0). Large setup violations at the end of those stages might be difficult to fix during the post-placement implementation flow and could be the result of non-optimal XDC constraints or non-optimal design architecture
Related violations: <none>

TIMING-16#710 Warning
Large setup violation  
There is a large setup violation of -3.458 ns between image_rotator_design_i/axi_image_rotator_0/inst/wr_ptr_reg[4]/C (clocked by clk_fpga_0) and image_rotator_design_i/axi_image_rotator_0/inst/bram_bank2_reg_3072_3135_3_5/RAMA/WADR2 (clocked by clk_fpga_0). Large setup violations at the end of those stages might be difficult to fix during the post-placement implementation flow and could be the result of non-optimal XDC constraints or non-optimal design architecture
Related violations: <none>

TIMING-16#711 Warning
Large setup violation  
There is a large setup violation of -3.458 ns between image_rotator_design_i/axi_image_rotator_0/inst/wr_ptr_reg[4]/C (clocked by clk_fpga_0) and image_rotator_design_i/axi_image_rotator_0/inst/bram_bank2_reg_3072_3135_3_5/RAMB/WADR2 (clocked by clk_fpga_0). Large setup violations at the end of those stages might be difficult to fix during the post-placement implementation flow and could be the result of non-optimal XDC constraints or non-optimal design architecture
Related violations: <none>

TIMING-16#712 Warning
Large setup violation  
There is a large setup violation of -3.458 ns between image_rotator_design_i/axi_image_rotator_0/inst/wr_ptr_reg[4]/C (clocked by clk_fpga_0) and image_rotator_design_i/axi_image_rotator_0/inst/bram_bank2_reg_3072_3135_3_5/RAMC/WADR2 (clocked by clk_fpga_0). Large setup violations at the end of those stages might be difficult to fix during the post-placement implementation flow and could be the result of non-optimal XDC constraints or non-optimal design architecture
Related violations: <none>

TIMING-16#713 Warning
Large setup violation  
There is a large setup violation of -3.458 ns between image_rotator_design_i/axi_image_rotator_0/inst/wr_ptr_reg[4]/C (clocked by clk_fpga_0) and image_rotator_design_i/axi_image_rotator_0/inst/bram_bank2_reg_3072_3135_3_5/RAMD/WADR2 (clocked by clk_fpga_0). Large setup violations at the end of those stages might be difficult to fix during the post-placement implementation flow and could be the result of non-optimal XDC constraints or non-optimal design architecture
Related violations: <none>

TIMING-16#714 Warning
Large setup violation  
There is a large setup violation of -3.485 ns between image_rotator_design_i/axi_image_rotator_0/inst/wr_ptr_reg[4]/C (clocked by clk_fpga_0) and image_rotator_design_i/axi_image_rotator_0/inst/bram_bank0_reg_2496_2559_7_7/DP/WADR2 (clocked by clk_fpga_0). Large setup violations at the end of those stages might be difficult to fix during the post-placement implementation flow and could be the result of non-optimal XDC constraints or non-optimal design architecture
Related violations: <none>

TIMING-16#715 Warning
Large setup violation  
There is a large setup violation of -3.485 ns between image_rotator_design_i/axi_image_rotator_0/inst/wr_ptr_reg[4]/C (clocked by clk_fpga_0) and image_rotator_design_i/axi_image_rotator_0/inst/bram_bank0_reg_2496_2559_7_7/SP/WADR2 (clocked by clk_fpga_0). Large setup violations at the end of those stages might be difficult to fix during the post-placement implementation flow and could be the result of non-optimal XDC constraints or non-optimal design architecture
Related violations: <none>

TIMING-16#716 Warning
Large setup violation  
There is a large setup violation of -3.485 ns between image_rotator_design_i/axi_image_rotator_0/inst/wr_ptr_reg[4]/C (clocked by clk_fpga_0) and image_rotator_design_i/axi_image_rotator_0/inst/bram_bank2_reg_3200_3263_0_2/RAMA/WADR2 (clocked by clk_fpga_0). Large setup violations at the end of those stages might be difficult to fix during the post-placement implementation flow and could be the result of non-optimal XDC constraints or non-optimal design architecture
Related violations: <none>

TIMING-16#717 Warning
Large setup violation  
There is a large setup violation of -3.485 ns between image_rotator_design_i/axi_image_rotator_0/inst/wr_ptr_reg[4]/C (clocked by clk_fpga_0) and image_rotator_design_i/axi_image_rotator_0/inst/bram_bank2_reg_3200_3263_0_2/RAMB/WADR2 (clocked by clk_fpga_0). Large setup violations at the end of those stages might be difficult to fix during the post-placement implementation flow and could be the result of non-optimal XDC constraints or non-optimal design architecture
Related violations: <none>

TIMING-16#718 Warning
Large setup violation  
There is a large setup violation of -3.485 ns between image_rotator_design_i/axi_image_rotator_0/inst/wr_ptr_reg[4]/C (clocked by clk_fpga_0) and image_rotator_design_i/axi_image_rotator_0/inst/bram_bank2_reg_3200_3263_0_2/RAMC/WADR2 (clocked by clk_fpga_0). Large setup violations at the end of those stages might be difficult to fix during the post-placement implementation flow and could be the result of non-optimal XDC constraints or non-optimal design architecture
Related violations: <none>

TIMING-16#719 Warning
Large setup violation  
There is a large setup violation of -3.485 ns between image_rotator_design_i/axi_image_rotator_0/inst/wr_ptr_reg[4]/C (clocked by clk_fpga_0) and image_rotator_design_i/axi_image_rotator_0/inst/bram_bank2_reg_3200_3263_0_2/RAMD/WADR2 (clocked by clk_fpga_0). Large setup violations at the end of those stages might be difficult to fix during the post-placement implementation flow and could be the result of non-optimal XDC constraints or non-optimal design architecture
Related violations: <none>

TIMING-16#720 Warning
Large setup violation  
There is a large setup violation of -3.485 ns between image_rotator_design_i/axi_image_rotator_0/inst/wr_ptr_reg[4]/C (clocked by clk_fpga_0) and image_rotator_design_i/axi_image_rotator_0/inst/bram_bank2_reg_3904_3967_0_2/RAMA/WADR2 (clocked by clk_fpga_0). Large setup violations at the end of those stages might be difficult to fix during the post-placement implementation flow and could be the result of non-optimal XDC constraints or non-optimal design architecture
Related violations: <none>

TIMING-16#721 Warning
Large setup violation  
There is a large setup violation of -3.485 ns between image_rotator_design_i/axi_image_rotator_0/inst/wr_ptr_reg[4]/C (clocked by clk_fpga_0) and image_rotator_design_i/axi_image_rotator_0/inst/bram_bank2_reg_3904_3967_0_2/RAMB/WADR2 (clocked by clk_fpga_0). Large setup violations at the end of those stages might be difficult to fix during the post-placement implementation flow and could be the result of non-optimal XDC constraints or non-optimal design architecture
Related violations: <none>

TIMING-16#722 Warning
Large setup violation  
There is a large setup violation of -3.485 ns between image_rotator_design_i/axi_image_rotator_0/inst/wr_ptr_reg[4]/C (clocked by clk_fpga_0) and image_rotator_design_i/axi_image_rotator_0/inst/bram_bank2_reg_3904_3967_0_2/RAMC/WADR2 (clocked by clk_fpga_0). Large setup violations at the end of those stages might be difficult to fix during the post-placement implementation flow and could be the result of non-optimal XDC constraints or non-optimal design architecture
Related violations: <none>

TIMING-16#723 Warning
Large setup violation  
There is a large setup violation of -3.485 ns between image_rotator_design_i/axi_image_rotator_0/inst/wr_ptr_reg[4]/C (clocked by clk_fpga_0) and image_rotator_design_i/axi_image_rotator_0/inst/bram_bank2_reg_3904_3967_0_2/RAMD/WADR2 (clocked by clk_fpga_0). Large setup violations at the end of those stages might be difficult to fix during the post-placement implementation flow and could be the result of non-optimal XDC constraints or non-optimal design architecture
Related violations: <none>

TIMING-16#724 Warning
Large setup violation  
There is a large setup violation of -3.496 ns between image_rotator_design_i/axi_image_rotator_0/inst/wr_ptr_reg[4]/C (clocked by clk_fpga_0) and image_rotator_design_i/axi_image_rotator_0/inst/bram_bank1_reg_1344_1407_0_2/RAMA/WADR2 (clocked by clk_fpga_0). Large setup violations at the end of those stages might be difficult to fix during the post-placement implementation flow and could be the result of non-optimal XDC constraints or non-optimal design architecture
Related violations: <none>

TIMING-16#725 Warning
Large setup violation  
There is a large setup violation of -3.496 ns between image_rotator_design_i/axi_image_rotator_0/inst/wr_ptr_reg[4]/C (clocked by clk_fpga_0) and image_rotator_design_i/axi_image_rotator_0/inst/bram_bank1_reg_1344_1407_0_2/RAMB/WADR2 (clocked by clk_fpga_0). Large setup violations at the end of those stages might be difficult to fix during the post-placement implementation flow and could be the result of non-optimal XDC constraints or non-optimal design architecture
Related violations: <none>

TIMING-16#726 Warning
Large setup violation  
There is a large setup violation of -3.496 ns between image_rotator_design_i/axi_image_rotator_0/inst/wr_ptr_reg[4]/C (clocked by clk_fpga_0) and image_rotator_design_i/axi_image_rotator_0/inst/bram_bank1_reg_1344_1407_0_2/RAMC/WADR2 (clocked by clk_fpga_0). Large setup violations at the end of those stages might be difficult to fix during the post-placement implementation flow and could be the result of non-optimal XDC constraints or non-optimal design architecture
Related violations: <none>

TIMING-16#727 Warning
Large setup violation  
There is a large setup violation of -3.496 ns between image_rotator_design_i/axi_image_rotator_0/inst/wr_ptr_reg[4]/C (clocked by clk_fpga_0) and image_rotator_design_i/axi_image_rotator_0/inst/bram_bank1_reg_1344_1407_0_2/RAMD/WADR2 (clocked by clk_fpga_0). Large setup violations at the end of those stages might be difficult to fix during the post-placement implementation flow and could be the result of non-optimal XDC constraints or non-optimal design architecture
Related violations: <none>

TIMING-16#728 Warning
Large setup violation  
There is a large setup violation of -3.502 ns between image_rotator_design_i/axi_image_rotator_0/inst/wr_ptr_reg[4]/C (clocked by clk_fpga_0) and image_rotator_design_i/axi_image_rotator_0/inst/bram_bank1_reg_1408_1471_0_2/RAMA/WADR2 (clocked by clk_fpga_0). Large setup violations at the end of those stages might be difficult to fix during the post-placement implementation flow and could be the result of non-optimal XDC constraints or non-optimal design architecture
Related violations: <none>

TIMING-16#729 Warning
Large setup violation  
There is a large setup violation of -3.502 ns between image_rotator_design_i/axi_image_rotator_0/inst/wr_ptr_reg[4]/C (clocked by clk_fpga_0) and image_rotator_design_i/axi_image_rotator_0/inst/bram_bank1_reg_1408_1471_0_2/RAMB/WADR2 (clocked by clk_fpga_0). Large setup violations at the end of those stages might be difficult to fix during the post-placement implementation flow and could be the result of non-optimal XDC constraints or non-optimal design architecture
Related violations: <none>

TIMING-16#730 Warning
Large setup violation  
There is a large setup violation of -3.502 ns between image_rotator_design_i/axi_image_rotator_0/inst/wr_ptr_reg[4]/C (clocked by clk_fpga_0) and image_rotator_design_i/axi_image_rotator_0/inst/bram_bank1_reg_1408_1471_0_2/RAMC/WADR2 (clocked by clk_fpga_0). Large setup violations at the end of those stages might be difficult to fix during the post-placement implementation flow and could be the result of non-optimal XDC constraints or non-optimal design architecture
Related violations: <none>

TIMING-16#731 Warning
Large setup violation  
There is a large setup violation of -3.502 ns between image_rotator_design_i/axi_image_rotator_0/inst/wr_ptr_reg[4]/C (clocked by clk_fpga_0) and image_rotator_design_i/axi_image_rotator_0/inst/bram_bank1_reg_1408_1471_0_2/RAMD/WADR2 (clocked by clk_fpga_0). Large setup violations at the end of those stages might be difficult to fix during the post-placement implementation flow and could be the result of non-optimal XDC constraints or non-optimal design architecture
Related violations: <none>

TIMING-16#732 Warning
Large setup violation  
There is a large setup violation of -3.514 ns between image_rotator_design_i/axi_image_rotator_0/inst/wr_ptr_reg[4]/C (clocked by clk_fpga_0) and image_rotator_design_i/axi_image_rotator_0/inst/bram_bank2_reg_3136_3199_0_2/RAMA/WADR2 (clocked by clk_fpga_0). Large setup violations at the end of those stages might be difficult to fix during the post-placement implementation flow and could be the result of non-optimal XDC constraints or non-optimal design architecture
Related violations: <none>

TIMING-16#733 Warning
Large setup violation  
There is a large setup violation of -3.514 ns between image_rotator_design_i/axi_image_rotator_0/inst/wr_ptr_reg[4]/C (clocked by clk_fpga_0) and image_rotator_design_i/axi_image_rotator_0/inst/bram_bank2_reg_3136_3199_0_2/RAMB/WADR2 (clocked by clk_fpga_0). Large setup violations at the end of those stages might be difficult to fix during the post-placement implementation flow and could be the result of non-optimal XDC constraints or non-optimal design architecture
Related violations: <none>

TIMING-16#734 Warning
Large setup violation  
There is a large setup violation of -3.514 ns between image_rotator_design_i/axi_image_rotator_0/inst/wr_ptr_reg[4]/C (clocked by clk_fpga_0) and image_rotator_design_i/axi_image_rotator_0/inst/bram_bank2_reg_3136_3199_0_2/RAMC/WADR2 (clocked by clk_fpga_0). Large setup violations at the end of those stages might be difficult to fix during the post-placement implementation flow and could be the result of non-optimal XDC constraints or non-optimal design architecture
Related violations: <none>

TIMING-16#735 Warning
Large setup violation  
There is a large setup violation of -3.514 ns between image_rotator_design_i/axi_image_rotator_0/inst/wr_ptr_reg[4]/C (clocked by clk_fpga_0) and image_rotator_design_i/axi_image_rotator_0/inst/bram_bank2_reg_3136_3199_0_2/RAMD/WADR2 (clocked by clk_fpga_0). Large setup violations at the end of those stages might be difficult to fix during the post-placement implementation flow and could be the result of non-optimal XDC constraints or non-optimal design architecture
Related violations: <none>

TIMING-16#736 Warning
Large setup violation  
There is a large setup violation of -3.517 ns between image_rotator_design_i/axi_dma_0/U0/I_PRMRY_DATAMOVER/GEN_MM2S_FULL.I_MM2S_FULL_WRAPPER/ENABLE_AXIS_SKID.I_MM2S_SKID_BUF/sig_data_reg_out_reg[7]/C (clocked by clk_fpga_0) and image_rotator_design_i/axi_image_rotator_0/inst/bram_bank0_reg_576_639_7_7/SP/I (clocked by clk_fpga_0). Large setup violations at the end of those stages might be difficult to fix during the post-placement implementation flow and could be the result of non-optimal XDC constraints or non-optimal design architecture
Related violations: <none>

TIMING-16#737 Warning
Large setup violation  
There is a large setup violation of -3.527 ns between image_rotator_design_i/axi_image_rotator_0/inst/wr_ptr_reg[4]/C (clocked by clk_fpga_0) and image_rotator_design_i/axi_image_rotator_0/inst/bram_bank2_reg_3712_3775_3_5/RAMA/WADR2 (clocked by clk_fpga_0). Large setup violations at the end of those stages might be difficult to fix during the post-placement implementation flow and could be the result of non-optimal XDC constraints or non-optimal design architecture
Related violations: <none>

TIMING-16#738 Warning
Large setup violation  
There is a large setup violation of -3.527 ns between image_rotator_design_i/axi_image_rotator_0/inst/wr_ptr_reg[4]/C (clocked by clk_fpga_0) and image_rotator_design_i/axi_image_rotator_0/inst/bram_bank2_reg_3712_3775_3_5/RAMB/WADR2 (clocked by clk_fpga_0). Large setup violations at the end of those stages might be difficult to fix during the post-placement implementation flow and could be the result of non-optimal XDC constraints or non-optimal design architecture
Related violations: <none>

TIMING-16#739 Warning
Large setup violation  
There is a large setup violation of -3.527 ns between image_rotator_design_i/axi_image_rotator_0/inst/wr_ptr_reg[4]/C (clocked by clk_fpga_0) and image_rotator_design_i/axi_image_rotator_0/inst/bram_bank2_reg_3712_3775_3_5/RAMC/WADR2 (clocked by clk_fpga_0). Large setup violations at the end of those stages might be difficult to fix during the post-placement implementation flow and could be the result of non-optimal XDC constraints or non-optimal design architecture
Related violations: <none>

TIMING-16#740 Warning
Large setup violation  
There is a large setup violation of -3.527 ns between image_rotator_design_i/axi_image_rotator_0/inst/wr_ptr_reg[4]/C (clocked by clk_fpga_0) and image_rotator_design_i/axi_image_rotator_0/inst/bram_bank2_reg_3712_3775_3_5/RAMD/WADR2 (clocked by clk_fpga_0). Large setup violations at the end of those stages might be difficult to fix during the post-placement implementation flow and could be the result of non-optimal XDC constraints or non-optimal design architecture
Related violations: <none>

TIMING-16#741 Warning
Large setup violation  
There is a large setup violation of -3.531 ns between image_rotator_design_i/axi_image_rotator_0/inst/wr_ptr_reg[4]/C (clocked by clk_fpga_0) and image_rotator_design_i/axi_image_rotator_0/inst/bram_bank2_reg_320_383_0_2/RAMA/WADR2 (clocked by clk_fpga_0). Large setup violations at the end of those stages might be difficult to fix during the post-placement implementation flow and could be the result of non-optimal XDC constraints or non-optimal design architecture
Related violations: <none>

TIMING-16#742 Warning
Large setup violation  
There is a large setup violation of -3.531 ns between image_rotator_design_i/axi_image_rotator_0/inst/wr_ptr_reg[4]/C (clocked by clk_fpga_0) and image_rotator_design_i/axi_image_rotator_0/inst/bram_bank2_reg_320_383_0_2/RAMB/WADR2 (clocked by clk_fpga_0). Large setup violations at the end of those stages might be difficult to fix during the post-placement implementation flow and could be the result of non-optimal XDC constraints or non-optimal design architecture
Related violations: <none>

TIMING-16#743 Warning
Large setup violation  
There is a large setup violation of -3.531 ns between image_rotator_design_i/axi_image_rotator_0/inst/wr_ptr_reg[4]/C (clocked by clk_fpga_0) and image_rotator_design_i/axi_image_rotator_0/inst/bram_bank2_reg_320_383_0_2/RAMC/WADR2 (clocked by clk_fpga_0). Large setup violations at the end of those stages might be difficult to fix during the post-placement implementation flow and could be the result of non-optimal XDC constraints or non-optimal design architecture
Related violations: <none>

TIMING-16#744 Warning
Large setup violation  
There is a large setup violation of -3.531 ns between image_rotator_design_i/axi_image_rotator_0/inst/wr_ptr_reg[4]/C (clocked by clk_fpga_0) and image_rotator_design_i/axi_image_rotator_0/inst/bram_bank2_reg_320_383_0_2/RAMD/WADR2 (clocked by clk_fpga_0). Large setup violations at the end of those stages might be difficult to fix during the post-placement implementation flow and could be the result of non-optimal XDC constraints or non-optimal design architecture
Related violations: <none>

TIMING-16#745 Warning
Large setup violation  
There is a large setup violation of -3.544 ns between image_rotator_design_i/axi_image_rotator_0/inst/wr_ptr_reg[4]/C (clocked by clk_fpga_0) and image_rotator_design_i/axi_image_rotator_0/inst/bram_bank2_reg_4032_4095_3_5/RAMA/WADR2 (clocked by clk_fpga_0). Large setup violations at the end of those stages might be difficult to fix during the post-placement implementation flow and could be the result of non-optimal XDC constraints or non-optimal design architecture
Related violations: <none>

TIMING-16#746 Warning
Large setup violation  
There is a large setup violation of -3.544 ns between image_rotator_design_i/axi_image_rotator_0/inst/wr_ptr_reg[4]/C (clocked by clk_fpga_0) and image_rotator_design_i/axi_image_rotator_0/inst/bram_bank2_reg_4032_4095_3_5/RAMB/WADR2 (clocked by clk_fpga_0). Large setup violations at the end of those stages might be difficult to fix during the post-placement implementation flow and could be the result of non-optimal XDC constraints or non-optimal design architecture
Related violations: <none>

TIMING-16#747 Warning
Large setup violation  
There is a large setup violation of -3.544 ns between image_rotator_design_i/axi_image_rotator_0/inst/wr_ptr_reg[4]/C (clocked by clk_fpga_0) and image_rotator_design_i/axi_image_rotator_0/inst/bram_bank2_reg_4032_4095_3_5/RAMC/WADR2 (clocked by clk_fpga_0). Large setup violations at the end of those stages might be difficult to fix during the post-placement implementation flow and could be the result of non-optimal XDC constraints or non-optimal design architecture
Related violations: <none>

TIMING-16#748 Warning
Large setup violation  
There is a large setup violation of -3.544 ns between image_rotator_design_i/axi_image_rotator_0/inst/wr_ptr_reg[4]/C (clocked by clk_fpga_0) and image_rotator_design_i/axi_image_rotator_0/inst/bram_bank2_reg_4032_4095_3_5/RAMD/WADR2 (clocked by clk_fpga_0). Large setup violations at the end of those stages might be difficult to fix during the post-placement implementation flow and could be the result of non-optimal XDC constraints or non-optimal design architecture
Related violations: <none>

TIMING-16#749 Warning
Large setup violation  
There is a large setup violation of -3.559 ns between image_rotator_design_i/axi_image_rotator_0/inst/wr_ptr_reg[4]/C (clocked by clk_fpga_0) and image_rotator_design_i/axi_image_rotator_0/inst/bram_bank2_reg_0_63_0_2/RAMA/WADR2 (clocked by clk_fpga_0). Large setup violations at the end of those stages might be difficult to fix during the post-placement implementation flow and could be the result of non-optimal XDC constraints or non-optimal design architecture
Related violations: <none>

TIMING-16#750 Warning
Large setup violation  
There is a large setup violation of -3.559 ns between image_rotator_design_i/axi_image_rotator_0/inst/wr_ptr_reg[4]/C (clocked by clk_fpga_0) and image_rotator_design_i/axi_image_rotator_0/inst/bram_bank2_reg_0_63_0_2/RAMB/WADR2 (clocked by clk_fpga_0). Large setup violations at the end of those stages might be difficult to fix during the post-placement implementation flow and could be the result of non-optimal XDC constraints or non-optimal design architecture
Related violations: <none>

TIMING-16#751 Warning
Large setup violation  
There is a large setup violation of -3.559 ns between image_rotator_design_i/axi_image_rotator_0/inst/wr_ptr_reg[4]/C (clocked by clk_fpga_0) and image_rotator_design_i/axi_image_rotator_0/inst/bram_bank2_reg_0_63_0_2/RAMC/WADR2 (clocked by clk_fpga_0). Large setup violations at the end of those stages might be difficult to fix during the post-placement implementation flow and could be the result of non-optimal XDC constraints or non-optimal design architecture
Related violations: <none>

TIMING-16#752 Warning
Large setup violation  
There is a large setup violation of -3.559 ns between image_rotator_design_i/axi_image_rotator_0/inst/wr_ptr_reg[4]/C (clocked by clk_fpga_0) and image_rotator_design_i/axi_image_rotator_0/inst/bram_bank2_reg_0_63_0_2/RAMD/WADR2 (clocked by clk_fpga_0). Large setup violations at the end of those stages might be difficult to fix during the post-placement implementation flow and could be the result of non-optimal XDC constraints or non-optimal design architecture
Related violations: <none>

TIMING-16#753 Warning
Large setup violation  
There is a large setup violation of -3.579 ns between image_rotator_design_i/axi_dma_0/U0/I_PRMRY_DATAMOVER/GEN_MM2S_FULL.I_MM2S_FULL_WRAPPER/ENABLE_AXIS_SKID.I_MM2S_SKID_BUF/sig_data_reg_out_reg[7]/C (clocked by clk_fpga_0) and image_rotator_design_i/axi_image_rotator_0/inst/bram_bank1_reg_1920_1983_7_7/DP/I (clocked by clk_fpga_0). Large setup violations at the end of those stages might be difficult to fix during the post-placement implementation flow and could be the result of non-optimal XDC constraints or non-optimal design architecture
Related violations: <none>

TIMING-16#754 Warning
Large setup violation  
There is a large setup violation of -3.583 ns between image_rotator_design_i/axi_image_rotator_0/inst/wr_ptr_reg[4]/C (clocked by clk_fpga_0) and image_rotator_design_i/axi_image_rotator_0/inst/bram_bank2_reg_704_767_0_2/RAMA/WADR2 (clocked by clk_fpga_0). Large setup violations at the end of those stages might be difficult to fix during the post-placement implementation flow and could be the result of non-optimal XDC constraints or non-optimal design architecture
Related violations: <none>

TIMING-16#755 Warning
Large setup violation  
There is a large setup violation of -3.583 ns between image_rotator_design_i/axi_image_rotator_0/inst/wr_ptr_reg[4]/C (clocked by clk_fpga_0) and image_rotator_design_i/axi_image_rotator_0/inst/bram_bank2_reg_704_767_0_2/RAMB/WADR2 (clocked by clk_fpga_0). Large setup violations at the end of those stages might be difficult to fix during the post-placement implementation flow and could be the result of non-optimal XDC constraints or non-optimal design architecture
Related violations: <none>

TIMING-16#756 Warning
Large setup violation  
There is a large setup violation of -3.583 ns between image_rotator_design_i/axi_image_rotator_0/inst/wr_ptr_reg[4]/C (clocked by clk_fpga_0) and image_rotator_design_i/axi_image_rotator_0/inst/bram_bank2_reg_704_767_0_2/RAMC/WADR2 (clocked by clk_fpga_0). Large setup violations at the end of those stages might be difficult to fix during the post-placement implementation flow and could be the result of non-optimal XDC constraints or non-optimal design architecture
Related violations: <none>

TIMING-16#757 Warning
Large setup violation  
There is a large setup violation of -3.583 ns between image_rotator_design_i/axi_image_rotator_0/inst/wr_ptr_reg[4]/C (clocked by clk_fpga_0) and image_rotator_design_i/axi_image_rotator_0/inst/bram_bank2_reg_704_767_0_2/RAMD/WADR2 (clocked by clk_fpga_0). Large setup violations at the end of those stages might be difficult to fix during the post-placement implementation flow and could be the result of non-optimal XDC constraints or non-optimal design architecture
Related violations: <none>

TIMING-16#758 Warning
Large setup violation  
There is a large setup violation of -3.599 ns between image_rotator_design_i/axi_dma_0/U0/I_PRMRY_DATAMOVER/GEN_MM2S_FULL.I_MM2S_FULL_WRAPPER/ENABLE_AXIS_SKID.I_MM2S_SKID_BUF/sig_data_reg_out_reg[7]/C (clocked by clk_fpga_0) and image_rotator_design_i/axi_image_rotator_0/inst/bram_bank1_reg_1024_1087_7_7/DP/I (clocked by clk_fpga_0). Large setup violations at the end of those stages might be difficult to fix during the post-placement implementation flow and could be the result of non-optimal XDC constraints or non-optimal design architecture
Related violations: <none>

TIMING-16#759 Warning
Large setup violation  
There is a large setup violation of -3.624 ns between image_rotator_design_i/axi_image_rotator_0/inst/wr_ptr_reg[4]/C (clocked by clk_fpga_0) and image_rotator_design_i/axi_image_rotator_0/inst/bram_bank1_reg_1280_1343_0_2/RAMA/WADR2 (clocked by clk_fpga_0). Large setup violations at the end of those stages might be difficult to fix during the post-placement implementation flow and could be the result of non-optimal XDC constraints or non-optimal design architecture
Related violations: <none>

TIMING-16#760 Warning
Large setup violation  
There is a large setup violation of -3.624 ns between image_rotator_design_i/axi_image_rotator_0/inst/wr_ptr_reg[4]/C (clocked by clk_fpga_0) and image_rotator_design_i/axi_image_rotator_0/inst/bram_bank1_reg_1280_1343_0_2/RAMB/WADR2 (clocked by clk_fpga_0). Large setup violations at the end of those stages might be difficult to fix during the post-placement implementation flow and could be the result of non-optimal XDC constraints or non-optimal design architecture
Related violations: <none>

TIMING-16#761 Warning
Large setup violation  
There is a large setup violation of -3.624 ns between image_rotator_design_i/axi_image_rotator_0/inst/wr_ptr_reg[4]/C (clocked by clk_fpga_0) and image_rotator_design_i/axi_image_rotator_0/inst/bram_bank1_reg_1280_1343_0_2/RAMC/WADR2 (clocked by clk_fpga_0). Large setup violations at the end of those stages might be difficult to fix during the post-placement implementation flow and could be the result of non-optimal XDC constraints or non-optimal design architecture
Related violations: <none>

TIMING-16#762 Warning
Large setup violation  
There is a large setup violation of -3.624 ns between image_rotator_design_i/axi_image_rotator_0/inst/wr_ptr_reg[4]/C (clocked by clk_fpga_0) and image_rotator_design_i/axi_image_rotator_0/inst/bram_bank1_reg_1280_1343_0_2/RAMD/WADR2 (clocked by clk_fpga_0). Large setup violations at the end of those stages might be difficult to fix during the post-placement implementation flow and could be the result of non-optimal XDC constraints or non-optimal design architecture
Related violations: <none>

TIMING-16#763 Warning
Large setup violation  
There is a large setup violation of -3.635 ns between image_rotator_design_i/axi_image_rotator_0/inst/wr_ptr_reg[4]/C (clocked by clk_fpga_0) and image_rotator_design_i/axi_image_rotator_0/inst/bram_bank1_reg_1856_1919_0_2/RAMA/WADR2 (clocked by clk_fpga_0). Large setup violations at the end of those stages might be difficult to fix during the post-placement implementation flow and could be the result of non-optimal XDC constraints or non-optimal design architecture
Related violations: <none>

TIMING-16#764 Warning
Large setup violation  
There is a large setup violation of -3.635 ns between image_rotator_design_i/axi_image_rotator_0/inst/wr_ptr_reg[4]/C (clocked by clk_fpga_0) and image_rotator_design_i/axi_image_rotator_0/inst/bram_bank1_reg_1856_1919_0_2/RAMB/WADR2 (clocked by clk_fpga_0). Large setup violations at the end of those stages might be difficult to fix during the post-placement implementation flow and could be the result of non-optimal XDC constraints or non-optimal design architecture
Related violations: <none>

TIMING-16#765 Warning
Large setup violation  
There is a large setup violation of -3.635 ns between image_rotator_design_i/axi_image_rotator_0/inst/wr_ptr_reg[4]/C (clocked by clk_fpga_0) and image_rotator_design_i/axi_image_rotator_0/inst/bram_bank1_reg_1856_1919_0_2/RAMC/WADR2 (clocked by clk_fpga_0). Large setup violations at the end of those stages might be difficult to fix during the post-placement implementation flow and could be the result of non-optimal XDC constraints or non-optimal design architecture
Related violations: <none>

TIMING-16#766 Warning
Large setup violation  
There is a large setup violation of -3.635 ns between image_rotator_design_i/axi_image_rotator_0/inst/wr_ptr_reg[4]/C (clocked by clk_fpga_0) and image_rotator_design_i/axi_image_rotator_0/inst/bram_bank1_reg_1856_1919_0_2/RAMD/WADR2 (clocked by clk_fpga_0). Large setup violations at the end of those stages might be difficult to fix during the post-placement implementation flow and could be the result of non-optimal XDC constraints or non-optimal design architecture
Related violations: <none>

TIMING-16#767 Warning
Large setup violation  
There is a large setup violation of -3.646 ns between image_rotator_design_i/axi_image_rotator_0/inst/wr_ptr_reg[4]/C (clocked by clk_fpga_0) and image_rotator_design_i/axi_image_rotator_0/inst/bram_bank2_reg_3392_3455_3_5/RAMA/WADR2 (clocked by clk_fpga_0). Large setup violations at the end of those stages might be difficult to fix during the post-placement implementation flow and could be the result of non-optimal XDC constraints or non-optimal design architecture
Related violations: <none>

TIMING-16#768 Warning
Large setup violation  
There is a large setup violation of -3.646 ns between image_rotator_design_i/axi_image_rotator_0/inst/wr_ptr_reg[4]/C (clocked by clk_fpga_0) and image_rotator_design_i/axi_image_rotator_0/inst/bram_bank2_reg_3392_3455_3_5/RAMB/WADR2 (clocked by clk_fpga_0). Large setup violations at the end of those stages might be difficult to fix during the post-placement implementation flow and could be the result of non-optimal XDC constraints or non-optimal design architecture
Related violations: <none>

TIMING-16#769 Warning
Large setup violation  
There is a large setup violation of -3.646 ns between image_rotator_design_i/axi_image_rotator_0/inst/wr_ptr_reg[4]/C (clocked by clk_fpga_0) and image_rotator_design_i/axi_image_rotator_0/inst/bram_bank2_reg_3392_3455_3_5/RAMC/WADR2 (clocked by clk_fpga_0). Large setup violations at the end of those stages might be difficult to fix during the post-placement implementation flow and could be the result of non-optimal XDC constraints or non-optimal design architecture
Related violations: <none>

TIMING-16#770 Warning
Large setup violation  
There is a large setup violation of -3.646 ns between image_rotator_design_i/axi_image_rotator_0/inst/wr_ptr_reg[4]/C (clocked by clk_fpga_0) and image_rotator_design_i/axi_image_rotator_0/inst/bram_bank2_reg_3392_3455_3_5/RAMD/WADR2 (clocked by clk_fpga_0). Large setup violations at the end of those stages might be difficult to fix during the post-placement implementation flow and could be the result of non-optimal XDC constraints or non-optimal design architecture
Related violations: <none>

TIMING-16#771 Warning
Large setup violation  
There is a large setup violation of -3.651 ns between image_rotator_design_i/axi_image_rotator_0/inst/wr_ptr_reg[4]/C (clocked by clk_fpga_0) and image_rotator_design_i/axi_image_rotator_0/inst/bram_bank1_reg_1216_1279_0_2/RAMA/WADR2 (clocked by clk_fpga_0). Large setup violations at the end of those stages might be difficult to fix during the post-placement implementation flow and could be the result of non-optimal XDC constraints or non-optimal design architecture
Related violations: <none>

TIMING-16#772 Warning
Large setup violation  
There is a large setup violation of -3.651 ns between image_rotator_design_i/axi_image_rotator_0/inst/wr_ptr_reg[4]/C (clocked by clk_fpga_0) and image_rotator_design_i/axi_image_rotator_0/inst/bram_bank1_reg_1216_1279_0_2/RAMB/WADR2 (clocked by clk_fpga_0). Large setup violations at the end of those stages might be difficult to fix during the post-placement implementation flow and could be the result of non-optimal XDC constraints or non-optimal design architecture
Related violations: <none>

TIMING-16#773 Warning
Large setup violation  
There is a large setup violation of -3.651 ns between image_rotator_design_i/axi_image_rotator_0/inst/wr_ptr_reg[4]/C (clocked by clk_fpga_0) and image_rotator_design_i/axi_image_rotator_0/inst/bram_bank1_reg_1216_1279_0_2/RAMC/WADR2 (clocked by clk_fpga_0). Large setup violations at the end of those stages might be difficult to fix during the post-placement implementation flow and could be the result of non-optimal XDC constraints or non-optimal design architecture
Related violations: <none>

TIMING-16#774 Warning
Large setup violation  
There is a large setup violation of -3.651 ns between image_rotator_design_i/axi_image_rotator_0/inst/wr_ptr_reg[4]/C (clocked by clk_fpga_0) and image_rotator_design_i/axi_image_rotator_0/inst/bram_bank1_reg_1216_1279_0_2/RAMD/WADR2 (clocked by clk_fpga_0). Large setup violations at the end of those stages might be difficult to fix during the post-placement implementation flow and could be the result of non-optimal XDC constraints or non-optimal design architecture
Related violations: <none>

TIMING-16#775 Warning
Large setup violation  
There is a large setup violation of -3.651 ns between image_rotator_design_i/axi_image_rotator_0/inst/wr_ptr_reg[4]/C (clocked by clk_fpga_0) and image_rotator_design_i/axi_image_rotator_0/inst/bram_bank2_reg_3200_3263_3_5/RAMA/WADR2 (clocked by clk_fpga_0). Large setup violations at the end of those stages might be difficult to fix during the post-placement implementation flow and could be the result of non-optimal XDC constraints or non-optimal design architecture
Related violations: <none>

TIMING-16#776 Warning
Large setup violation  
There is a large setup violation of -3.651 ns between image_rotator_design_i/axi_image_rotator_0/inst/wr_ptr_reg[4]/C (clocked by clk_fpga_0) and image_rotator_design_i/axi_image_rotator_0/inst/bram_bank2_reg_3200_3263_3_5/RAMB/WADR2 (clocked by clk_fpga_0). Large setup violations at the end of those stages might be difficult to fix during the post-placement implementation flow and could be the result of non-optimal XDC constraints or non-optimal design architecture
Related violations: <none>

TIMING-16#777 Warning
Large setup violation  
There is a large setup violation of -3.651 ns between image_rotator_design_i/axi_image_rotator_0/inst/wr_ptr_reg[4]/C (clocked by clk_fpga_0) and image_rotator_design_i/axi_image_rotator_0/inst/bram_bank2_reg_3200_3263_3_5/RAMC/WADR2 (clocked by clk_fpga_0). Large setup violations at the end of those stages might be difficult to fix during the post-placement implementation flow and could be the result of non-optimal XDC constraints or non-optimal design architecture
Related violations: <none>

TIMING-16#778 Warning
Large setup violation  
There is a large setup violation of -3.651 ns between image_rotator_design_i/axi_image_rotator_0/inst/wr_ptr_reg[4]/C (clocked by clk_fpga_0) and image_rotator_design_i/axi_image_rotator_0/inst/bram_bank2_reg_3200_3263_3_5/RAMD/WADR2 (clocked by clk_fpga_0). Large setup violations at the end of those stages might be difficult to fix during the post-placement implementation flow and could be the result of non-optimal XDC constraints or non-optimal design architecture
Related violations: <none>

TIMING-16#779 Warning
Large setup violation  
There is a large setup violation of -3.655 ns between image_rotator_design_i/axi_dma_0/U0/I_PRMRY_DATAMOVER/GEN_MM2S_FULL.I_MM2S_FULL_WRAPPER/ENABLE_AXIS_SKID.I_MM2S_SKID_BUF/sig_data_reg_out_reg[7]/C (clocked by clk_fpga_0) and image_rotator_design_i/axi_image_rotator_0/inst/bram_bank1_reg_1344_1407_7_7/DP/I (clocked by clk_fpga_0). Large setup violations at the end of those stages might be difficult to fix during the post-placement implementation flow and could be the result of non-optimal XDC constraints or non-optimal design architecture
Related violations: <none>

TIMING-16#780 Warning
Large setup violation  
There is a large setup violation of -3.676 ns between image_rotator_design_i/axi_dma_0/U0/I_PRMRY_DATAMOVER/GEN_MM2S_FULL.I_MM2S_FULL_WRAPPER/ENABLE_AXIS_SKID.I_MM2S_SKID_BUF/sig_data_reg_out_reg[7]/C (clocked by clk_fpga_0) and image_rotator_design_i/axi_image_rotator_0/inst/bram_bank1_reg_1408_1471_7_7/SP/I (clocked by clk_fpga_0). Large setup violations at the end of those stages might be difficult to fix during the post-placement implementation flow and could be the result of non-optimal XDC constraints or non-optimal design architecture
Related violations: <none>

TIMING-16#781 Warning
Large setup violation  
There is a large setup violation of -3.680 ns between image_rotator_design_i/axi_image_rotator_0/inst/wr_ptr_reg[4]/C (clocked by clk_fpga_0) and image_rotator_design_i/axi_image_rotator_0/inst/bram_bank2_reg_3584_3647_0_2/RAMA/WADR2 (clocked by clk_fpga_0). Large setup violations at the end of those stages might be difficult to fix during the post-placement implementation flow and could be the result of non-optimal XDC constraints or non-optimal design architecture
Related violations: <none>

TIMING-16#782 Warning
Large setup violation  
There is a large setup violation of -3.680 ns between image_rotator_design_i/axi_image_rotator_0/inst/wr_ptr_reg[4]/C (clocked by clk_fpga_0) and image_rotator_design_i/axi_image_rotator_0/inst/bram_bank2_reg_3584_3647_0_2/RAMB/WADR2 (clocked by clk_fpga_0). Large setup violations at the end of those stages might be difficult to fix during the post-placement implementation flow and could be the result of non-optimal XDC constraints or non-optimal design architecture
Related violations: <none>

TIMING-16#783 Warning
Large setup violation  
There is a large setup violation of -3.680 ns between image_rotator_design_i/axi_image_rotator_0/inst/wr_ptr_reg[4]/C (clocked by clk_fpga_0) and image_rotator_design_i/axi_image_rotator_0/inst/bram_bank2_reg_3584_3647_0_2/RAMC/WADR2 (clocked by clk_fpga_0). Large setup violations at the end of those stages might be difficult to fix during the post-placement implementation flow and could be the result of non-optimal XDC constraints or non-optimal design architecture
Related violations: <none>

TIMING-16#784 Warning
Large setup violation  
There is a large setup violation of -3.680 ns between image_rotator_design_i/axi_image_rotator_0/inst/wr_ptr_reg[4]/C (clocked by clk_fpga_0) and image_rotator_design_i/axi_image_rotator_0/inst/bram_bank2_reg_3584_3647_0_2/RAMD/WADR2 (clocked by clk_fpga_0). Large setup violations at the end of those stages might be difficult to fix during the post-placement implementation flow and could be the result of non-optimal XDC constraints or non-optimal design architecture
Related violations: <none>

TIMING-16#785 Warning
Large setup violation  
There is a large setup violation of -3.682 ns between image_rotator_design_i/axi_image_rotator_0/inst/wr_ptr_reg[4]/C (clocked by clk_fpga_0) and image_rotator_design_i/axi_image_rotator_0/inst/bram_bank2_reg_3072_3135_0_2/RAMA/WADR2 (clocked by clk_fpga_0). Large setup violations at the end of those stages might be difficult to fix during the post-placement implementation flow and could be the result of non-optimal XDC constraints or non-optimal design architecture
Related violations: <none>

TIMING-16#786 Warning
Large setup violation  
There is a large setup violation of -3.682 ns between image_rotator_design_i/axi_image_rotator_0/inst/wr_ptr_reg[4]/C (clocked by clk_fpga_0) and image_rotator_design_i/axi_image_rotator_0/inst/bram_bank2_reg_3072_3135_0_2/RAMB/WADR2 (clocked by clk_fpga_0). Large setup violations at the end of those stages might be difficult to fix during the post-placement implementation flow and could be the result of non-optimal XDC constraints or non-optimal design architecture
Related violations: <none>

TIMING-16#787 Warning
Large setup violation  
There is a large setup violation of -3.682 ns between image_rotator_design_i/axi_image_rotator_0/inst/wr_ptr_reg[4]/C (clocked by clk_fpga_0) and image_rotator_design_i/axi_image_rotator_0/inst/bram_bank2_reg_3072_3135_0_2/RAMC/WADR2 (clocked by clk_fpga_0). Large setup violations at the end of those stages might be difficult to fix during the post-placement implementation flow and could be the result of non-optimal XDC constraints or non-optimal design architecture
Related violations: <none>

TIMING-16#788 Warning
Large setup violation  
There is a large setup violation of -3.682 ns between image_rotator_design_i/axi_image_rotator_0/inst/wr_ptr_reg[4]/C (clocked by clk_fpga_0) and image_rotator_design_i/axi_image_rotator_0/inst/bram_bank2_reg_3072_3135_0_2/RAMD/WADR2 (clocked by clk_fpga_0). Large setup violations at the end of those stages might be difficult to fix during the post-placement implementation flow and could be the result of non-optimal XDC constraints or non-optimal design architecture
Related violations: <none>

TIMING-16#789 Warning
Large setup violation  
There is a large setup violation of -3.691 ns between image_rotator_design_i/axi_image_rotator_0/inst/wr_ptr_reg[4]/C (clocked by clk_fpga_0) and image_rotator_design_i/axi_image_rotator_0/inst/bram_bank2_reg_3328_3391_3_5/RAMA/WADR2 (clocked by clk_fpga_0). Large setup violations at the end of those stages might be difficult to fix during the post-placement implementation flow and could be the result of non-optimal XDC constraints or non-optimal design architecture
Related violations: <none>

TIMING-16#790 Warning
Large setup violation  
There is a large setup violation of -3.691 ns between image_rotator_design_i/axi_image_rotator_0/inst/wr_ptr_reg[4]/C (clocked by clk_fpga_0) and image_rotator_design_i/axi_image_rotator_0/inst/bram_bank2_reg_3328_3391_3_5/RAMB/WADR2 (clocked by clk_fpga_0). Large setup violations at the end of those stages might be difficult to fix during the post-placement implementation flow and could be the result of non-optimal XDC constraints or non-optimal design architecture
Related violations: <none>

TIMING-16#791 Warning
Large setup violation  
There is a large setup violation of -3.691 ns between image_rotator_design_i/axi_image_rotator_0/inst/wr_ptr_reg[4]/C (clocked by clk_fpga_0) and image_rotator_design_i/axi_image_rotator_0/inst/bram_bank2_reg_3328_3391_3_5/RAMC/WADR2 (clocked by clk_fpga_0). Large setup violations at the end of those stages might be difficult to fix during the post-placement implementation flow and could be the result of non-optimal XDC constraints or non-optimal design architecture
Related violations: <none>

TIMING-16#792 Warning
Large setup violation  
There is a large setup violation of -3.691 ns between image_rotator_design_i/axi_image_rotator_0/inst/wr_ptr_reg[4]/C (clocked by clk_fpga_0) and image_rotator_design_i/axi_image_rotator_0/inst/bram_bank2_reg_3328_3391_3_5/RAMD/WADR2 (clocked by clk_fpga_0). Large setup violations at the end of those stages might be difficult to fix during the post-placement implementation flow and could be the result of non-optimal XDC constraints or non-optimal design architecture
Related violations: <none>

TIMING-16#793 Warning
Large setup violation  
There is a large setup violation of -3.694 ns between image_rotator_design_i/axi_image_rotator_0/inst/wr_ptr_reg[4]/C (clocked by clk_fpga_0) and image_rotator_design_i/axi_image_rotator_0/inst/bram_bank2_reg_3776_3839_3_5/RAMA/WADR2 (clocked by clk_fpga_0). Large setup violations at the end of those stages might be difficult to fix during the post-placement implementation flow and could be the result of non-optimal XDC constraints or non-optimal design architecture
Related violations: <none>

TIMING-16#794 Warning
Large setup violation  
There is a large setup violation of -3.694 ns between image_rotator_design_i/axi_image_rotator_0/inst/wr_ptr_reg[4]/C (clocked by clk_fpga_0) and image_rotator_design_i/axi_image_rotator_0/inst/bram_bank2_reg_3776_3839_3_5/RAMB/WADR2 (clocked by clk_fpga_0). Large setup violations at the end of those stages might be difficult to fix during the post-placement implementation flow and could be the result of non-optimal XDC constraints or non-optimal design architecture
Related violations: <none>

TIMING-16#795 Warning
Large setup violation  
There is a large setup violation of -3.694 ns between image_rotator_design_i/axi_image_rotator_0/inst/wr_ptr_reg[4]/C (clocked by clk_fpga_0) and image_rotator_design_i/axi_image_rotator_0/inst/bram_bank2_reg_3776_3839_3_5/RAMC/WADR2 (clocked by clk_fpga_0). Large setup violations at the end of those stages might be difficult to fix during the post-placement implementation flow and could be the result of non-optimal XDC constraints or non-optimal design architecture
Related violations: <none>

TIMING-16#796 Warning
Large setup violation  
There is a large setup violation of -3.694 ns between image_rotator_design_i/axi_image_rotator_0/inst/wr_ptr_reg[4]/C (clocked by clk_fpga_0) and image_rotator_design_i/axi_image_rotator_0/inst/bram_bank2_reg_3776_3839_3_5/RAMD/WADR2 (clocked by clk_fpga_0). Large setup violations at the end of those stages might be difficult to fix during the post-placement implementation flow and could be the result of non-optimal XDC constraints or non-optimal design architecture
Related violations: <none>

TIMING-16#797 Warning
Large setup violation  
There is a large setup violation of -3.697 ns between image_rotator_design_i/axi_image_rotator_0/inst/wr_ptr_reg[4]/C (clocked by clk_fpga_0) and image_rotator_design_i/axi_image_rotator_0/inst/bram_bank1_reg_576_639_3_5/RAMA/WADR2 (clocked by clk_fpga_0). Large setup violations at the end of those stages might be difficult to fix during the post-placement implementation flow and could be the result of non-optimal XDC constraints or non-optimal design architecture
Related violations: <none>

TIMING-16#798 Warning
Large setup violation  
There is a large setup violation of -3.697 ns between image_rotator_design_i/axi_image_rotator_0/inst/wr_ptr_reg[4]/C (clocked by clk_fpga_0) and image_rotator_design_i/axi_image_rotator_0/inst/bram_bank1_reg_576_639_3_5/RAMB/WADR2 (clocked by clk_fpga_0). Large setup violations at the end of those stages might be difficult to fix during the post-placement implementation flow and could be the result of non-optimal XDC constraints or non-optimal design architecture
Related violations: <none>

TIMING-16#799 Warning
Large setup violation  
There is a large setup violation of -3.697 ns between image_rotator_design_i/axi_image_rotator_0/inst/wr_ptr_reg[4]/C (clocked by clk_fpga_0) and image_rotator_design_i/axi_image_rotator_0/inst/bram_bank1_reg_576_639_3_5/RAMC/WADR2 (clocked by clk_fpga_0). Large setup violations at the end of those stages might be difficult to fix during the post-placement implementation flow and could be the result of non-optimal XDC constraints or non-optimal design architecture
Related violations: <none>

TIMING-16#800 Warning
Large setup violation  
There is a large setup violation of -3.697 ns between image_rotator_design_i/axi_image_rotator_0/inst/wr_ptr_reg[4]/C (clocked by clk_fpga_0) and image_rotator_design_i/axi_image_rotator_0/inst/bram_bank1_reg_576_639_3_5/RAMD/WADR2 (clocked by clk_fpga_0). Large setup violations at the end of those stages might be difficult to fix during the post-placement implementation flow and could be the result of non-optimal XDC constraints or non-optimal design architecture
Related violations: <none>

TIMING-16#801 Warning
Large setup violation  
There is a large setup violation of -3.698 ns between image_rotator_design_i/axi_image_rotator_0/inst/wr_ptr_reg[4]/C (clocked by clk_fpga_0) and image_rotator_design_i/axi_image_rotator_0/inst/bram_bank1_reg_3648_3711_7_7/DP/WADR2 (clocked by clk_fpga_0). Large setup violations at the end of those stages might be difficult to fix during the post-placement implementation flow and could be the result of non-optimal XDC constraints or non-optimal design architecture
Related violations: <none>

TIMING-16#802 Warning
Large setup violation  
There is a large setup violation of -3.698 ns between image_rotator_design_i/axi_image_rotator_0/inst/wr_ptr_reg[4]/C (clocked by clk_fpga_0) and image_rotator_design_i/axi_image_rotator_0/inst/bram_bank1_reg_3648_3711_7_7/SP/WADR2 (clocked by clk_fpga_0). Large setup violations at the end of those stages might be difficult to fix during the post-placement implementation flow and could be the result of non-optimal XDC constraints or non-optimal design architecture
Related violations: <none>

TIMING-16#803 Warning
Large setup violation  
There is a large setup violation of -3.718 ns between image_rotator_design_i/axi_image_rotator_0/inst/wr_ptr_reg[4]/C (clocked by clk_fpga_0) and image_rotator_design_i/axi_image_rotator_0/inst/bram_bank2_reg_384_447_0_2/RAMA/WADR2 (clocked by clk_fpga_0). Large setup violations at the end of those stages might be difficult to fix during the post-placement implementation flow and could be the result of non-optimal XDC constraints or non-optimal design architecture
Related violations: <none>

TIMING-16#804 Warning
Large setup violation  
There is a large setup violation of -3.718 ns between image_rotator_design_i/axi_image_rotator_0/inst/wr_ptr_reg[4]/C (clocked by clk_fpga_0) and image_rotator_design_i/axi_image_rotator_0/inst/bram_bank2_reg_384_447_0_2/RAMB/WADR2 (clocked by clk_fpga_0). Large setup violations at the end of those stages might be difficult to fix during the post-placement implementation flow and could be the result of non-optimal XDC constraints or non-optimal design architecture
Related violations: <none>

TIMING-16#805 Warning
Large setup violation  
There is a large setup violation of -3.718 ns between image_rotator_design_i/axi_image_rotator_0/inst/wr_ptr_reg[4]/C (clocked by clk_fpga_0) and image_rotator_design_i/axi_image_rotator_0/inst/bram_bank2_reg_384_447_0_2/RAMC/WADR2 (clocked by clk_fpga_0). Large setup violations at the end of those stages might be difficult to fix during the post-placement implementation flow and could be the result of non-optimal XDC constraints or non-optimal design architecture
Related violations: <none>

TIMING-16#806 Warning
Large setup violation  
There is a large setup violation of -3.718 ns between image_rotator_design_i/axi_image_rotator_0/inst/wr_ptr_reg[4]/C (clocked by clk_fpga_0) and image_rotator_design_i/axi_image_rotator_0/inst/bram_bank2_reg_384_447_0_2/RAMD/WADR2 (clocked by clk_fpga_0). Large setup violations at the end of those stages might be difficult to fix during the post-placement implementation flow and could be the result of non-optimal XDC constraints or non-optimal design architecture
Related violations: <none>

TIMING-16#807 Warning
Large setup violation  
There is a large setup violation of -3.732 ns between image_rotator_design_i/axi_image_rotator_0/inst/wr_ptr_reg[4]/C (clocked by clk_fpga_0) and image_rotator_design_i/axi_image_rotator_0/inst/bram_bank2_reg_3456_3519_6_6/DP/WADR2 (clocked by clk_fpga_0). Large setup violations at the end of those stages might be difficult to fix during the post-placement implementation flow and could be the result of non-optimal XDC constraints or non-optimal design architecture
Related violations: <none>

TIMING-16#808 Warning
Large setup violation  
There is a large setup violation of -3.732 ns between image_rotator_design_i/axi_image_rotator_0/inst/wr_ptr_reg[4]/C (clocked by clk_fpga_0) and image_rotator_design_i/axi_image_rotator_0/inst/bram_bank2_reg_3456_3519_6_6/SP/WADR2 (clocked by clk_fpga_0). Large setup violations at the end of those stages might be difficult to fix during the post-placement implementation flow and could be the result of non-optimal XDC constraints or non-optimal design architecture
Related violations: <none>

TIMING-16#809 Warning
Large setup violation  
There is a large setup violation of -3.760 ns between image_rotator_design_i/axi_image_rotator_0/inst/wr_ptr_reg[4]/C (clocked by clk_fpga_0) and image_rotator_design_i/axi_image_rotator_0/inst/bram_bank2_reg_3648_3711_3_5/RAMA/WADR2 (clocked by clk_fpga_0). Large setup violations at the end of those stages might be difficult to fix during the post-placement implementation flow and could be the result of non-optimal XDC constraints or non-optimal design architecture
Related violations: <none>

TIMING-16#810 Warning
Large setup violation  
There is a large setup violation of -3.760 ns between image_rotator_design_i/axi_image_rotator_0/inst/wr_ptr_reg[4]/C (clocked by clk_fpga_0) and image_rotator_design_i/axi_image_rotator_0/inst/bram_bank2_reg_3648_3711_3_5/RAMB/WADR2 (clocked by clk_fpga_0). Large setup violations at the end of those stages might be difficult to fix during the post-placement implementation flow and could be the result of non-optimal XDC constraints or non-optimal design architecture
Related violations: <none>

TIMING-16#811 Warning
Large setup violation  
There is a large setup violation of -3.760 ns between image_rotator_design_i/axi_image_rotator_0/inst/wr_ptr_reg[4]/C (clocked by clk_fpga_0) and image_rotator_design_i/axi_image_rotator_0/inst/bram_bank2_reg_3648_3711_3_5/RAMC/WADR2 (clocked by clk_fpga_0). Large setup violations at the end of those stages might be difficult to fix during the post-placement implementation flow and could be the result of non-optimal XDC constraints or non-optimal design architecture
Related violations: <none>

TIMING-16#812 Warning
Large setup violation  
There is a large setup violation of -3.760 ns between image_rotator_design_i/axi_image_rotator_0/inst/wr_ptr_reg[4]/C (clocked by clk_fpga_0) and image_rotator_design_i/axi_image_rotator_0/inst/bram_bank2_reg_3648_3711_3_5/RAMD/WADR2 (clocked by clk_fpga_0). Large setup violations at the end of those stages might be difficult to fix during the post-placement implementation flow and could be the result of non-optimal XDC constraints or non-optimal design architecture
Related violations: <none>

TIMING-16#813 Warning
Large setup violation  
There is a large setup violation of -3.771 ns between image_rotator_design_i/axi_dma_0/U0/I_PRMRY_DATAMOVER/GEN_MM2S_FULL.I_MM2S_FULL_WRAPPER/ENABLE_AXIS_SKID.I_MM2S_SKID_BUF/sig_data_reg_out_reg[7]/C (clocked by clk_fpga_0) and image_rotator_design_i/axi_image_rotator_0/inst/bram_bank0_reg_576_639_7_7/DP/I (clocked by clk_fpga_0). Large setup violations at the end of those stages might be difficult to fix during the post-placement implementation flow and could be the result of non-optimal XDC constraints or non-optimal design architecture
Related violations: <none>

TIMING-16#814 Warning
Large setup violation  
There is a large setup violation of -3.783 ns between image_rotator_design_i/axi_image_rotator_0/inst/wr_ptr_reg[4]/C (clocked by clk_fpga_0) and image_rotator_design_i/axi_image_rotator_0/inst/bram_bank0_reg_2048_2111_7_7/DP/WADR2 (clocked by clk_fpga_0). Large setup violations at the end of those stages might be difficult to fix during the post-placement implementation flow and could be the result of non-optimal XDC constraints or non-optimal design architecture
Related violations: <none>

TIMING-16#815 Warning
Large setup violation  
There is a large setup violation of -3.783 ns between image_rotator_design_i/axi_image_rotator_0/inst/wr_ptr_reg[4]/C (clocked by clk_fpga_0) and image_rotator_design_i/axi_image_rotator_0/inst/bram_bank0_reg_2048_2111_7_7/SP/WADR2 (clocked by clk_fpga_0). Large setup violations at the end of those stages might be difficult to fix during the post-placement implementation flow and could be the result of non-optimal XDC constraints or non-optimal design architecture
Related violations: <none>

TIMING-16#816 Warning
Large setup violation  
There is a large setup violation of -3.783 ns between image_rotator_design_i/axi_image_rotator_0/inst/wr_ptr_reg[4]/C (clocked by clk_fpga_0) and image_rotator_design_i/axi_image_rotator_0/inst/bram_bank2_reg_3328_3391_6_6/DP/WADR2 (clocked by clk_fpga_0). Large setup violations at the end of those stages might be difficult to fix during the post-placement implementation flow and could be the result of non-optimal XDC constraints or non-optimal design architecture
Related violations: <none>

TIMING-16#817 Warning
Large setup violation  
There is a large setup violation of -3.783 ns between image_rotator_design_i/axi_image_rotator_0/inst/wr_ptr_reg[4]/C (clocked by clk_fpga_0) and image_rotator_design_i/axi_image_rotator_0/inst/bram_bank2_reg_3328_3391_6_6/SP/WADR2 (clocked by clk_fpga_0). Large setup violations at the end of those stages might be difficult to fix during the post-placement implementation flow and could be the result of non-optimal XDC constraints or non-optimal design architecture
Related violations: <none>

TIMING-16#818 Warning
Large setup violation  
There is a large setup violation of -3.788 ns between image_rotator_design_i/axi_image_rotator_0/inst/wr_ptr_reg[4]/C (clocked by clk_fpga_0) and image_rotator_design_i/axi_image_rotator_0/inst/bram_bank2_reg_3328_3391_0_2/RAMA/WADR2 (clocked by clk_fpga_0). Large setup violations at the end of those stages might be difficult to fix during the post-placement implementation flow and could be the result of non-optimal XDC constraints or non-optimal design architecture
Related violations: <none>

TIMING-16#819 Warning
Large setup violation  
There is a large setup violation of -3.788 ns between image_rotator_design_i/axi_image_rotator_0/inst/wr_ptr_reg[4]/C (clocked by clk_fpga_0) and image_rotator_design_i/axi_image_rotator_0/inst/bram_bank2_reg_3328_3391_0_2/RAMB/WADR2 (clocked by clk_fpga_0). Large setup violations at the end of those stages might be difficult to fix during the post-placement implementation flow and could be the result of non-optimal XDC constraints or non-optimal design architecture
Related violations: <none>

TIMING-16#820 Warning
Large setup violation  
There is a large setup violation of -3.788 ns between image_rotator_design_i/axi_image_rotator_0/inst/wr_ptr_reg[4]/C (clocked by clk_fpga_0) and image_rotator_design_i/axi_image_rotator_0/inst/bram_bank2_reg_3328_3391_0_2/RAMC/WADR2 (clocked by clk_fpga_0). Large setup violations at the end of those stages might be difficult to fix during the post-placement implementation flow and could be the result of non-optimal XDC constraints or non-optimal design architecture
Related violations: <none>

TIMING-16#821 Warning
Large setup violation  
There is a large setup violation of -3.788 ns between image_rotator_design_i/axi_image_rotator_0/inst/wr_ptr_reg[4]/C (clocked by clk_fpga_0) and image_rotator_design_i/axi_image_rotator_0/inst/bram_bank2_reg_3328_3391_0_2/RAMD/WADR2 (clocked by clk_fpga_0). Large setup violations at the end of those stages might be difficult to fix during the post-placement implementation flow and could be the result of non-optimal XDC constraints or non-optimal design architecture
Related violations: <none>

TIMING-16#822 Warning
Large setup violation  
There is a large setup violation of -3.800 ns between image_rotator_design_i/axi_image_rotator_0/inst/wr_ptr_reg[4]/C (clocked by clk_fpga_0) and image_rotator_design_i/axi_image_rotator_0/inst/bram_bank0_reg_2624_2687_7_7/DP/WADR2 (clocked by clk_fpga_0). Large setup violations at the end of those stages might be difficult to fix during the post-placement implementation flow and could be the result of non-optimal XDC constraints or non-optimal design architecture
Related violations: <none>

TIMING-16#823 Warning
Large setup violation  
There is a large setup violation of -3.800 ns between image_rotator_design_i/axi_image_rotator_0/inst/wr_ptr_reg[4]/C (clocked by clk_fpga_0) and image_rotator_design_i/axi_image_rotator_0/inst/bram_bank0_reg_2624_2687_7_7/SP/WADR2 (clocked by clk_fpga_0). Large setup violations at the end of those stages might be difficult to fix during the post-placement implementation flow and could be the result of non-optimal XDC constraints or non-optimal design architecture
Related violations: <none>

TIMING-16#824 Warning
Large setup violation  
There is a large setup violation of -3.812 ns between image_rotator_design_i/axi_dma_0/U0/I_PRMRY_DATAMOVER/GEN_MM2S_FULL.I_MM2S_FULL_WRAPPER/ENABLE_AXIS_SKID.I_MM2S_SKID_BUF/sig_data_reg_out_reg[7]/C (clocked by clk_fpga_0) and image_rotator_design_i/axi_image_rotator_0/inst/bram_bank0_reg_64_127_7_7/SP/I (clocked by clk_fpga_0). Large setup violations at the end of those stages might be difficult to fix during the post-placement implementation flow and could be the result of non-optimal XDC constraints or non-optimal design architecture
Related violations: <none>

TIMING-16#825 Warning
Large setup violation  
There is a large setup violation of -3.819 ns between image_rotator_design_i/axi_image_rotator_0/inst/wr_ptr_reg[4]/C (clocked by clk_fpga_0) and image_rotator_design_i/axi_image_rotator_0/inst/bram_bank2_reg_64_127_0_2/RAMA/WADR2 (clocked by clk_fpga_0). Large setup violations at the end of those stages might be difficult to fix during the post-placement implementation flow and could be the result of non-optimal XDC constraints or non-optimal design architecture
Related violations: <none>

TIMING-16#826 Warning
Large setup violation  
There is a large setup violation of -3.819 ns between image_rotator_design_i/axi_image_rotator_0/inst/wr_ptr_reg[4]/C (clocked by clk_fpga_0) and image_rotator_design_i/axi_image_rotator_0/inst/bram_bank2_reg_64_127_0_2/RAMB/WADR2 (clocked by clk_fpga_0). Large setup violations at the end of those stages might be difficult to fix during the post-placement implementation flow and could be the result of non-optimal XDC constraints or non-optimal design architecture
Related violations: <none>

TIMING-16#827 Warning
Large setup violation  
There is a large setup violation of -3.819 ns between image_rotator_design_i/axi_image_rotator_0/inst/wr_ptr_reg[4]/C (clocked by clk_fpga_0) and image_rotator_design_i/axi_image_rotator_0/inst/bram_bank2_reg_64_127_0_2/RAMC/WADR2 (clocked by clk_fpga_0). Large setup violations at the end of those stages might be difficult to fix during the post-placement implementation flow and could be the result of non-optimal XDC constraints or non-optimal design architecture
Related violations: <none>

TIMING-16#828 Warning
Large setup violation  
There is a large setup violation of -3.819 ns between image_rotator_design_i/axi_image_rotator_0/inst/wr_ptr_reg[4]/C (clocked by clk_fpga_0) and image_rotator_design_i/axi_image_rotator_0/inst/bram_bank2_reg_64_127_0_2/RAMD/WADR2 (clocked by clk_fpga_0). Large setup violations at the end of those stages might be difficult to fix during the post-placement implementation flow and could be the result of non-optimal XDC constraints or non-optimal design architecture
Related violations: <none>

TIMING-16#829 Warning
Large setup violation  
There is a large setup violation of -3.824 ns between image_rotator_design_i/axi_image_rotator_0/inst/wr_ptr_reg[4]/C (clocked by clk_fpga_0) and image_rotator_design_i/axi_image_rotator_0/inst/bram_bank2_reg_3712_3775_0_2/RAMA/WADR2 (clocked by clk_fpga_0). Large setup violations at the end of those stages might be difficult to fix during the post-placement implementation flow and could be the result of non-optimal XDC constraints or non-optimal design architecture
Related violations: <none>

TIMING-16#830 Warning
Large setup violation  
There is a large setup violation of -3.824 ns between image_rotator_design_i/axi_image_rotator_0/inst/wr_ptr_reg[4]/C (clocked by clk_fpga_0) and image_rotator_design_i/axi_image_rotator_0/inst/bram_bank2_reg_3712_3775_0_2/RAMB/WADR2 (clocked by clk_fpga_0). Large setup violations at the end of those stages might be difficult to fix during the post-placement implementation flow and could be the result of non-optimal XDC constraints or non-optimal design architecture
Related violations: <none>

TIMING-16#831 Warning
Large setup violation  
There is a large setup violation of -3.824 ns between image_rotator_design_i/axi_image_rotator_0/inst/wr_ptr_reg[4]/C (clocked by clk_fpga_0) and image_rotator_design_i/axi_image_rotator_0/inst/bram_bank2_reg_3712_3775_0_2/RAMC/WADR2 (clocked by clk_fpga_0). Large setup violations at the end of those stages might be difficult to fix during the post-placement implementation flow and could be the result of non-optimal XDC constraints or non-optimal design architecture
Related violations: <none>

TIMING-16#832 Warning
Large setup violation  
There is a large setup violation of -3.824 ns between image_rotator_design_i/axi_image_rotator_0/inst/wr_ptr_reg[4]/C (clocked by clk_fpga_0) and image_rotator_design_i/axi_image_rotator_0/inst/bram_bank2_reg_3712_3775_0_2/RAMD/WADR2 (clocked by clk_fpga_0). Large setup violations at the end of those stages might be difficult to fix during the post-placement implementation flow and could be the result of non-optimal XDC constraints or non-optimal design architecture
Related violations: <none>

TIMING-16#833 Warning
Large setup violation  
There is a large setup violation of -3.831 ns between image_rotator_design_i/axi_image_rotator_0/inst/wr_ptr_reg[4]/C (clocked by clk_fpga_0) and image_rotator_design_i/axi_image_rotator_0/inst/bram_bank1_reg_1408_1471_3_5/RAMA/WADR2 (clocked by clk_fpga_0). Large setup violations at the end of those stages might be difficult to fix during the post-placement implementation flow and could be the result of non-optimal XDC constraints or non-optimal design architecture
Related violations: <none>

TIMING-16#834 Warning
Large setup violation  
There is a large setup violation of -3.831 ns between image_rotator_design_i/axi_image_rotator_0/inst/wr_ptr_reg[4]/C (clocked by clk_fpga_0) and image_rotator_design_i/axi_image_rotator_0/inst/bram_bank1_reg_1408_1471_3_5/RAMB/WADR2 (clocked by clk_fpga_0). Large setup violations at the end of those stages might be difficult to fix during the post-placement implementation flow and could be the result of non-optimal XDC constraints or non-optimal design architecture
Related violations: <none>

TIMING-16#835 Warning
Large setup violation  
There is a large setup violation of -3.831 ns between image_rotator_design_i/axi_image_rotator_0/inst/wr_ptr_reg[4]/C (clocked by clk_fpga_0) and image_rotator_design_i/axi_image_rotator_0/inst/bram_bank1_reg_1408_1471_3_5/RAMC/WADR2 (clocked by clk_fpga_0). Large setup violations at the end of those stages might be difficult to fix during the post-placement implementation flow and could be the result of non-optimal XDC constraints or non-optimal design architecture
Related violations: <none>

TIMING-16#836 Warning
Large setup violation  
There is a large setup violation of -3.831 ns between image_rotator_design_i/axi_image_rotator_0/inst/wr_ptr_reg[4]/C (clocked by clk_fpga_0) and image_rotator_design_i/axi_image_rotator_0/inst/bram_bank1_reg_1408_1471_3_5/RAMD/WADR2 (clocked by clk_fpga_0). Large setup violations at the end of those stages might be difficult to fix during the post-placement implementation flow and could be the result of non-optimal XDC constraints or non-optimal design architecture
Related violations: <none>

TIMING-16#837 Warning
Large setup violation  
There is a large setup violation of -3.837 ns between image_rotator_design_i/axi_image_rotator_0/inst/wr_ptr_reg[4]/C (clocked by clk_fpga_0) and image_rotator_design_i/axi_image_rotator_0/inst/bram_bank0_reg_2688_2751_7_7/DP/WADR2 (clocked by clk_fpga_0). Large setup violations at the end of those stages might be difficult to fix during the post-placement implementation flow and could be the result of non-optimal XDC constraints or non-optimal design architecture
Related violations: <none>

TIMING-16#838 Warning
Large setup violation  
There is a large setup violation of -3.837 ns between image_rotator_design_i/axi_image_rotator_0/inst/wr_ptr_reg[4]/C (clocked by clk_fpga_0) and image_rotator_design_i/axi_image_rotator_0/inst/bram_bank0_reg_2688_2751_7_7/SP/WADR2 (clocked by clk_fpga_0). Large setup violations at the end of those stages might be difficult to fix during the post-placement implementation flow and could be the result of non-optimal XDC constraints or non-optimal design architecture
Related violations: <none>

TIMING-16#839 Warning
Large setup violation  
There is a large setup violation of -3.837 ns between image_rotator_design_i/axi_image_rotator_0/inst/wr_ptr_reg[4]/C (clocked by clk_fpga_0) and image_rotator_design_i/axi_image_rotator_0/inst/bram_bank0_reg_2752_2815_7_7/DP/WADR2 (clocked by clk_fpga_0). Large setup violations at the end of those stages might be difficult to fix during the post-placement implementation flow and could be the result of non-optimal XDC constraints or non-optimal design architecture
Related violations: <none>

TIMING-16#840 Warning
Large setup violation  
There is a large setup violation of -3.837 ns between image_rotator_design_i/axi_image_rotator_0/inst/wr_ptr_reg[4]/C (clocked by clk_fpga_0) and image_rotator_design_i/axi_image_rotator_0/inst/bram_bank0_reg_2752_2815_7_7/SP/WADR2 (clocked by clk_fpga_0). Large setup violations at the end of those stages might be difficult to fix during the post-placement implementation flow and could be the result of non-optimal XDC constraints or non-optimal design architecture
Related violations: <none>

TIMING-16#841 Warning
Large setup violation  
There is a large setup violation of -3.855 ns between image_rotator_design_i/axi_image_rotator_0/inst/wr_ptr_reg[4]/C (clocked by clk_fpga_0) and image_rotator_design_i/axi_image_rotator_0/inst/bram_bank2_reg_768_831_0_2/RAMA/WADR2 (clocked by clk_fpga_0). Large setup violations at the end of those stages might be difficult to fix during the post-placement implementation flow and could be the result of non-optimal XDC constraints or non-optimal design architecture
Related violations: <none>

TIMING-16#842 Warning
Large setup violation  
There is a large setup violation of -3.855 ns between image_rotator_design_i/axi_image_rotator_0/inst/wr_ptr_reg[4]/C (clocked by clk_fpga_0) and image_rotator_design_i/axi_image_rotator_0/inst/bram_bank2_reg_768_831_0_2/RAMB/WADR2 (clocked by clk_fpga_0). Large setup violations at the end of those stages might be difficult to fix during the post-placement implementation flow and could be the result of non-optimal XDC constraints or non-optimal design architecture
Related violations: <none>

TIMING-16#843 Warning
Large setup violation  
There is a large setup violation of -3.855 ns between image_rotator_design_i/axi_image_rotator_0/inst/wr_ptr_reg[4]/C (clocked by clk_fpga_0) and image_rotator_design_i/axi_image_rotator_0/inst/bram_bank2_reg_768_831_0_2/RAMC/WADR2 (clocked by clk_fpga_0). Large setup violations at the end of those stages might be difficult to fix during the post-placement implementation flow and could be the result of non-optimal XDC constraints or non-optimal design architecture
Related violations: <none>

TIMING-16#844 Warning
Large setup violation  
There is a large setup violation of -3.855 ns between image_rotator_design_i/axi_image_rotator_0/inst/wr_ptr_reg[4]/C (clocked by clk_fpga_0) and image_rotator_design_i/axi_image_rotator_0/inst/bram_bank2_reg_768_831_0_2/RAMD/WADR2 (clocked by clk_fpga_0). Large setup violations at the end of those stages might be difficult to fix during the post-placement implementation flow and could be the result of non-optimal XDC constraints or non-optimal design architecture
Related violations: <none>

TIMING-16#845 Warning
Large setup violation  
There is a large setup violation of -3.866 ns between image_rotator_design_i/axi_image_rotator_0/inst/wr_ptr_reg[4]/C (clocked by clk_fpga_0) and image_rotator_design_i/axi_image_rotator_0/inst/bram_bank2_reg_3264_3327_6_6/DP/WADR2 (clocked by clk_fpga_0). Large setup violations at the end of those stages might be difficult to fix during the post-placement implementation flow and could be the result of non-optimal XDC constraints or non-optimal design architecture
Related violations: <none>

TIMING-16#846 Warning
Large setup violation  
There is a large setup violation of -3.866 ns between image_rotator_design_i/axi_image_rotator_0/inst/wr_ptr_reg[4]/C (clocked by clk_fpga_0) and image_rotator_design_i/axi_image_rotator_0/inst/bram_bank2_reg_3264_3327_6_6/SP/WADR2 (clocked by clk_fpga_0). Large setup violations at the end of those stages might be difficult to fix during the post-placement implementation flow and could be the result of non-optimal XDC constraints or non-optimal design architecture
Related violations: <none>

TIMING-16#847 Warning
Large setup violation  
There is a large setup violation of -3.870 ns between image_rotator_design_i/axi_image_rotator_0/inst/wr_ptr_reg[4]/C (clocked by clk_fpga_0) and image_rotator_design_i/axi_image_rotator_0/inst/bram_bank2_reg_640_703_0_2/RAMA/WADR2 (clocked by clk_fpga_0). Large setup violations at the end of those stages might be difficult to fix during the post-placement implementation flow and could be the result of non-optimal XDC constraints or non-optimal design architecture
Related violations: <none>

TIMING-16#848 Warning
Large setup violation  
There is a large setup violation of -3.870 ns between image_rotator_design_i/axi_image_rotator_0/inst/wr_ptr_reg[4]/C (clocked by clk_fpga_0) and image_rotator_design_i/axi_image_rotator_0/inst/bram_bank2_reg_640_703_0_2/RAMB/WADR2 (clocked by clk_fpga_0). Large setup violations at the end of those stages might be difficult to fix during the post-placement implementation flow and could be the result of non-optimal XDC constraints or non-optimal design architecture
Related violations: <none>

TIMING-16#849 Warning
Large setup violation  
There is a large setup violation of -3.870 ns between image_rotator_design_i/axi_image_rotator_0/inst/wr_ptr_reg[4]/C (clocked by clk_fpga_0) and image_rotator_design_i/axi_image_rotator_0/inst/bram_bank2_reg_640_703_0_2/RAMC/WADR2 (clocked by clk_fpga_0). Large setup violations at the end of those stages might be difficult to fix during the post-placement implementation flow and could be the result of non-optimal XDC constraints or non-optimal design architecture
Related violations: <none>

TIMING-16#850 Warning
Large setup violation  
There is a large setup violation of -3.870 ns between image_rotator_design_i/axi_image_rotator_0/inst/wr_ptr_reg[4]/C (clocked by clk_fpga_0) and image_rotator_design_i/axi_image_rotator_0/inst/bram_bank2_reg_640_703_0_2/RAMD/WADR2 (clocked by clk_fpga_0). Large setup violations at the end of those stages might be difficult to fix during the post-placement implementation flow and could be the result of non-optimal XDC constraints or non-optimal design architecture
Related violations: <none>

TIMING-16#851 Warning
Large setup violation  
There is a large setup violation of -3.884 ns between image_rotator_design_i/axi_dma_0/U0/I_PRMRY_DATAMOVER/GEN_MM2S_FULL.I_MM2S_FULL_WRAPPER/ENABLE_AXIS_SKID.I_MM2S_SKID_BUF/sig_data_reg_out_reg[7]/C (clocked by clk_fpga_0) and image_rotator_design_i/axi_image_rotator_0/inst/bram_bank1_reg_1856_1919_7_7/SP/I (clocked by clk_fpga_0). Large setup violations at the end of those stages might be difficult to fix during the post-placement implementation flow and could be the result of non-optimal XDC constraints or non-optimal design architecture
Related violations: <none>

TIMING-16#852 Warning
Large setup violation  
There is a large setup violation of -3.923 ns between image_rotator_design_i/axi_image_rotator_0/inst/wr_ptr_reg[4]/C (clocked by clk_fpga_0) and image_rotator_design_i/axi_image_rotator_0/inst/bram_bank0_reg_2880_2943_7_7/DP/WADR2 (clocked by clk_fpga_0). Large setup violations at the end of those stages might be difficult to fix during the post-placement implementation flow and could be the result of non-optimal XDC constraints or non-optimal design architecture
Related violations: <none>

TIMING-16#853 Warning
Large setup violation  
There is a large setup violation of -3.923 ns between image_rotator_design_i/axi_image_rotator_0/inst/wr_ptr_reg[4]/C (clocked by clk_fpga_0) and image_rotator_design_i/axi_image_rotator_0/inst/bram_bank0_reg_2880_2943_7_7/SP/WADR2 (clocked by clk_fpga_0). Large setup violations at the end of those stages might be difficult to fix during the post-placement implementation flow and could be the result of non-optimal XDC constraints or non-optimal design architecture
Related violations: <none>

TIMING-16#854 Warning
Large setup violation  
There is a large setup violation of -3.947 ns between image_rotator_design_i/axi_dma_0/U0/I_PRMRY_DATAMOVER/GEN_MM2S_FULL.I_MM2S_FULL_WRAPPER/ENABLE_AXIS_SKID.I_MM2S_SKID_BUF/sig_data_reg_out_reg[7]/C (clocked by clk_fpga_0) and image_rotator_design_i/axi_image_rotator_0/inst/bram_bank1_reg_1792_1855_7_7/SP/I (clocked by clk_fpga_0). Large setup violations at the end of those stages might be difficult to fix during the post-placement implementation flow and could be the result of non-optimal XDC constraints or non-optimal design architecture
Related violations: <none>

TIMING-16#855 Warning
Large setup violation  
There is a large setup violation of -3.958 ns between image_rotator_design_i/axi_image_rotator_0/inst/wr_ptr_reg[4]/C (clocked by clk_fpga_0) and image_rotator_design_i/axi_image_rotator_0/inst/bram_bank0_reg_2176_2239_7_7/DP/WADR2 (clocked by clk_fpga_0). Large setup violations at the end of those stages might be difficult to fix during the post-placement implementation flow and could be the result of non-optimal XDC constraints or non-optimal design architecture
Related violations: <none>

TIMING-16#856 Warning
Large setup violation  
There is a large setup violation of -3.958 ns between image_rotator_design_i/axi_image_rotator_0/inst/wr_ptr_reg[4]/C (clocked by clk_fpga_0) and image_rotator_design_i/axi_image_rotator_0/inst/bram_bank0_reg_2176_2239_7_7/SP/WADR2 (clocked by clk_fpga_0). Large setup violations at the end of those stages might be difficult to fix during the post-placement implementation flow and could be the result of non-optimal XDC constraints or non-optimal design architecture
Related violations: <none>

TIMING-16#857 Warning
Large setup violation  
There is a large setup violation of -3.963 ns between image_rotator_design_i/axi_dma_0/U0/I_PRMRY_DATAMOVER/GEN_MM2S_FULL.I_MM2S_FULL_WRAPPER/ENABLE_AXIS_SKID.I_MM2S_SKID_BUF/sig_data_reg_out_reg[7]/C (clocked by clk_fpga_0) and image_rotator_design_i/axi_image_rotator_0/inst/bram_bank1_reg_1408_1471_7_7/DP/I (clocked by clk_fpga_0). Large setup violations at the end of those stages might be difficult to fix during the post-placement implementation flow and could be the result of non-optimal XDC constraints or non-optimal design architecture
Related violations: <none>

TIMING-16#858 Warning
Large setup violation  
There is a large setup violation of -3.965 ns between image_rotator_design_i/axi_image_rotator_0/inst/wr_ptr_reg[4]/C (clocked by clk_fpga_0) and image_rotator_design_i/axi_image_rotator_0/inst/bram_bank2_reg_512_575_0_2/RAMA/WADR2 (clocked by clk_fpga_0). Large setup violations at the end of those stages might be difficult to fix during the post-placement implementation flow and could be the result of non-optimal XDC constraints or non-optimal design architecture
Related violations: <none>

TIMING-16#859 Warning
Large setup violation  
There is a large setup violation of -3.965 ns between image_rotator_design_i/axi_image_rotator_0/inst/wr_ptr_reg[4]/C (clocked by clk_fpga_0) and image_rotator_design_i/axi_image_rotator_0/inst/bram_bank2_reg_512_575_0_2/RAMB/WADR2 (clocked by clk_fpga_0). Large setup violations at the end of those stages might be difficult to fix during the post-placement implementation flow and could be the result of non-optimal XDC constraints or non-optimal design architecture
Related violations: <none>

TIMING-16#860 Warning
Large setup violation  
There is a large setup violation of -3.965 ns between image_rotator_design_i/axi_image_rotator_0/inst/wr_ptr_reg[4]/C (clocked by clk_fpga_0) and image_rotator_design_i/axi_image_rotator_0/inst/bram_bank2_reg_512_575_0_2/RAMC/WADR2 (clocked by clk_fpga_0). Large setup violations at the end of those stages might be difficult to fix during the post-placement implementation flow and could be the result of non-optimal XDC constraints or non-optimal design architecture
Related violations: <none>

TIMING-16#861 Warning
Large setup violation  
There is a large setup violation of -3.965 ns between image_rotator_design_i/axi_image_rotator_0/inst/wr_ptr_reg[4]/C (clocked by clk_fpga_0) and image_rotator_design_i/axi_image_rotator_0/inst/bram_bank2_reg_512_575_0_2/RAMD/WADR2 (clocked by clk_fpga_0). Large setup violations at the end of those stages might be difficult to fix during the post-placement implementation flow and could be the result of non-optimal XDC constraints or non-optimal design architecture
Related violations: <none>

TIMING-16#862 Warning
Large setup violation  
There is a large setup violation of -4.039 ns between image_rotator_design_i/axi_image_rotator_0/inst/wr_ptr_reg[4]/C (clocked by clk_fpga_0) and image_rotator_design_i/axi_image_rotator_0/inst/bram_bank1_reg_3712_3775_7_7/DP/WADR2 (clocked by clk_fpga_0). Large setup violations at the end of those stages might be difficult to fix during the post-placement implementation flow and could be the result of non-optimal XDC constraints or non-optimal design architecture
Related violations: <none>

TIMING-16#863 Warning
Large setup violation  
There is a large setup violation of -4.039 ns between image_rotator_design_i/axi_image_rotator_0/inst/wr_ptr_reg[4]/C (clocked by clk_fpga_0) and image_rotator_design_i/axi_image_rotator_0/inst/bram_bank1_reg_3712_3775_7_7/SP/WADR2 (clocked by clk_fpga_0). Large setup violations at the end of those stages might be difficult to fix during the post-placement implementation flow and could be the result of non-optimal XDC constraints or non-optimal design architecture
Related violations: <none>

TIMING-16#864 Warning
Large setup violation  
There is a large setup violation of -4.066 ns between image_rotator_design_i/axi_dma_0/U0/I_PRMRY_DATAMOVER/GEN_MM2S_FULL.I_MM2S_FULL_WRAPPER/ENABLE_AXIS_SKID.I_MM2S_SKID_BUF/sig_data_reg_out_reg[7]/C (clocked by clk_fpga_0) and image_rotator_design_i/axi_image_rotator_0/inst/bram_bank0_reg_64_127_7_7/DP/I (clocked by clk_fpga_0). Large setup violations at the end of those stages might be difficult to fix during the post-placement implementation flow and could be the result of non-optimal XDC constraints or non-optimal design architecture
Related violations: <none>

TIMING-16#865 Warning
Large setup violation  
There is a large setup violation of -4.108 ns between image_rotator_design_i/axi_image_rotator_0/inst/wr_ptr_reg[4]/C (clocked by clk_fpga_0) and image_rotator_design_i/axi_image_rotator_0/inst/bram_bank2_reg_128_191_0_2/RAMA/WADR2 (clocked by clk_fpga_0). Large setup violations at the end of those stages might be difficult to fix during the post-placement implementation flow and could be the result of non-optimal XDC constraints or non-optimal design architecture
Related violations: <none>

TIMING-16#866 Warning
Large setup violation  
There is a large setup violation of -4.108 ns between image_rotator_design_i/axi_image_rotator_0/inst/wr_ptr_reg[4]/C (clocked by clk_fpga_0) and image_rotator_design_i/axi_image_rotator_0/inst/bram_bank2_reg_128_191_0_2/RAMB/WADR2 (clocked by clk_fpga_0). Large setup violations at the end of those stages might be difficult to fix during the post-placement implementation flow and could be the result of non-optimal XDC constraints or non-optimal design architecture
Related violations: <none>

TIMING-16#867 Warning
Large setup violation  
There is a large setup violation of -4.108 ns between image_rotator_design_i/axi_image_rotator_0/inst/wr_ptr_reg[4]/C (clocked by clk_fpga_0) and image_rotator_design_i/axi_image_rotator_0/inst/bram_bank2_reg_128_191_0_2/RAMC/WADR2 (clocked by clk_fpga_0). Large setup violations at the end of those stages might be difficult to fix during the post-placement implementation flow and could be the result of non-optimal XDC constraints or non-optimal design architecture
Related violations: <none>

TIMING-16#868 Warning
Large setup violation  
There is a large setup violation of -4.108 ns between image_rotator_design_i/axi_image_rotator_0/inst/wr_ptr_reg[4]/C (clocked by clk_fpga_0) and image_rotator_design_i/axi_image_rotator_0/inst/bram_bank2_reg_128_191_0_2/RAMD/WADR2 (clocked by clk_fpga_0). Large setup violations at the end of those stages might be difficult to fix during the post-placement implementation flow and could be the result of non-optimal XDC constraints or non-optimal design architecture
Related violations: <none>

TIMING-16#869 Warning
Large setup violation  
There is a large setup violation of -4.109 ns between image_rotator_design_i/axi_image_rotator_0/inst/wr_ptr_reg[4]/C (clocked by clk_fpga_0) and image_rotator_design_i/axi_image_rotator_0/inst/bram_bank1_reg_3072_3135_7_7/DP/WADR2 (clocked by clk_fpga_0). Large setup violations at the end of those stages might be difficult to fix during the post-placement implementation flow and could be the result of non-optimal XDC constraints or non-optimal design architecture
Related violations: <none>

TIMING-16#870 Warning
Large setup violation  
There is a large setup violation of -4.109 ns between image_rotator_design_i/axi_image_rotator_0/inst/wr_ptr_reg[4]/C (clocked by clk_fpga_0) and image_rotator_design_i/axi_image_rotator_0/inst/bram_bank1_reg_3072_3135_7_7/SP/WADR2 (clocked by clk_fpga_0). Large setup violations at the end of those stages might be difficult to fix during the post-placement implementation flow and could be the result of non-optimal XDC constraints or non-optimal design architecture
Related violations: <none>

TIMING-16#871 Warning
Large setup violation  
There is a large setup violation of -4.118 ns between image_rotator_design_i/axi_image_rotator_0/inst/wr_ptr_reg[4]/C (clocked by clk_fpga_0) and image_rotator_design_i/axi_image_rotator_0/inst/bram_bank2_reg_3776_3839_7_7/DP/WADR2 (clocked by clk_fpga_0). Large setup violations at the end of those stages might be difficult to fix during the post-placement implementation flow and could be the result of non-optimal XDC constraints or non-optimal design architecture
Related violations: <none>

TIMING-16#872 Warning
Large setup violation  
There is a large setup violation of -4.118 ns between image_rotator_design_i/axi_image_rotator_0/inst/wr_ptr_reg[4]/C (clocked by clk_fpga_0) and image_rotator_design_i/axi_image_rotator_0/inst/bram_bank2_reg_3776_3839_7_7/SP/WADR2 (clocked by clk_fpga_0). Large setup violations at the end of those stages might be difficult to fix during the post-placement implementation flow and could be the result of non-optimal XDC constraints or non-optimal design architecture
Related violations: <none>

TIMING-16#873 Warning
Large setup violation  
There is a large setup violation of -4.138 ns between image_rotator_design_i/axi_dma_0/U0/I_PRMRY_DATAMOVER/GEN_MM2S_FULL.I_MM2S_FULL_WRAPPER/ENABLE_AXIS_SKID.I_MM2S_SKID_BUF/sig_data_reg_out_reg[7]/C (clocked by clk_fpga_0) and image_rotator_design_i/axi_image_rotator_0/inst/bram_bank1_reg_1856_1919_7_7/DP/I (clocked by clk_fpga_0). Large setup violations at the end of those stages might be difficult to fix during the post-placement implementation flow and could be the result of non-optimal XDC constraints or non-optimal design architecture
Related violations: <none>

TIMING-16#874 Warning
Large setup violation  
There is a large setup violation of -4.201 ns between image_rotator_design_i/axi_dma_0/U0/I_PRMRY_DATAMOVER/GEN_MM2S_FULL.I_MM2S_FULL_WRAPPER/ENABLE_AXIS_SKID.I_MM2S_SKID_BUF/sig_data_reg_out_reg[7]/C (clocked by clk_fpga_0) and image_rotator_design_i/axi_image_rotator_0/inst/bram_bank1_reg_1792_1855_7_7/DP/I (clocked by clk_fpga_0). Large setup violations at the end of those stages might be difficult to fix during the post-placement implementation flow and could be the result of non-optimal XDC constraints or non-optimal design architecture
Related violations: <none>

TIMING-16#875 Warning
Large setup violation  
There is a large setup violation of -4.246 ns between image_rotator_design_i/axi_dma_0/U0/I_PRMRY_DATAMOVER/GEN_MM2S_FULL.I_MM2S_FULL_WRAPPER/ENABLE_AXIS_SKID.I_MM2S_SKID_BUF/sig_data_reg_out_reg[7]/C (clocked by clk_fpga_0) and image_rotator_design_i/axi_image_rotator_0/inst/bram_bank0_reg_832_895_7_7/SP/I (clocked by clk_fpga_0). Large setup violations at the end of those stages might be difficult to fix during the post-placement implementation flow and could be the result of non-optimal XDC constraints or non-optimal design architecture
Related violations: <none>

TIMING-16#876 Warning
Large setup violation  
There is a large setup violation of -4.347 ns between image_rotator_design_i/axi_image_rotator_0/inst/wr_ptr_reg[4]/C (clocked by clk_fpga_0) and image_rotator_design_i/axi_image_rotator_0/inst/bram_bank2_reg_3136_3199_6_6/DP/WADR2 (clocked by clk_fpga_0). Large setup violations at the end of those stages might be difficult to fix during the post-placement implementation flow and could be the result of non-optimal XDC constraints or non-optimal design architecture
Related violations: <none>

TIMING-16#877 Warning
Large setup violation  
There is a large setup violation of -4.347 ns between image_rotator_design_i/axi_image_rotator_0/inst/wr_ptr_reg[4]/C (clocked by clk_fpga_0) and image_rotator_design_i/axi_image_rotator_0/inst/bram_bank2_reg_3136_3199_6_6/SP/WADR2 (clocked by clk_fpga_0). Large setup violations at the end of those stages might be difficult to fix during the post-placement implementation flow and could be the result of non-optimal XDC constraints or non-optimal design architecture
Related violations: <none>

TIMING-16#878 Warning
Large setup violation  
There is a large setup violation of -4.398 ns between image_rotator_design_i/axi_image_rotator_0/inst/wr_ptr_reg[4]/C (clocked by clk_fpga_0) and image_rotator_design_i/axi_image_rotator_0/inst/bram_bank2_reg_448_511_7_7/DP/WADR2 (clocked by clk_fpga_0). Large setup violations at the end of those stages might be difficult to fix during the post-placement implementation flow and could be the result of non-optimal XDC constraints or non-optimal design architecture
Related violations: <none>

TIMING-16#879 Warning
Large setup violation  
There is a large setup violation of -4.398 ns between image_rotator_design_i/axi_image_rotator_0/inst/wr_ptr_reg[4]/C (clocked by clk_fpga_0) and image_rotator_design_i/axi_image_rotator_0/inst/bram_bank2_reg_448_511_7_7/SP/WADR2 (clocked by clk_fpga_0). Large setup violations at the end of those stages might be difficult to fix during the post-placement implementation flow and could be the result of non-optimal XDC constraints or non-optimal design architecture
Related violations: <none>

TIMING-16#880 Warning
Large setup violation  
There is a large setup violation of -4.406 ns between image_rotator_design_i/axi_image_rotator_0/inst/wr_ptr_reg[4]/C (clocked by clk_fpga_0) and image_rotator_design_i/axi_image_rotator_0/inst/bram_bank0_reg_1408_1471_7_7/DP/WADR2 (clocked by clk_fpga_0). Large setup violations at the end of those stages might be difficult to fix during the post-placement implementation flow and could be the result of non-optimal XDC constraints or non-optimal design architecture
Related violations: <none>

TIMING-16#881 Warning
Large setup violation  
There is a large setup violation of -4.406 ns between image_rotator_design_i/axi_image_rotator_0/inst/wr_ptr_reg[4]/C (clocked by clk_fpga_0) and image_rotator_design_i/axi_image_rotator_0/inst/bram_bank0_reg_1408_1471_7_7/SP/WADR2 (clocked by clk_fpga_0). Large setup violations at the end of those stages might be difficult to fix during the post-placement implementation flow and could be the result of non-optimal XDC constraints or non-optimal design architecture
Related violations: <none>

TIMING-16#882 Warning
Large setup violation  
There is a large setup violation of -4.418 ns between image_rotator_design_i/axi_image_rotator_0/inst/wr_ptr_reg[4]/C (clocked by clk_fpga_0) and image_rotator_design_i/axi_image_rotator_0/inst/bram_bank2_reg_576_639_7_7/DP/WADR2 (clocked by clk_fpga_0). Large setup violations at the end of those stages might be difficult to fix during the post-placement implementation flow and could be the result of non-optimal XDC constraints or non-optimal design architecture
Related violations: <none>

TIMING-16#883 Warning
Large setup violation  
There is a large setup violation of -4.418 ns between image_rotator_design_i/axi_image_rotator_0/inst/wr_ptr_reg[4]/C (clocked by clk_fpga_0) and image_rotator_design_i/axi_image_rotator_0/inst/bram_bank2_reg_576_639_7_7/SP/WADR2 (clocked by clk_fpga_0). Large setup violations at the end of those stages might be difficult to fix during the post-placement implementation flow and could be the result of non-optimal XDC constraints or non-optimal design architecture
Related violations: <none>

TIMING-16#884 Warning
Large setup violation  
There is a large setup violation of -4.500 ns between image_rotator_design_i/axi_dma_0/U0/I_PRMRY_DATAMOVER/GEN_MM2S_FULL.I_MM2S_FULL_WRAPPER/ENABLE_AXIS_SKID.I_MM2S_SKID_BUF/sig_data_reg_out_reg[7]/C (clocked by clk_fpga_0) and image_rotator_design_i/axi_image_rotator_0/inst/bram_bank0_reg_832_895_7_7/DP/I (clocked by clk_fpga_0). Large setup violations at the end of those stages might be difficult to fix during the post-placement implementation flow and could be the result of non-optimal XDC constraints or non-optimal design architecture
Related violations: <none>

TIMING-16#885 Warning
Large setup violation  
There is a large setup violation of -4.545 ns between image_rotator_design_i/axi_image_rotator_0/inst/wr_ptr_reg[4]/C (clocked by clk_fpga_0) and image_rotator_design_i/axi_image_rotator_0/inst/bram_bank2_reg_4032_4095_7_7/DP/WADR2 (clocked by clk_fpga_0). Large setup violations at the end of those stages might be difficult to fix during the post-placement implementation flow and could be the result of non-optimal XDC constraints or non-optimal design architecture
Related violations: <none>

TIMING-16#886 Warning
Large setup violation  
There is a large setup violation of -4.545 ns between image_rotator_design_i/axi_image_rotator_0/inst/wr_ptr_reg[4]/C (clocked by clk_fpga_0) and image_rotator_design_i/axi_image_rotator_0/inst/bram_bank2_reg_4032_4095_7_7/SP/WADR2 (clocked by clk_fpga_0). Large setup violations at the end of those stages might be difficult to fix during the post-placement implementation flow and could be the result of non-optimal XDC constraints or non-optimal design architecture
Related violations: <none>

TIMING-16#887 Warning
Large setup violation  
There is a large setup violation of -4.568 ns between image_rotator_design_i/axi_image_rotator_0/inst/wr_ptr_reg[4]/C (clocked by clk_fpga_0) and image_rotator_design_i/axi_image_rotator_0/inst/bram_bank2_reg_640_703_7_7/DP/WADR2 (clocked by clk_fpga_0). Large setup violations at the end of those stages might be difficult to fix during the post-placement implementation flow and could be the result of non-optimal XDC constraints or non-optimal design architecture
Related violations: <none>

TIMING-16#888 Warning
Large setup violation  
There is a large setup violation of -4.568 ns between image_rotator_design_i/axi_image_rotator_0/inst/wr_ptr_reg[4]/C (clocked by clk_fpga_0) and image_rotator_design_i/axi_image_rotator_0/inst/bram_bank2_reg_640_703_7_7/SP/WADR2 (clocked by clk_fpga_0). Large setup violations at the end of those stages might be difficult to fix during the post-placement implementation flow and could be the result of non-optimal XDC constraints or non-optimal design architecture
Related violations: <none>

TIMING-16#889 Warning
Large setup violation  
There is a large setup violation of -4.585 ns between image_rotator_design_i/axi_image_rotator_0/inst/wr_ptr_reg[4]/C (clocked by clk_fpga_0) and image_rotator_design_i/axi_image_rotator_0/inst/bram_bank2_reg_3200_3263_7_7/DP/WADR2 (clocked by clk_fpga_0). Large setup violations at the end of those stages might be difficult to fix during the post-placement implementation flow and could be the result of non-optimal XDC constraints or non-optimal design architecture
Related violations: <none>

TIMING-16#890 Warning
Large setup violation  
There is a large setup violation of -4.585 ns between image_rotator_design_i/axi_image_rotator_0/inst/wr_ptr_reg[4]/C (clocked by clk_fpga_0) and image_rotator_design_i/axi_image_rotator_0/inst/bram_bank2_reg_3200_3263_7_7/SP/WADR2 (clocked by clk_fpga_0). Large setup violations at the end of those stages might be difficult to fix during the post-placement implementation flow and could be the result of non-optimal XDC constraints or non-optimal design architecture
Related violations: <none>

TIMING-16#891 Warning
Large setup violation  
There is a large setup violation of -4.645 ns between image_rotator_design_i/axi_image_rotator_0/inst/wr_ptr_reg[4]/C (clocked by clk_fpga_0) and image_rotator_design_i/axi_image_rotator_0/inst/bram_bank2_reg_3968_4031_7_7/DP/WADR2 (clocked by clk_fpga_0). Large setup violations at the end of those stages might be difficult to fix during the post-placement implementation flow and could be the result of non-optimal XDC constraints or non-optimal design architecture
Related violations: <none>

TIMING-16#892 Warning
Large setup violation  
There is a large setup violation of -4.645 ns between image_rotator_design_i/axi_image_rotator_0/inst/wr_ptr_reg[4]/C (clocked by clk_fpga_0) and image_rotator_design_i/axi_image_rotator_0/inst/bram_bank2_reg_3968_4031_7_7/SP/WADR2 (clocked by clk_fpga_0). Large setup violations at the end of those stages might be difficult to fix during the post-placement implementation flow and could be the result of non-optimal XDC constraints or non-optimal design architecture
Related violations: <none>

TIMING-16#893 Warning
Large setup violation  
There is a large setup violation of -4.646 ns between image_rotator_design_i/axi_image_rotator_0/inst/wr_ptr_reg[4]/C (clocked by clk_fpga_0) and image_rotator_design_i/axi_image_rotator_0/inst/bram_bank2_reg_3968_4031_6_6/DP/WADR2 (clocked by clk_fpga_0). Large setup violations at the end of those stages might be difficult to fix during the post-placement implementation flow and could be the result of non-optimal XDC constraints or non-optimal design architecture
Related violations: <none>

TIMING-16#894 Warning
Large setup violation  
There is a large setup violation of -4.646 ns between image_rotator_design_i/axi_image_rotator_0/inst/wr_ptr_reg[4]/C (clocked by clk_fpga_0) and image_rotator_design_i/axi_image_rotator_0/inst/bram_bank2_reg_3968_4031_6_6/SP/WADR2 (clocked by clk_fpga_0). Large setup violations at the end of those stages might be difficult to fix during the post-placement implementation flow and could be the result of non-optimal XDC constraints or non-optimal design architecture
Related violations: <none>

TIMING-16#895 Warning
Large setup violation  
There is a large setup violation of -4.687 ns between image_rotator_design_i/axi_image_rotator_0/inst/wr_ptr_reg[4]/C (clocked by clk_fpga_0) and image_rotator_design_i/axi_image_rotator_0/inst/bram_bank1_reg_2112_2175_7_7/DP/WADR2 (clocked by clk_fpga_0). Large setup violations at the end of those stages might be difficult to fix during the post-placement implementation flow and could be the result of non-optimal XDC constraints or non-optimal design architecture
Related violations: <none>

TIMING-16#896 Warning
Large setup violation  
There is a large setup violation of -4.687 ns between image_rotator_design_i/axi_image_rotator_0/inst/wr_ptr_reg[4]/C (clocked by clk_fpga_0) and image_rotator_design_i/axi_image_rotator_0/inst/bram_bank1_reg_2112_2175_7_7/SP/WADR2 (clocked by clk_fpga_0). Large setup violations at the end of those stages might be difficult to fix during the post-placement implementation flow and could be the result of non-optimal XDC constraints or non-optimal design architecture
Related violations: <none>

TIMING-16#897 Warning
Large setup violation  
There is a large setup violation of -4.717 ns between image_rotator_design_i/axi_image_rotator_0/inst/wr_ptr_reg[4]/C (clocked by clk_fpga_0) and image_rotator_design_i/axi_image_rotator_0/inst/bram_bank2_reg_704_767_7_7/DP/WADR2 (clocked by clk_fpga_0). Large setup violations at the end of those stages might be difficult to fix during the post-placement implementation flow and could be the result of non-optimal XDC constraints or non-optimal design architecture
Related violations: <none>

TIMING-16#898 Warning
Large setup violation  
There is a large setup violation of -4.717 ns between image_rotator_design_i/axi_image_rotator_0/inst/wr_ptr_reg[4]/C (clocked by clk_fpga_0) and image_rotator_design_i/axi_image_rotator_0/inst/bram_bank2_reg_704_767_7_7/SP/WADR2 (clocked by clk_fpga_0). Large setup violations at the end of those stages might be difficult to fix during the post-placement implementation flow and could be the result of non-optimal XDC constraints or non-optimal design architecture
Related violations: <none>

TIMING-16#899 Warning
Large setup violation  
There is a large setup violation of -4.780 ns between image_rotator_design_i/axi_dma_0/U0/I_PRMRY_DATAMOVER/GEN_MM2S_FULL.I_MM2S_FULL_WRAPPER/ENABLE_AXIS_SKID.I_MM2S_SKID_BUF/sig_data_reg_out_reg[7]/C (clocked by clk_fpga_0) and image_rotator_design_i/axi_image_rotator_0/inst/bram_bank1_reg_1984_2047_7_7/SP/I (clocked by clk_fpga_0). Large setup violations at the end of those stages might be difficult to fix during the post-placement implementation flow and could be the result of non-optimal XDC constraints or non-optimal design architecture
Related violations: <none>

TIMING-16#900 Warning
Large setup violation  
There is a large setup violation of -4.835 ns between image_rotator_design_i/axi_image_rotator_0/inst/wr_ptr_reg[4]/C (clocked by clk_fpga_0) and image_rotator_design_i/axi_image_rotator_0/inst/bram_bank2_reg_3840_3903_6_6/DP/WADR2 (clocked by clk_fpga_0). Large setup violations at the end of those stages might be difficult to fix during the post-placement implementation flow and could be the result of non-optimal XDC constraints or non-optimal design architecture
Related violations: <none>

TIMING-16#901 Warning
Large setup violation  
There is a large setup violation of -4.835 ns between image_rotator_design_i/axi_image_rotator_0/inst/wr_ptr_reg[4]/C (clocked by clk_fpga_0) and image_rotator_design_i/axi_image_rotator_0/inst/bram_bank2_reg_3840_3903_6_6/SP/WADR2 (clocked by clk_fpga_0). Large setup violations at the end of those stages might be difficult to fix during the post-placement implementation flow and could be the result of non-optimal XDC constraints or non-optimal design architecture
Related violations: <none>

TIMING-16#902 Warning
Large setup violation  
There is a large setup violation of -4.846 ns between image_rotator_design_i/axi_image_rotator_0/inst/wr_ptr_reg[4]/C (clocked by clk_fpga_0) and image_rotator_design_i/axi_image_rotator_0/inst/bram_bank2_reg_3456_3519_7_7/DP/WADR2 (clocked by clk_fpga_0). Large setup violations at the end of those stages might be difficult to fix during the post-placement implementation flow and could be the result of non-optimal XDC constraints or non-optimal design architecture
Related violations: <none>

TIMING-16#903 Warning
Large setup violation  
There is a large setup violation of -4.846 ns between image_rotator_design_i/axi_image_rotator_0/inst/wr_ptr_reg[4]/C (clocked by clk_fpga_0) and image_rotator_design_i/axi_image_rotator_0/inst/bram_bank2_reg_3456_3519_7_7/SP/WADR2 (clocked by clk_fpga_0). Large setup violations at the end of those stages might be difficult to fix during the post-placement implementation flow and could be the result of non-optimal XDC constraints or non-optimal design architecture
Related violations: <none>

TIMING-16#904 Warning
Large setup violation  
There is a large setup violation of -4.875 ns between image_rotator_design_i/axi_image_rotator_0/inst/wr_ptr_reg[4]/C (clocked by clk_fpga_0) and image_rotator_design_i/axi_image_rotator_0/inst/bram_bank2_reg_3328_3391_7_7/DP/WADR2 (clocked by clk_fpga_0). Large setup violations at the end of those stages might be difficult to fix during the post-placement implementation flow and could be the result of non-optimal XDC constraints or non-optimal design architecture
Related violations: <none>

TIMING-16#905 Warning
Large setup violation  
There is a large setup violation of -4.875 ns between image_rotator_design_i/axi_image_rotator_0/inst/wr_ptr_reg[4]/C (clocked by clk_fpga_0) and image_rotator_design_i/axi_image_rotator_0/inst/bram_bank2_reg_3328_3391_7_7/SP/WADR2 (clocked by clk_fpga_0). Large setup violations at the end of those stages might be difficult to fix during the post-placement implementation flow and could be the result of non-optimal XDC constraints or non-optimal design architecture
Related violations: <none>

TIMING-16#906 Warning
Large setup violation  
There is a large setup violation of -4.995 ns between image_rotator_design_i/axi_image_rotator_0/inst/wr_ptr_reg[4]/C (clocked by clk_fpga_0) and image_rotator_design_i/axi_image_rotator_0/inst/bram_bank2_reg_192_255_7_7/DP/WADR2 (clocked by clk_fpga_0). Large setup violations at the end of those stages might be difficult to fix during the post-placement implementation flow and could be the result of non-optimal XDC constraints or non-optimal design architecture
Related violations: <none>

TIMING-16#907 Warning
Large setup violation  
There is a large setup violation of -4.995 ns between image_rotator_design_i/axi_image_rotator_0/inst/wr_ptr_reg[4]/C (clocked by clk_fpga_0) and image_rotator_design_i/axi_image_rotator_0/inst/bram_bank2_reg_192_255_7_7/SP/WADR2 (clocked by clk_fpga_0). Large setup violations at the end of those stages might be difficult to fix during the post-placement implementation flow and could be the result of non-optimal XDC constraints or non-optimal design architecture
Related violations: <none>

TIMING-16#908 Warning
Large setup violation  
There is a large setup violation of -4.998 ns between image_rotator_design_i/axi_image_rotator_0/inst/wr_ptr_reg[4]/C (clocked by clk_fpga_0) and image_rotator_design_i/axi_image_rotator_0/inst/bram_bank0_reg_1280_1343_7_7/DP/WADR2 (clocked by clk_fpga_0). Large setup violations at the end of those stages might be difficult to fix during the post-placement implementation flow and could be the result of non-optimal XDC constraints or non-optimal design architecture
Related violations: <none>

TIMING-16#909 Warning
Large setup violation  
There is a large setup violation of -4.998 ns between image_rotator_design_i/axi_image_rotator_0/inst/wr_ptr_reg[4]/C (clocked by clk_fpga_0) and image_rotator_design_i/axi_image_rotator_0/inst/bram_bank0_reg_1280_1343_7_7/SP/WADR2 (clocked by clk_fpga_0). Large setup violations at the end of those stages might be difficult to fix during the post-placement implementation flow and could be the result of non-optimal XDC constraints or non-optimal design architecture
Related violations: <none>

TIMING-16#910 Warning
Large setup violation  
There is a large setup violation of -5.005 ns between image_rotator_design_i/axi_image_rotator_0/inst/wr_ptr_reg[4]/C (clocked by clk_fpga_0) and image_rotator_design_i/axi_image_rotator_0/inst/bram_bank2_reg_768_831_7_7/DP/WADR2 (clocked by clk_fpga_0). Large setup violations at the end of those stages might be difficult to fix during the post-placement implementation flow and could be the result of non-optimal XDC constraints or non-optimal design architecture
Related violations: <none>

TIMING-16#911 Warning
Large setup violation  
There is a large setup violation of -5.005 ns between image_rotator_design_i/axi_image_rotator_0/inst/wr_ptr_reg[4]/C (clocked by clk_fpga_0) and image_rotator_design_i/axi_image_rotator_0/inst/bram_bank2_reg_768_831_7_7/SP/WADR2 (clocked by clk_fpga_0). Large setup violations at the end of those stages might be difficult to fix during the post-placement implementation flow and could be the result of non-optimal XDC constraints or non-optimal design architecture
Related violations: <none>

TIMING-16#912 Warning
Large setup violation  
There is a large setup violation of -5.008 ns between image_rotator_design_i/axi_image_rotator_0/inst/wr_ptr_reg[4]/C (clocked by clk_fpga_0) and image_rotator_design_i/axi_image_rotator_0/inst/bram_bank2_reg_2560_2623_7_7/DP/WADR2 (clocked by clk_fpga_0). Large setup violations at the end of those stages might be difficult to fix during the post-placement implementation flow and could be the result of non-optimal XDC constraints or non-optimal design architecture
Related violations: <none>

TIMING-16#913 Warning
Large setup violation  
There is a large setup violation of -5.008 ns between image_rotator_design_i/axi_image_rotator_0/inst/wr_ptr_reg[4]/C (clocked by clk_fpga_0) and image_rotator_design_i/axi_image_rotator_0/inst/bram_bank2_reg_2560_2623_7_7/SP/WADR2 (clocked by clk_fpga_0). Large setup violations at the end of those stages might be difficult to fix during the post-placement implementation flow and could be the result of non-optimal XDC constraints or non-optimal design architecture
Related violations: <none>

TIMING-16#914 Warning
Large setup violation  
There is a large setup violation of -5.021 ns between image_rotator_design_i/axi_image_rotator_0/inst/wr_ptr_reg[4]/C (clocked by clk_fpga_0) and image_rotator_design_i/axi_image_rotator_0/inst/bram_bank2_reg_256_319_7_7/DP/WADR2 (clocked by clk_fpga_0). Large setup violations at the end of those stages might be difficult to fix during the post-placement implementation flow and could be the result of non-optimal XDC constraints or non-optimal design architecture
Related violations: <none>

TIMING-16#915 Warning
Large setup violation  
There is a large setup violation of -5.021 ns between image_rotator_design_i/axi_image_rotator_0/inst/wr_ptr_reg[4]/C (clocked by clk_fpga_0) and image_rotator_design_i/axi_image_rotator_0/inst/bram_bank2_reg_256_319_7_7/SP/WADR2 (clocked by clk_fpga_0). Large setup violations at the end of those stages might be difficult to fix during the post-placement implementation flow and could be the result of non-optimal XDC constraints or non-optimal design architecture
Related violations: <none>

TIMING-16#916 Warning
Large setup violation  
There is a large setup violation of -5.034 ns between image_rotator_design_i/axi_dma_0/U0/I_PRMRY_DATAMOVER/GEN_MM2S_FULL.I_MM2S_FULL_WRAPPER/ENABLE_AXIS_SKID.I_MM2S_SKID_BUF/sig_data_reg_out_reg[7]/C (clocked by clk_fpga_0) and image_rotator_design_i/axi_image_rotator_0/inst/bram_bank1_reg_1984_2047_7_7/DP/I (clocked by clk_fpga_0). Large setup violations at the end of those stages might be difficult to fix during the post-placement implementation flow and could be the result of non-optimal XDC constraints or non-optimal design architecture
Related violations: <none>

TIMING-16#917 Warning
Large setup violation  
There is a large setup violation of -5.034 ns between image_rotator_design_i/axi_image_rotator_0/inst/wr_ptr_reg[4]/C (clocked by clk_fpga_0) and image_rotator_design_i/axi_image_rotator_0/inst/bram_bank2_reg_3072_3135_7_7/DP/WADR2 (clocked by clk_fpga_0). Large setup violations at the end of those stages might be difficult to fix during the post-placement implementation flow and could be the result of non-optimal XDC constraints or non-optimal design architecture
Related violations: <none>

TIMING-16#918 Warning
Large setup violation  
There is a large setup violation of -5.034 ns between image_rotator_design_i/axi_image_rotator_0/inst/wr_ptr_reg[4]/C (clocked by clk_fpga_0) and image_rotator_design_i/axi_image_rotator_0/inst/bram_bank2_reg_3072_3135_7_7/SP/WADR2 (clocked by clk_fpga_0). Large setup violations at the end of those stages might be difficult to fix during the post-placement implementation flow and could be the result of non-optimal XDC constraints or non-optimal design architecture
Related violations: <none>

TIMING-16#919 Warning
Large setup violation  
There is a large setup violation of -5.066 ns between image_rotator_design_i/axi_image_rotator_0/inst/wr_ptr_reg[4]/C (clocked by clk_fpga_0) and image_rotator_design_i/axi_image_rotator_0/inst/bram_bank0_reg_1856_1919_7_7/DP/WADR2 (clocked by clk_fpga_0). Large setup violations at the end of those stages might be difficult to fix during the post-placement implementation flow and could be the result of non-optimal XDC constraints or non-optimal design architecture
Related violations: <none>

TIMING-16#920 Warning
Large setup violation  
There is a large setup violation of -5.066 ns between image_rotator_design_i/axi_image_rotator_0/inst/wr_ptr_reg[4]/C (clocked by clk_fpga_0) and image_rotator_design_i/axi_image_rotator_0/inst/bram_bank0_reg_1856_1919_7_7/SP/WADR2 (clocked by clk_fpga_0). Large setup violations at the end of those stages might be difficult to fix during the post-placement implementation flow and could be the result of non-optimal XDC constraints or non-optimal design architecture
Related violations: <none>

TIMING-16#921 Warning
Large setup violation  
There is a large setup violation of -5.134 ns between image_rotator_design_i/axi_image_rotator_0/inst/wr_ptr_reg[4]/C (clocked by clk_fpga_0) and image_rotator_design_i/axi_image_rotator_0/inst/bram_bank2_reg_896_959_7_7/DP/WADR2 (clocked by clk_fpga_0). Large setup violations at the end of those stages might be difficult to fix during the post-placement implementation flow and could be the result of non-optimal XDC constraints or non-optimal design architecture
Related violations: <none>

TIMING-16#922 Warning
Large setup violation  
There is a large setup violation of -5.134 ns between image_rotator_design_i/axi_image_rotator_0/inst/wr_ptr_reg[4]/C (clocked by clk_fpga_0) and image_rotator_design_i/axi_image_rotator_0/inst/bram_bank2_reg_896_959_7_7/SP/WADR2 (clocked by clk_fpga_0). Large setup violations at the end of those stages might be difficult to fix during the post-placement implementation flow and could be the result of non-optimal XDC constraints or non-optimal design architecture
Related violations: <none>

TIMING-16#923 Warning
Large setup violation  
There is a large setup violation of -5.184 ns between image_rotator_design_i/axi_image_rotator_0/inst/wr_ptr_reg[4]/C (clocked by clk_fpga_0) and image_rotator_design_i/axi_image_rotator_0/inst/bram_bank2_reg_128_191_7_7/DP/WADR2 (clocked by clk_fpga_0). Large setup violations at the end of those stages might be difficult to fix during the post-placement implementation flow and could be the result of non-optimal XDC constraints or non-optimal design architecture
Related violations: <none>

TIMING-16#924 Warning
Large setup violation  
There is a large setup violation of -5.184 ns between image_rotator_design_i/axi_image_rotator_0/inst/wr_ptr_reg[4]/C (clocked by clk_fpga_0) and image_rotator_design_i/axi_image_rotator_0/inst/bram_bank2_reg_128_191_7_7/SP/WADR2 (clocked by clk_fpga_0). Large setup violations at the end of those stages might be difficult to fix during the post-placement implementation flow and could be the result of non-optimal XDC constraints or non-optimal design architecture
Related violations: <none>

TIMING-16#925 Warning
Large setup violation  
There is a large setup violation of -5.188 ns between image_rotator_design_i/axi_image_rotator_0/inst/wr_ptr_reg[4]/C (clocked by clk_fpga_0) and image_rotator_design_i/axi_image_rotator_0/inst/bram_bank1_reg_2880_2943_7_7/DP/WADR2 (clocked by clk_fpga_0). Large setup violations at the end of those stages might be difficult to fix during the post-placement implementation flow and could be the result of non-optimal XDC constraints or non-optimal design architecture
Related violations: <none>

TIMING-16#926 Warning
Large setup violation  
There is a large setup violation of -5.188 ns between image_rotator_design_i/axi_image_rotator_0/inst/wr_ptr_reg[4]/C (clocked by clk_fpga_0) and image_rotator_design_i/axi_image_rotator_0/inst/bram_bank1_reg_2880_2943_7_7/SP/WADR2 (clocked by clk_fpga_0). Large setup violations at the end of those stages might be difficult to fix during the post-placement implementation flow and could be the result of non-optimal XDC constraints or non-optimal design architecture
Related violations: <none>

TIMING-16#927 Warning
Large setup violation  
There is a large setup violation of -5.214 ns between image_rotator_design_i/axi_image_rotator_0/inst/wr_ptr_reg[4]/C (clocked by clk_fpga_0) and image_rotator_design_i/axi_image_rotator_0/inst/bram_bank2_reg_3904_3967_6_6/DP/WADR2 (clocked by clk_fpga_0). Large setup violations at the end of those stages might be difficult to fix during the post-placement implementation flow and could be the result of non-optimal XDC constraints or non-optimal design architecture
Related violations: <none>

TIMING-16#928 Warning
Large setup violation  
There is a large setup violation of -5.214 ns between image_rotator_design_i/axi_image_rotator_0/inst/wr_ptr_reg[4]/C (clocked by clk_fpga_0) and image_rotator_design_i/axi_image_rotator_0/inst/bram_bank2_reg_3904_3967_6_6/SP/WADR2 (clocked by clk_fpga_0). Large setup violations at the end of those stages might be difficult to fix during the post-placement implementation flow and could be the result of non-optimal XDC constraints or non-optimal design architecture
Related violations: <none>

TIMING-16#929 Warning
Large setup violation  
There is a large setup violation of -5.257 ns between image_rotator_design_i/axi_dma_0/U0/I_PRMRY_DATAMOVER/GEN_MM2S_FULL.I_MM2S_FULL_WRAPPER/ENABLE_AXIS_SKID.I_MM2S_SKID_BUF/sig_data_reg_out_reg[7]/C (clocked by clk_fpga_0) and image_rotator_design_i/axi_image_rotator_0/inst/bram_bank1_reg_1088_1151_7_7/SP/I (clocked by clk_fpga_0). Large setup violations at the end of those stages might be difficult to fix during the post-placement implementation flow and could be the result of non-optimal XDC constraints or non-optimal design architecture
Related violations: <none>

TIMING-16#930 Warning
Large setup violation  
There is a large setup violation of -5.296 ns between image_rotator_design_i/axi_image_rotator_0/inst/wr_ptr_reg[4]/C (clocked by clk_fpga_0) and image_rotator_design_i/axi_image_rotator_0/inst/bram_bank2_reg_3648_3711_7_7/DP/WADR2 (clocked by clk_fpga_0). Large setup violations at the end of those stages might be difficult to fix during the post-placement implementation flow and could be the result of non-optimal XDC constraints or non-optimal design architecture
Related violations: <none>

TIMING-16#931 Warning
Large setup violation  
There is a large setup violation of -5.296 ns between image_rotator_design_i/axi_image_rotator_0/inst/wr_ptr_reg[4]/C (clocked by clk_fpga_0) and image_rotator_design_i/axi_image_rotator_0/inst/bram_bank2_reg_3648_3711_7_7/SP/WADR2 (clocked by clk_fpga_0). Large setup violations at the end of those stages might be difficult to fix during the post-placement implementation flow and could be the result of non-optimal XDC constraints or non-optimal design architecture
Related violations: <none>

TIMING-16#932 Warning
Large setup violation  
There is a large setup violation of -5.323 ns between image_rotator_design_i/axi_image_rotator_0/inst/wr_ptr_reg[4]/C (clocked by clk_fpga_0) and image_rotator_design_i/axi_image_rotator_0/inst/bram_bank2_reg_384_447_7_7/DP/WADR2 (clocked by clk_fpga_0). Large setup violations at the end of those stages might be difficult to fix during the post-placement implementation flow and could be the result of non-optimal XDC constraints or non-optimal design architecture
Related violations: <none>

TIMING-16#933 Warning
Large setup violation  
There is a large setup violation of -5.323 ns between image_rotator_design_i/axi_image_rotator_0/inst/wr_ptr_reg[4]/C (clocked by clk_fpga_0) and image_rotator_design_i/axi_image_rotator_0/inst/bram_bank2_reg_384_447_7_7/SP/WADR2 (clocked by clk_fpga_0). Large setup violations at the end of those stages might be difficult to fix during the post-placement implementation flow and could be the result of non-optimal XDC constraints or non-optimal design architecture
Related violations: <none>

TIMING-16#934 Warning
Large setup violation  
There is a large setup violation of -5.345 ns between image_rotator_design_i/axi_image_rotator_0/inst/wr_ptr_reg[4]/C (clocked by clk_fpga_0) and image_rotator_design_i/axi_image_rotator_0/inst/bram_bank0_reg_2560_2623_7_7/DP/WADR2 (clocked by clk_fpga_0). Large setup violations at the end of those stages might be difficult to fix during the post-placement implementation flow and could be the result of non-optimal XDC constraints or non-optimal design architecture
Related violations: <none>

TIMING-16#935 Warning
Large setup violation  
There is a large setup violation of -5.345 ns between image_rotator_design_i/axi_image_rotator_0/inst/wr_ptr_reg[4]/C (clocked by clk_fpga_0) and image_rotator_design_i/axi_image_rotator_0/inst/bram_bank0_reg_2560_2623_7_7/SP/WADR2 (clocked by clk_fpga_0). Large setup violations at the end of those stages might be difficult to fix during the post-placement implementation flow and could be the result of non-optimal XDC constraints or non-optimal design architecture
Related violations: <none>

TIMING-16#936 Warning
Large setup violation  
There is a large setup violation of -5.491 ns between image_rotator_design_i/axi_image_rotator_0/inst/wr_ptr_reg[4]/C (clocked by clk_fpga_0) and image_rotator_design_i/axi_image_rotator_0/inst/bram_bank2_reg_0_63_7_7/DP/WADR2 (clocked by clk_fpga_0). Large setup violations at the end of those stages might be difficult to fix during the post-placement implementation flow and could be the result of non-optimal XDC constraints or non-optimal design architecture
Related violations: <none>

TIMING-16#937 Warning
Large setup violation  
There is a large setup violation of -5.491 ns between image_rotator_design_i/axi_image_rotator_0/inst/wr_ptr_reg[4]/C (clocked by clk_fpga_0) and image_rotator_design_i/axi_image_rotator_0/inst/bram_bank2_reg_0_63_7_7/SP/WADR2 (clocked by clk_fpga_0). Large setup violations at the end of those stages might be difficult to fix during the post-placement implementation flow and could be the result of non-optimal XDC constraints or non-optimal design architecture
Related violations: <none>

TIMING-16#938 Warning
Large setup violation  
There is a large setup violation of -5.498 ns between image_rotator_design_i/axi_image_rotator_0/inst/wr_ptr_reg[4]/C (clocked by clk_fpga_0) and image_rotator_design_i/axi_image_rotator_0/inst/bram_bank1_reg_2688_2751_7_7/DP/WADR2 (clocked by clk_fpga_0). Large setup violations at the end of those stages might be difficult to fix during the post-placement implementation flow and could be the result of non-optimal XDC constraints or non-optimal design architecture
Related violations: <none>

TIMING-16#939 Warning
Large setup violation  
There is a large setup violation of -5.498 ns between image_rotator_design_i/axi_image_rotator_0/inst/wr_ptr_reg[4]/C (clocked by clk_fpga_0) and image_rotator_design_i/axi_image_rotator_0/inst/bram_bank1_reg_2688_2751_7_7/SP/WADR2 (clocked by clk_fpga_0). Large setup violations at the end of those stages might be difficult to fix during the post-placement implementation flow and could be the result of non-optimal XDC constraints or non-optimal design architecture
Related violations: <none>

TIMING-16#940 Warning
Large setup violation  
There is a large setup violation of -5.502 ns between image_rotator_design_i/axi_image_rotator_0/inst/wr_ptr_reg[4]/C (clocked by clk_fpga_0) and image_rotator_design_i/axi_image_rotator_0/inst/bram_bank2_reg_2816_2879_7_7/DP/WADR2 (clocked by clk_fpga_0). Large setup violations at the end of those stages might be difficult to fix during the post-placement implementation flow and could be the result of non-optimal XDC constraints or non-optimal design architecture
Related violations: <none>

TIMING-16#941 Warning
Large setup violation  
There is a large setup violation of -5.502 ns between image_rotator_design_i/axi_image_rotator_0/inst/wr_ptr_reg[4]/C (clocked by clk_fpga_0) and image_rotator_design_i/axi_image_rotator_0/inst/bram_bank2_reg_2816_2879_7_7/SP/WADR2 (clocked by clk_fpga_0). Large setup violations at the end of those stages might be difficult to fix during the post-placement implementation flow and could be the result of non-optimal XDC constraints or non-optimal design architecture
Related violations: <none>

TIMING-16#942 Warning
Large setup violation  
There is a large setup violation of -5.544 ns between image_rotator_design_i/axi_dma_0/U0/I_PRMRY_DATAMOVER/GEN_MM2S_FULL.I_MM2S_FULL_WRAPPER/ENABLE_AXIS_SKID.I_MM2S_SKID_BUF/sig_data_reg_out_reg[7]/C (clocked by clk_fpga_0) and image_rotator_design_i/axi_image_rotator_0/inst/bram_bank1_reg_1088_1151_7_7/DP/I (clocked by clk_fpga_0). Large setup violations at the end of those stages might be difficult to fix during the post-placement implementation flow and could be the result of non-optimal XDC constraints or non-optimal design architecture
Related violations: <none>

TIMING-16#943 Warning
Large setup violation  
There is a large setup violation of -5.640 ns between image_rotator_design_i/axi_image_rotator_0/inst/wr_ptr_reg[4]/C (clocked by clk_fpga_0) and image_rotator_design_i/axi_image_rotator_0/inst/bram_bank2_reg_1600_1663_6_6/DP/WADR2 (clocked by clk_fpga_0). Large setup violations at the end of those stages might be difficult to fix during the post-placement implementation flow and could be the result of non-optimal XDC constraints or non-optimal design architecture
Related violations: <none>

TIMING-16#944 Warning
Large setup violation  
There is a large setup violation of -5.640 ns between image_rotator_design_i/axi_image_rotator_0/inst/wr_ptr_reg[4]/C (clocked by clk_fpga_0) and image_rotator_design_i/axi_image_rotator_0/inst/bram_bank2_reg_1600_1663_6_6/SP/WADR2 (clocked by clk_fpga_0). Large setup violations at the end of those stages might be difficult to fix during the post-placement implementation flow and could be the result of non-optimal XDC constraints or non-optimal design architecture
Related violations: <none>

TIMING-16#945 Warning
Large setup violation  
There is a large setup violation of -5.654 ns between image_rotator_design_i/axi_image_rotator_0/inst/wr_ptr_reg[4]/C (clocked by clk_fpga_0) and image_rotator_design_i/axi_image_rotator_0/inst/bram_bank2_reg_3840_3903_7_7/DP/WADR2 (clocked by clk_fpga_0). Large setup violations at the end of those stages might be difficult to fix during the post-placement implementation flow and could be the result of non-optimal XDC constraints or non-optimal design architecture
Related violations: <none>

TIMING-16#946 Warning
Large setup violation  
There is a large setup violation of -5.654 ns between image_rotator_design_i/axi_image_rotator_0/inst/wr_ptr_reg[4]/C (clocked by clk_fpga_0) and image_rotator_design_i/axi_image_rotator_0/inst/bram_bank2_reg_3840_3903_7_7/SP/WADR2 (clocked by clk_fpga_0). Large setup violations at the end of those stages might be difficult to fix during the post-placement implementation flow and could be the result of non-optimal XDC constraints or non-optimal design architecture
Related violations: <none>

TIMING-16#947 Warning
Large setup violation  
There is a large setup violation of -5.655 ns between image_rotator_design_i/axi_image_rotator_0/inst/wr_ptr_reg[4]/C (clocked by clk_fpga_0) and image_rotator_design_i/axi_image_rotator_0/inst/bram_bank1_reg_3584_3647_7_7/DP/WADR2 (clocked by clk_fpga_0). Large setup violations at the end of those stages might be difficult to fix during the post-placement implementation flow and could be the result of non-optimal XDC constraints or non-optimal design architecture
Related violations: <none>

TIMING-16#948 Warning
Large setup violation  
There is a large setup violation of -5.655 ns between image_rotator_design_i/axi_image_rotator_0/inst/wr_ptr_reg[4]/C (clocked by clk_fpga_0) and image_rotator_design_i/axi_image_rotator_0/inst/bram_bank1_reg_3584_3647_7_7/SP/WADR2 (clocked by clk_fpga_0). Large setup violations at the end of those stages might be difficult to fix during the post-placement implementation flow and could be the result of non-optimal XDC constraints or non-optimal design architecture
Related violations: <none>

TIMING-16#949 Warning
Large setup violation  
There is a large setup violation of -5.666 ns between image_rotator_design_i/axi_image_rotator_0/inst/wr_ptr_reg[4]/C (clocked by clk_fpga_0) and image_rotator_design_i/axi_image_rotator_0/inst/bram_bank2_reg_512_575_7_7/DP/WADR2 (clocked by clk_fpga_0). Large setup violations at the end of those stages might be difficult to fix during the post-placement implementation flow and could be the result of non-optimal XDC constraints or non-optimal design architecture
Related violations: <none>

TIMING-16#950 Warning
Large setup violation  
There is a large setup violation of -5.666 ns between image_rotator_design_i/axi_image_rotator_0/inst/wr_ptr_reg[4]/C (clocked by clk_fpga_0) and image_rotator_design_i/axi_image_rotator_0/inst/bram_bank2_reg_512_575_7_7/SP/WADR2 (clocked by clk_fpga_0). Large setup violations at the end of those stages might be difficult to fix during the post-placement implementation flow and could be the result of non-optimal XDC constraints or non-optimal design architecture
Related violations: <none>

TIMING-16#951 Warning
Large setup violation  
There is a large setup violation of -5.804 ns between image_rotator_design_i/axi_image_rotator_0/inst/wr_ptr_reg[4]/C (clocked by clk_fpga_0) and image_rotator_design_i/axi_image_rotator_0/inst/bram_bank2_reg_64_127_7_7/DP/WADR2 (clocked by clk_fpga_0). Large setup violations at the end of those stages might be difficult to fix during the post-placement implementation flow and could be the result of non-optimal XDC constraints or non-optimal design architecture
Related violations: <none>

TIMING-16#952 Warning
Large setup violation  
There is a large setup violation of -5.804 ns between image_rotator_design_i/axi_image_rotator_0/inst/wr_ptr_reg[4]/C (clocked by clk_fpga_0) and image_rotator_design_i/axi_image_rotator_0/inst/bram_bank2_reg_64_127_7_7/SP/WADR2 (clocked by clk_fpga_0). Large setup violations at the end of those stages might be difficult to fix during the post-placement implementation flow and could be the result of non-optimal XDC constraints or non-optimal design architecture
Related violations: <none>

TIMING-16#953 Warning
Large setup violation  
There is a large setup violation of -5.805 ns between image_rotator_design_i/axi_image_rotator_0/inst/wr_ptr_reg[4]/C (clocked by clk_fpga_0) and image_rotator_design_i/axi_image_rotator_0/inst/bram_bank1_reg_2560_2623_7_7/DP/WADR2 (clocked by clk_fpga_0). Large setup violations at the end of those stages might be difficult to fix during the post-placement implementation flow and could be the result of non-optimal XDC constraints or non-optimal design architecture
Related violations: <none>

TIMING-16#954 Warning
Large setup violation  
There is a large setup violation of -5.805 ns between image_rotator_design_i/axi_image_rotator_0/inst/wr_ptr_reg[4]/C (clocked by clk_fpga_0) and image_rotator_design_i/axi_image_rotator_0/inst/bram_bank1_reg_2560_2623_7_7/SP/WADR2 (clocked by clk_fpga_0). Large setup violations at the end of those stages might be difficult to fix during the post-placement implementation flow and could be the result of non-optimal XDC constraints or non-optimal design architecture
Related violations: <none>

TIMING-16#955 Warning
Large setup violation  
There is a large setup violation of -5.956 ns between image_rotator_design_i/axi_image_rotator_0/inst/wr_ptr_reg[4]/C (clocked by clk_fpga_0) and image_rotator_design_i/axi_image_rotator_0/inst/bram_bank1_reg_2368_2431_7_7/DP/WADR2 (clocked by clk_fpga_0). Large setup violations at the end of those stages might be difficult to fix during the post-placement implementation flow and could be the result of non-optimal XDC constraints or non-optimal design architecture
Related violations: <none>

TIMING-16#956 Warning
Large setup violation  
There is a large setup violation of -5.956 ns between image_rotator_design_i/axi_image_rotator_0/inst/wr_ptr_reg[4]/C (clocked by clk_fpga_0) and image_rotator_design_i/axi_image_rotator_0/inst/bram_bank1_reg_2368_2431_7_7/SP/WADR2 (clocked by clk_fpga_0). Large setup violations at the end of those stages might be difficult to fix during the post-placement implementation flow and could be the result of non-optimal XDC constraints or non-optimal design architecture
Related violations: <none>

TIMING-16#957 Warning
Large setup violation  
There is a large setup violation of -5.962 ns between image_rotator_design_i/axi_image_rotator_0/inst/wr_ptr_reg[4]/C (clocked by clk_fpga_0) and image_rotator_design_i/axi_image_rotator_0/inst/bram_bank2_reg_448_511_0_2/RAMA/WADR2 (clocked by clk_fpga_0). Large setup violations at the end of those stages might be difficult to fix during the post-placement implementation flow and could be the result of non-optimal XDC constraints or non-optimal design architecture
Related violations: <none>

TIMING-16#958 Warning
Large setup violation  
There is a large setup violation of -5.962 ns between image_rotator_design_i/axi_image_rotator_0/inst/wr_ptr_reg[4]/C (clocked by clk_fpga_0) and image_rotator_design_i/axi_image_rotator_0/inst/bram_bank2_reg_448_511_0_2/RAMB/WADR2 (clocked by clk_fpga_0). Large setup violations at the end of those stages might be difficult to fix during the post-placement implementation flow and could be the result of non-optimal XDC constraints or non-optimal design architecture
Related violations: <none>

TIMING-16#959 Warning
Large setup violation  
There is a large setup violation of -5.962 ns between image_rotator_design_i/axi_image_rotator_0/inst/wr_ptr_reg[4]/C (clocked by clk_fpga_0) and image_rotator_design_i/axi_image_rotator_0/inst/bram_bank2_reg_448_511_0_2/RAMC/WADR2 (clocked by clk_fpga_0). Large setup violations at the end of those stages might be difficult to fix during the post-placement implementation flow and could be the result of non-optimal XDC constraints or non-optimal design architecture
Related violations: <none>

TIMING-16#960 Warning
Large setup violation  
There is a large setup violation of -5.962 ns between image_rotator_design_i/axi_image_rotator_0/inst/wr_ptr_reg[4]/C (clocked by clk_fpga_0) and image_rotator_design_i/axi_image_rotator_0/inst/bram_bank2_reg_448_511_0_2/RAMD/WADR2 (clocked by clk_fpga_0). Large setup violations at the end of those stages might be difficult to fix during the post-placement implementation flow and could be the result of non-optimal XDC constraints or non-optimal design architecture
Related violations: <none>

TIMING-16#961 Warning
Large setup violation  
There is a large setup violation of -5.978 ns between image_rotator_design_i/axi_image_rotator_0/inst/wr_ptr_reg[4]/C (clocked by clk_fpga_0) and image_rotator_design_i/axi_image_rotator_0/inst/bram_bank0_reg_2432_2495_7_7/DP/WADR2 (clocked by clk_fpga_0). Large setup violations at the end of those stages might be difficult to fix during the post-placement implementation flow and could be the result of non-optimal XDC constraints or non-optimal design architecture
Related violations: <none>

TIMING-16#962 Warning
Large setup violation  
There is a large setup violation of -5.978 ns between image_rotator_design_i/axi_image_rotator_0/inst/wr_ptr_reg[4]/C (clocked by clk_fpga_0) and image_rotator_design_i/axi_image_rotator_0/inst/bram_bank0_reg_2432_2495_7_7/SP/WADR2 (clocked by clk_fpga_0). Large setup violations at the end of those stages might be difficult to fix during the post-placement implementation flow and could be the result of non-optimal XDC constraints or non-optimal design architecture
Related violations: <none>

TIMING-16#963 Warning
Large setup violation  
There is a large setup violation of -5.998 ns between image_rotator_design_i/axi_image_rotator_0/inst/wr_ptr_reg[4]/C (clocked by clk_fpga_0) and image_rotator_design_i/axi_image_rotator_0/inst/bram_bank1_reg_3776_3839_7_7/DP/WADR2 (clocked by clk_fpga_0). Large setup violations at the end of those stages might be difficult to fix during the post-placement implementation flow and could be the result of non-optimal XDC constraints or non-optimal design architecture
Related violations: <none>

TIMING-16#964 Warning
Large setup violation  
There is a large setup violation of -5.998 ns between image_rotator_design_i/axi_image_rotator_0/inst/wr_ptr_reg[4]/C (clocked by clk_fpga_0) and image_rotator_design_i/axi_image_rotator_0/inst/bram_bank1_reg_3776_3839_7_7/SP/WADR2 (clocked by clk_fpga_0). Large setup violations at the end of those stages might be difficult to fix during the post-placement implementation flow and could be the result of non-optimal XDC constraints or non-optimal design architecture
Related violations: <none>

TIMING-16#965 Warning
Large setup violation  
There is a large setup violation of -6.116 ns between image_rotator_design_i/axi_image_rotator_0/inst/wr_ptr_reg[4]/C (clocked by clk_fpga_0) and image_rotator_design_i/axi_image_rotator_0/inst/bram_bank2_reg_4032_4095_6_6/DP/WADR2 (clocked by clk_fpga_0). Large setup violations at the end of those stages might be difficult to fix during the post-placement implementation flow and could be the result of non-optimal XDC constraints or non-optimal design architecture
Related violations: <none>

TIMING-16#966 Warning
Large setup violation  
There is a large setup violation of -6.116 ns between image_rotator_design_i/axi_image_rotator_0/inst/wr_ptr_reg[4]/C (clocked by clk_fpga_0) and image_rotator_design_i/axi_image_rotator_0/inst/bram_bank2_reg_4032_4095_6_6/SP/WADR2 (clocked by clk_fpga_0). Large setup violations at the end of those stages might be difficult to fix during the post-placement implementation flow and could be the result of non-optimal XDC constraints or non-optimal design architecture
Related violations: <none>

TIMING-16#967 Warning
Large setup violation  
There is a large setup violation of -6.122 ns between image_rotator_design_i/axi_image_rotator_0/inst/wr_ptr_reg[4]/C (clocked by clk_fpga_0) and image_rotator_design_i/axi_image_rotator_0/inst/bram_bank2_reg_320_383_7_7/DP/WADR2 (clocked by clk_fpga_0). Large setup violations at the end of those stages might be difficult to fix during the post-placement implementation flow and could be the result of non-optimal XDC constraints or non-optimal design architecture
Related violations: <none>

TIMING-16#968 Warning
Large setup violation  
There is a large setup violation of -6.122 ns between image_rotator_design_i/axi_image_rotator_0/inst/wr_ptr_reg[4]/C (clocked by clk_fpga_0) and image_rotator_design_i/axi_image_rotator_0/inst/bram_bank2_reg_320_383_7_7/SP/WADR2 (clocked by clk_fpga_0). Large setup violations at the end of those stages might be difficult to fix during the post-placement implementation flow and could be the result of non-optimal XDC constraints or non-optimal design architecture
Related violations: <none>

TIMING-16#969 Warning
Large setup violation  
There is a large setup violation of -6.123 ns between image_rotator_design_i/axi_image_rotator_0/inst/wr_ptr_reg[4]/C (clocked by clk_fpga_0) and image_rotator_design_i/axi_image_rotator_0/inst/bram_bank2_reg_960_1023_0_2/RAMA/WADR2 (clocked by clk_fpga_0). Large setup violations at the end of those stages might be difficult to fix during the post-placement implementation flow and could be the result of non-optimal XDC constraints or non-optimal design architecture
Related violations: <none>

TIMING-16#970 Warning
Large setup violation  
There is a large setup violation of -6.123 ns between image_rotator_design_i/axi_image_rotator_0/inst/wr_ptr_reg[4]/C (clocked by clk_fpga_0) and image_rotator_design_i/axi_image_rotator_0/inst/bram_bank2_reg_960_1023_0_2/RAMB/WADR2 (clocked by clk_fpga_0). Large setup violations at the end of those stages might be difficult to fix during the post-placement implementation flow and could be the result of non-optimal XDC constraints or non-optimal design architecture
Related violations: <none>

TIMING-16#971 Warning
Large setup violation  
There is a large setup violation of -6.123 ns between image_rotator_design_i/axi_image_rotator_0/inst/wr_ptr_reg[4]/C (clocked by clk_fpga_0) and image_rotator_design_i/axi_image_rotator_0/inst/bram_bank2_reg_960_1023_0_2/RAMC/WADR2 (clocked by clk_fpga_0). Large setup violations at the end of those stages might be difficult to fix during the post-placement implementation flow and could be the result of non-optimal XDC constraints or non-optimal design architecture
Related violations: <none>

TIMING-16#972 Warning
Large setup violation  
There is a large setup violation of -6.123 ns between image_rotator_design_i/axi_image_rotator_0/inst/wr_ptr_reg[4]/C (clocked by clk_fpga_0) and image_rotator_design_i/axi_image_rotator_0/inst/bram_bank2_reg_960_1023_0_2/RAMD/WADR2 (clocked by clk_fpga_0). Large setup violations at the end of those stages might be difficult to fix during the post-placement implementation flow and could be the result of non-optimal XDC constraints or non-optimal design architecture
Related violations: <none>

TIMING-16#973 Warning
Large setup violation  
There is a large setup violation of -6.149 ns between image_rotator_design_i/axi_image_rotator_0/inst/wr_ptr_reg[4]/C (clocked by clk_fpga_0) and image_rotator_design_i/axi_image_rotator_0/inst/bram_bank1_reg_128_191_6_6/DP/WADR2 (clocked by clk_fpga_0). Large setup violations at the end of those stages might be difficult to fix during the post-placement implementation flow and could be the result of non-optimal XDC constraints or non-optimal design architecture
Related violations: <none>

TIMING-16#974 Warning
Large setup violation  
There is a large setup violation of -6.149 ns between image_rotator_design_i/axi_image_rotator_0/inst/wr_ptr_reg[4]/C (clocked by clk_fpga_0) and image_rotator_design_i/axi_image_rotator_0/inst/bram_bank1_reg_128_191_6_6/SP/WADR2 (clocked by clk_fpga_0). Large setup violations at the end of those stages might be difficult to fix during the post-placement implementation flow and could be the result of non-optimal XDC constraints or non-optimal design architecture
Related violations: <none>

TIMING-16#975 Warning
Large setup violation  
There is a large setup violation of -6.149 ns between image_rotator_design_i/axi_image_rotator_0/inst/wr_ptr_reg[4]/C (clocked by clk_fpga_0) and image_rotator_design_i/axi_image_rotator_0/inst/bram_bank1_reg_128_191_7_7/DP/WADR2 (clocked by clk_fpga_0). Large setup violations at the end of those stages might be difficult to fix during the post-placement implementation flow and could be the result of non-optimal XDC constraints or non-optimal design architecture
Related violations: <none>

TIMING-16#976 Warning
Large setup violation  
There is a large setup violation of -6.149 ns between image_rotator_design_i/axi_image_rotator_0/inst/wr_ptr_reg[4]/C (clocked by clk_fpga_0) and image_rotator_design_i/axi_image_rotator_0/inst/bram_bank1_reg_128_191_7_7/SP/WADR2 (clocked by clk_fpga_0). Large setup violations at the end of those stages might be difficult to fix during the post-placement implementation flow and could be the result of non-optimal XDC constraints or non-optimal design architecture
Related violations: <none>

TIMING-16#977 Warning
Large setup violation  
There is a large setup violation of -6.149 ns between image_rotator_design_i/axi_image_rotator_0/inst/wr_ptr_reg[4]/C (clocked by clk_fpga_0) and image_rotator_design_i/axi_image_rotator_0/inst/bram_bank2_reg_896_959_0_2/RAMA/WADR2 (clocked by clk_fpga_0). Large setup violations at the end of those stages might be difficult to fix during the post-placement implementation flow and could be the result of non-optimal XDC constraints or non-optimal design architecture
Related violations: <none>

TIMING-16#978 Warning
Large setup violation  
There is a large setup violation of -6.149 ns between image_rotator_design_i/axi_image_rotator_0/inst/wr_ptr_reg[4]/C (clocked by clk_fpga_0) and image_rotator_design_i/axi_image_rotator_0/inst/bram_bank2_reg_896_959_0_2/RAMB/WADR2 (clocked by clk_fpga_0). Large setup violations at the end of those stages might be difficult to fix during the post-placement implementation flow and could be the result of non-optimal XDC constraints or non-optimal design architecture
Related violations: <none>

TIMING-16#979 Warning
Large setup violation  
There is a large setup violation of -6.149 ns between image_rotator_design_i/axi_image_rotator_0/inst/wr_ptr_reg[4]/C (clocked by clk_fpga_0) and image_rotator_design_i/axi_image_rotator_0/inst/bram_bank2_reg_896_959_0_2/RAMC/WADR2 (clocked by clk_fpga_0). Large setup violations at the end of those stages might be difficult to fix during the post-placement implementation flow and could be the result of non-optimal XDC constraints or non-optimal design architecture
Related violations: <none>

TIMING-16#980 Warning
Large setup violation  
There is a large setup violation of -6.149 ns between image_rotator_design_i/axi_image_rotator_0/inst/wr_ptr_reg[4]/C (clocked by clk_fpga_0) and image_rotator_design_i/axi_image_rotator_0/inst/bram_bank2_reg_896_959_0_2/RAMD/WADR2 (clocked by clk_fpga_0). Large setup violations at the end of those stages might be difficult to fix during the post-placement implementation flow and could be the result of non-optimal XDC constraints or non-optimal design architecture
Related violations: <none>

TIMING-16#981 Warning
Large setup violation  
There is a large setup violation of -6.153 ns between image_rotator_design_i/axi_image_rotator_0/inst/wr_ptr_reg[4]/C (clocked by clk_fpga_0) and image_rotator_design_i/axi_image_rotator_0/inst/bram_bank2_reg_384_447_6_6/DP/WADR2 (clocked by clk_fpga_0). Large setup violations at the end of those stages might be difficult to fix during the post-placement implementation flow and could be the result of non-optimal XDC constraints or non-optimal design architecture
Related violations: <none>

TIMING-16#982 Warning
Large setup violation  
There is a large setup violation of -6.153 ns between image_rotator_design_i/axi_image_rotator_0/inst/wr_ptr_reg[4]/C (clocked by clk_fpga_0) and image_rotator_design_i/axi_image_rotator_0/inst/bram_bank2_reg_384_447_6_6/SP/WADR2 (clocked by clk_fpga_0). Large setup violations at the end of those stages might be difficult to fix during the post-placement implementation flow and could be the result of non-optimal XDC constraints or non-optimal design architecture
Related violations: <none>

TIMING-16#983 Warning
Large setup violation  
There is a large setup violation of -6.175 ns between image_rotator_design_i/axi_image_rotator_0/inst/wr_ptr_reg[4]/C (clocked by clk_fpga_0) and image_rotator_design_i/axi_image_rotator_0/inst/bram_bank1_reg_3904_3967_7_7/DP/WADR2 (clocked by clk_fpga_0). Large setup violations at the end of those stages might be difficult to fix during the post-placement implementation flow and could be the result of non-optimal XDC constraints or non-optimal design architecture
Related violations: <none>

TIMING-16#984 Warning
Large setup violation  
There is a large setup violation of -6.175 ns between image_rotator_design_i/axi_image_rotator_0/inst/wr_ptr_reg[4]/C (clocked by clk_fpga_0) and image_rotator_design_i/axi_image_rotator_0/inst/bram_bank1_reg_3904_3967_7_7/SP/WADR2 (clocked by clk_fpga_0). Large setup violations at the end of those stages might be difficult to fix during the post-placement implementation flow and could be the result of non-optimal XDC constraints or non-optimal design architecture
Related violations: <none>

TIMING-16#985 Warning
Large setup violation  
There is a large setup violation of -6.257 ns between image_rotator_design_i/axi_image_rotator_0/inst/wr_ptr_reg[4]/C (clocked by clk_fpga_0) and image_rotator_design_i/axi_image_rotator_0/inst/bram_bank1_reg_3136_3199_7_7/DP/WADR2 (clocked by clk_fpga_0). Large setup violations at the end of those stages might be difficult to fix during the post-placement implementation flow and could be the result of non-optimal XDC constraints or non-optimal design architecture
Related violations: <none>

TIMING-16#986 Warning
Large setup violation  
There is a large setup violation of -6.257 ns between image_rotator_design_i/axi_image_rotator_0/inst/wr_ptr_reg[4]/C (clocked by clk_fpga_0) and image_rotator_design_i/axi_image_rotator_0/inst/bram_bank1_reg_3136_3199_7_7/SP/WADR2 (clocked by clk_fpga_0). Large setup violations at the end of those stages might be difficult to fix during the post-placement implementation flow and could be the result of non-optimal XDC constraints or non-optimal design architecture
Related violations: <none>

TIMING-16#987 Warning
Large setup violation  
There is a large setup violation of -6.271 ns between image_rotator_design_i/axi_image_rotator_0/inst/wr_ptr_reg[4]/C (clocked by clk_fpga_0) and image_rotator_design_i/axi_image_rotator_0/inst/bram_bank2_reg_3584_3647_7_7/DP/WADR2 (clocked by clk_fpga_0). Large setup violations at the end of those stages might be difficult to fix during the post-placement implementation flow and could be the result of non-optimal XDC constraints or non-optimal design architecture
Related violations: <none>

TIMING-16#988 Warning
Large setup violation  
There is a large setup violation of -6.271 ns between image_rotator_design_i/axi_image_rotator_0/inst/wr_ptr_reg[4]/C (clocked by clk_fpga_0) and image_rotator_design_i/axi_image_rotator_0/inst/bram_bank2_reg_3584_3647_7_7/SP/WADR2 (clocked by clk_fpga_0). Large setup violations at the end of those stages might be difficult to fix during the post-placement implementation flow and could be the result of non-optimal XDC constraints or non-optimal design architecture
Related violations: <none>

TIMING-16#989 Warning
Large setup violation  
There is a large setup violation of -6.290 ns between image_rotator_design_i/axi_image_rotator_0/inst/wr_ptr_reg[4]/C (clocked by clk_fpga_0) and image_rotator_design_i/axi_image_rotator_0/inst/bram_bank1_reg_2752_2815_7_7/DP/WADR2 (clocked by clk_fpga_0). Large setup violations at the end of those stages might be difficult to fix during the post-placement implementation flow and could be the result of non-optimal XDC constraints or non-optimal design architecture
Related violations: <none>

TIMING-16#990 Warning
Large setup violation  
There is a large setup violation of -6.290 ns between image_rotator_design_i/axi_image_rotator_0/inst/wr_ptr_reg[4]/C (clocked by clk_fpga_0) and image_rotator_design_i/axi_image_rotator_0/inst/bram_bank1_reg_2752_2815_7_7/SP/WADR2 (clocked by clk_fpga_0). Large setup violations at the end of those stages might be difficult to fix during the post-placement implementation flow and could be the result of non-optimal XDC constraints or non-optimal design architecture
Related violations: <none>

TIMING-16#991 Warning
Large setup violation  
There is a large setup violation of -6.293 ns between image_rotator_design_i/axi_image_rotator_0/inst/wr_ptr_reg[4]/C (clocked by clk_fpga_0) and image_rotator_design_i/axi_image_rotator_0/inst/bram_bank2_reg_3392_3455_6_6/DP/WADR2 (clocked by clk_fpga_0). Large setup violations at the end of those stages might be difficult to fix during the post-placement implementation flow and could be the result of non-optimal XDC constraints or non-optimal design architecture
Related violations: <none>

TIMING-16#992 Warning
Large setup violation  
There is a large setup violation of -6.293 ns between image_rotator_design_i/axi_image_rotator_0/inst/wr_ptr_reg[4]/C (clocked by clk_fpga_0) and image_rotator_design_i/axi_image_rotator_0/inst/bram_bank2_reg_3392_3455_6_6/SP/WADR2 (clocked by clk_fpga_0). Large setup violations at the end of those stages might be difficult to fix during the post-placement implementation flow and could be the result of non-optimal XDC constraints or non-optimal design architecture
Related violations: <none>

TIMING-16#993 Warning
Large setup violation  
There is a large setup violation of -6.300 ns between image_rotator_design_i/axi_image_rotator_0/inst/wr_ptr_reg[4]/C (clocked by clk_fpga_0) and image_rotator_design_i/axi_image_rotator_0/inst/bram_bank2_reg_3072_3135_6_6/DP/WADR2 (clocked by clk_fpga_0). Large setup violations at the end of those stages might be difficult to fix during the post-placement implementation flow and could be the result of non-optimal XDC constraints or non-optimal design architecture
Related violations: <none>

TIMING-16#994 Warning
Large setup violation  
There is a large setup violation of -6.300 ns between image_rotator_design_i/axi_image_rotator_0/inst/wr_ptr_reg[4]/C (clocked by clk_fpga_0) and image_rotator_design_i/axi_image_rotator_0/inst/bram_bank2_reg_3072_3135_6_6/SP/WADR2 (clocked by clk_fpga_0). Large setup violations at the end of those stages might be difficult to fix during the post-placement implementation flow and could be the result of non-optimal XDC constraints or non-optimal design architecture
Related violations: <none>

TIMING-16#995 Warning
Large setup violation  
There is a large setup violation of -6.304 ns between image_rotator_design_i/axi_image_rotator_0/inst/wr_ptr_reg[4]/C (clocked by clk_fpga_0) and image_rotator_design_i/axi_image_rotator_0/inst/bram_bank2_reg_2944_3007_6_6/DP/WADR2 (clocked by clk_fpga_0). Large setup violations at the end of those stages might be difficult to fix during the post-placement implementation flow and could be the result of non-optimal XDC constraints or non-optimal design architecture
Related violations: <none>

TIMING-16#996 Warning
Large setup violation  
There is a large setup violation of -6.304 ns between image_rotator_design_i/axi_image_rotator_0/inst/wr_ptr_reg[4]/C (clocked by clk_fpga_0) and image_rotator_design_i/axi_image_rotator_0/inst/bram_bank2_reg_2944_3007_6_6/SP/WADR2 (clocked by clk_fpga_0). Large setup violations at the end of those stages might be difficult to fix during the post-placement implementation flow and could be the result of non-optimal XDC constraints or non-optimal design architecture
Related violations: <none>

TIMING-16#997 Warning
Large setup violation  
There is a large setup violation of -6.315 ns between image_rotator_design_i/axi_image_rotator_0/inst/wr_ptr_reg[4]/C (clocked by clk_fpga_0) and image_rotator_design_i/axi_image_rotator_0/inst/bram_bank2_reg_1792_1855_6_6/DP/WADR2 (clocked by clk_fpga_0). Large setup violations at the end of those stages might be difficult to fix during the post-placement implementation flow and could be the result of non-optimal XDC constraints or non-optimal design architecture
Related violations: <none>

TIMING-16#998 Warning
Large setup violation  
There is a large setup violation of -6.315 ns between image_rotator_design_i/axi_image_rotator_0/inst/wr_ptr_reg[4]/C (clocked by clk_fpga_0) and image_rotator_design_i/axi_image_rotator_0/inst/bram_bank2_reg_1792_1855_6_6/SP/WADR2 (clocked by clk_fpga_0). Large setup violations at the end of those stages might be difficult to fix during the post-placement implementation flow and could be the result of non-optimal XDC constraints or non-optimal design architecture
Related violations: <none>

TIMING-16#999 Warning
Large setup violation  
There is a large setup violation of -6.318 ns between image_rotator_design_i/axi_image_rotator_0/inst/wr_ptr_reg[4]/C (clocked by clk_fpga_0) and image_rotator_design_i/axi_image_rotator_0/inst/bram_bank1_reg_4032_4095_7_7/DP/WADR2 (clocked by clk_fpga_0). Large setup violations at the end of those stages might be difficult to fix during the post-placement implementation flow and could be the result of non-optimal XDC constraints or non-optimal design architecture
Related violations: <none>

TIMING-16#1000 Warning
Large setup violation  
There is a large setup violation of -6.318 ns between image_rotator_design_i/axi_image_rotator_0/inst/wr_ptr_reg[4]/C (clocked by clk_fpga_0) and image_rotator_design_i/axi_image_rotator_0/inst/bram_bank1_reg_4032_4095_7_7/SP/WADR2 (clocked by clk_fpga_0). Large setup violations at the end of those stages might be difficult to fix during the post-placement implementation flow and could be the result of non-optimal XDC constraints or non-optimal design architecture
Related violations: <none>


