Copyright 1986-2018 Xilinx, Inc. All Rights Reserved.
-----------------------------------------------------------------------------------------------------------------------------------------------------------------------------------------------------------------------------------------------------------
| Tool Version : Vivado v.2018.3 (win64) Build 2405991 Thu Dec  6 23:38:27 MST 2018
| Date         : Mon Jan  5 16:20:25 2026
| Host         : LAPTOP-DHS056N6 running 64-bit major release  (build 9200)
| Command      : report_timing_summary -max_paths 10 -file image_rotator_design_wrapper_timing_summary_routed.rpt -pb image_rotator_design_wrapper_timing_summary_routed.pb -rpx image_rotator_design_wrapper_timing_summary_routed.rpx -warn_on_violation
| Design       : image_rotator_design_wrapper
| Device       : 7z020-clg400
| Speed File   : -1  PRODUCTION 1.11 2014-09-11
-----------------------------------------------------------------------------------------------------------------------------------------------------------------------------------------------------------------------------------------------------------

Timing Summary Report

------------------------------------------------------------------------------------------------
| Timer Settings
| --------------
------------------------------------------------------------------------------------------------

  Enable Multi Corner Analysis               :  Yes
  Enable Pessimism Removal                   :  Yes
  Pessimism Removal Resolution               :  Nearest Common Node
  Enable Input Delay Default Clock           :  No
  Enable Preset / Clear Arcs                 :  No
  Disable Flight Delays                      :  No
  Ignore I/O Paths                           :  No
  Timing Early Launch at Borrowing Latches   :  false

  Corner  Analyze    Analyze    
  Name    Max Paths  Min Paths  
  ------  ---------  ---------  
  Slow    Yes        Yes        
  Fast    Yes        Yes        



check_timing report

Table of Contents
-----------------
1. checking no_clock
2. checking constant_clock
3. checking pulse_width_clock
4. checking unconstrained_internal_endpoints
5. checking no_input_delay
6. checking no_output_delay
7. checking multiple_clock
8. checking generated_clocks
9. checking loops
10. checking partial_input_delay
11. checking partial_output_delay
12. checking latch_loops

1. checking no_clock
--------------------
 There are 0 register/latch pins with no clock.


2. checking constant_clock
--------------------------
 There are 0 register/latch pins with constant_clock.


3. checking pulse_width_clock
-----------------------------
 There are 0 register/latch pins which need pulse_width check


4. checking unconstrained_internal_endpoints
--------------------------------------------
 There are 0 pins that are not constrained for maximum delay.

 There are 0 pins that are not constrained for maximum delay due to constant clock.


5. checking no_input_delay
--------------------------
 There are 0 input ports with no input delay specified.

 There are 0 input ports with no input delay but user has a false path constraint.


6. checking no_output_delay
---------------------------
 There are 0 ports with no output delay specified.

 There are 0 ports with no output delay but user has a false path constraint

 There are 0 ports with no output delay but with a timing clock defined on it or propagating through it


7. checking multiple_clock
--------------------------
 There are 0 register/latch pins with multiple clocks.


8. checking generated_clocks
----------------------------
 There are 0 generated clocks that are not connected to a clock source.


9. checking loops
-----------------
 There are 0 combinational loops in the design.


10. checking partial_input_delay
--------------------------------
 There are 0 input ports with partial input delay specified.


11. checking partial_output_delay
---------------------------------
 There are 0 ports with partial output delay specified.


12. checking latch_loops
------------------------
 There are 0 combinational latch loops in the design through latch input



------------------------------------------------------------------------------------------------
| Design Timing Summary
| ---------------------
------------------------------------------------------------------------------------------------

    WNS(ns)      TNS(ns)  TNS Failing Endpoints  TNS Total Endpoints      WHS(ns)      THS(ns)  THS Failing Endpoints  THS Total Endpoints     WPWS(ns)     TPWS(ns)  TPWS Failing Endpoints  TPWS Total Endpoints  
    -------      -------  ---------------------  -------------------      -------      -------  ---------------------  -------------------     --------     --------  ----------------------  --------------------  
     -7.318    -4280.076                   2553                44502        0.018        0.000                      0                44502        3.750        0.000                       0                 10074  


Timing constraints are not met.


------------------------------------------------------------------------------------------------
| Clock Summary
| -------------
------------------------------------------------------------------------------------------------

Clock       Waveform(ns)       Period(ns)      Frequency(MHz)
-----       ------------       ----------      --------------
clk_fpga_0  {0.000 5.000}      10.000          100.000         


------------------------------------------------------------------------------------------------
| Intra Clock Table
| -----------------
------------------------------------------------------------------------------------------------

Clock             WNS(ns)      TNS(ns)  TNS Failing Endpoints  TNS Total Endpoints      WHS(ns)      THS(ns)  THS Failing Endpoints  THS Total Endpoints     WPWS(ns)     TPWS(ns)  TPWS Failing Endpoints  TPWS Total Endpoints  
-----             -------      -------  ---------------------  -------------------      -------      -------  ---------------------  -------------------     --------     --------  ----------------------  --------------------  
clk_fpga_0         -7.318    -4280.076                   2553                44397        0.018        0.000                      0                44397        3.750        0.000                       0                 10074  


------------------------------------------------------------------------------------------------
| Inter Clock Table
| -----------------
------------------------------------------------------------------------------------------------

From Clock    To Clock          WNS(ns)      TNS(ns)  TNS Failing Endpoints  TNS Total Endpoints      WHS(ns)      THS(ns)  THS Failing Endpoints  THS Total Endpoints  
----------    --------          -------      -------  ---------------------  -------------------      -------      -------  ---------------------  -------------------  


------------------------------------------------------------------------------------------------
| Other Path Groups Table
| -----------------------
------------------------------------------------------------------------------------------------

Path Group         From Clock         To Clock               WNS(ns)      TNS(ns)  TNS Failing Endpoints  TNS Total Endpoints      WHS(ns)      THS(ns)  THS Failing Endpoints  THS Total Endpoints  
----------         ----------         --------               -------      -------  ---------------------  -------------------      -------      -------  ---------------------  -------------------  
**async_default**  clk_fpga_0         clk_fpga_0               1.875        0.000                      0                  105        1.501        0.000                      0                  105  


------------------------------------------------------------------------------------------------
| Timing Details
| --------------
------------------------------------------------------------------------------------------------


---------------------------------------------------------------------------------------------------
From Clock:  clk_fpga_0
  To Clock:  clk_fpga_0

Setup :         2553  Failing Endpoints,  Worst Slack       -7.318ns,  Total Violation    -4280.076ns
Hold  :            0  Failing Endpoints,  Worst Slack        0.018ns,  Total Violation        0.000ns
PW    :            0  Failing Endpoints,  Worst Slack        3.750ns,  Total Violation        0.000ns
---------------------------------------------------------------------------------------------------


Max Delay Paths
--------------------------------------------------------------------------------------
Slack (VIOLATED) :        -7.318ns  (required time - arrival time)
  Source:                 image_rotator_design_i/axi_gpio_0/U0/gpio_core_1/Dual.gpio_Data_Out_reg[10]/C
                            (rising edge-triggered cell FDRE clocked by clk_fpga_0  {rise@0.000ns fall@5.000ns period=10.000ns})
  Destination:            image_rotator_design_i/axi_image_rotator_0/inst/m_axis_tdata_reg[0]/D
                            (rising edge-triggered cell FDCE clocked by clk_fpga_0  {rise@0.000ns fall@5.000ns period=10.000ns})
  Path Group:             clk_fpga_0
  Path Type:              Setup (Max at Slow Process Corner)
  Requirement:            10.000ns  (clk_fpga_0 rise@10.000ns - clk_fpga_0 rise@0.000ns)
  Data Path Delay:        17.212ns  (logic 7.798ns (45.306%)  route 9.414ns (54.694%))
  Logic Levels:           15  (CARRY4=5 DSP48E1=1 LUT2=1 LUT5=1 LUT6=4 MUXF7=1 MUXF8=1 RAMD64E=1)
  Clock Path Skew:        0.017ns (DCD - SCD + CPR)
    Destination Clock Delay (DCD):    2.745ns = ( 12.745 - 10.000 ) 
    Source Clock Delay      (SCD):    2.958ns
    Clock Pessimism Removal (CPR):    0.230ns
  Clock Uncertainty:      0.154ns  ((TSJ^2 + TIJ^2)^1/2 + DJ) / 2 + PE
    Total System Jitter     (TSJ):    0.071ns
    Total Input Jitter      (TIJ):    0.300ns
    Discrete Jitter          (DJ):    0.000ns
    Phase Error              (PE):    0.000ns

    Location             Delay type                Incr(ns)  Path(ns)    Netlist Resource(s)
  -------------------------------------------------------------------    -------------------
                         (clock clk_fpga_0 rise edge)
                                                      0.000     0.000 r  
    PS7_X0Y0             PS7                          0.000     0.000 r  image_rotator_design_i/processing_system7_0/inst/PS7_i/FCLKCLK[0]
                         net (fo=1, routed)           1.193     1.193    image_rotator_design_i/processing_system7_0/inst/FCLK_CLK_unbuffered[0]
    BUFGCTRL_X0Y16       BUFG (Prop_bufg_I_O)         0.101     1.294 r  image_rotator_design_i/processing_system7_0/inst/buffer_fclk_clk_0.FCLK_CLK_0_BUFG/O
                         net (fo=10075, routed)       1.664     2.958    image_rotator_design_i/axi_gpio_0/U0/gpio_core_1/s_axi_aclk
    SLICE_X37Y13         FDRE                                         r  image_rotator_design_i/axi_gpio_0/U0/gpio_core_1/Dual.gpio_Data_Out_reg[10]/C
  -------------------------------------------------------------------    -------------------
    SLICE_X37Y13         FDRE (Prop_fdre_C_Q)         0.456     3.414 r  image_rotator_design_i/axi_gpio_0/U0/gpio_core_1/Dual.gpio_Data_Out_reg[10]/Q
                         net (fo=8, routed)           0.661     4.075    image_rotator_design_i/axi_image_rotator_0/inst/img_height[5]
    SLICE_X40Y13         LUT2 (Prop_lut2_I0_O)        0.124     4.199 r  image_rotator_design_i/axi_image_rotator_0/inst/calc_addr2_carry__0_i_3/O
                         net (fo=1, routed)           0.000     4.199    image_rotator_design_i/axi_image_rotator_0/inst/calc_addr2_carry__0_i_3_n_0
    SLICE_X40Y13         CARRY4 (Prop_carry4_S[1]_CO[3])
                                                      0.550     4.749 r  image_rotator_design_i/axi_image_rotator_0/inst/calc_addr2_carry__0/CO[3]
                         net (fo=1, routed)           0.000     4.749    image_rotator_design_i/axi_image_rotator_0/inst/calc_addr2_carry__0_n_0
    SLICE_X40Y14         CARRY4 (Prop_carry4_CI_CO[3])
                                                      0.114     4.863 r  image_rotator_design_i/axi_image_rotator_0/inst/calc_addr2_carry__1/CO[3]
                         net (fo=1, routed)           0.000     4.863    image_rotator_design_i/axi_image_rotator_0/inst/calc_addr2_carry__1_n_0
    SLICE_X40Y15         CARRY4 (Prop_carry4_CI_O[1])
                                                      0.334     5.197 r  image_rotator_design_i/axi_image_rotator_0/inst/calc_addr2_carry__2/O[1]
                         net (fo=1, routed)           0.568     5.764    image_rotator_design_i/axi_image_rotator_0/inst/calc_addr20_out[13]
    SLICE_X37Y15         LUT6 (Prop_lut6_I2_O)        0.303     6.067 r  image_rotator_design_i/axi_image_rotator_0/inst/_i_1/O
                         net (fo=1, routed)           0.545     6.613    image_rotator_design_i/axi_image_rotator_0/p_0_in[13]
    DSP48_X2Y5           DSP48E1 (Prop_dsp48e1_B[13]_P[0])
                                                      3.656    10.269 r  image_rotator_design_i/axi_image_rotator_0/inst//P[0]
                         net (fo=2, routed)           1.295    11.564    image_rotator_design_i/axi_image_rotator_0/inst/P[0]
    SLICE_X31Y24         LUT5 (Prop_lut5_I4_O)        0.118    11.682 r  image_rotator_design_i/axi_image_rotator_0/inst/i___40_carry_i_3/O
                         net (fo=2, routed)           0.667    12.350    image_rotator_design_i/axi_image_rotator_0/inst/i___40_carry_i_3_n_0
    SLICE_X31Y24         CARRY4 (Prop_carry4_DI[1]_CO[3])
                                                      0.709    13.059 r  image_rotator_design_i/axi_image_rotator_0/inst/_inferred__10/i___40_carry/CO[3]
                         net (fo=1, routed)           0.009    13.068    image_rotator_design_i/axi_image_rotator_0/inst/_inferred__10/i___40_carry_n_0
    SLICE_X31Y25         CARRY4 (Prop_carry4_CI_O[0])
                                                      0.222    13.290 r  image_rotator_design_i/axi_image_rotator_0/inst/_inferred__10/i___40_carry__0/O[0]
                         net (fo=2048, routed)        2.486    15.776    image_rotator_design_i/axi_image_rotator_0/inst/bram_bank2_reg_2368_2431_0_2/ADDRA2
    SLICE_X2Y22          RAMD64E (Prop_ramd64e_RADR2_O)
                                                      0.299    16.075 r  image_rotator_design_i/axi_image_rotator_0/inst/bram_bank2_reg_2368_2431_0_2/RAMA/O
                         net (fo=1, routed)           1.093    17.168    image_rotator_design_i/axi_image_rotator_0/inst/bram_bank2_reg_2368_2431_0_2_n_0
    SLICE_X11Y25         LUT6 (Prop_lut6_I3_O)        0.124    17.292 r  image_rotator_design_i/axi_image_rotator_0/inst/m_axis_tdata[0]_i_107/O
                         net (fo=1, routed)           0.000    17.292    image_rotator_design_i/axi_image_rotator_0/inst/m_axis_tdata[0]_i_107_n_0
    SLICE_X11Y25         MUXF7 (Prop_muxf7_I1_O)      0.245    17.537 r  image_rotator_design_i/axi_image_rotator_0/inst/m_axis_tdata_reg[0]_i_48/O
                         net (fo=1, routed)           0.000    17.537    image_rotator_design_i/axi_image_rotator_0/inst/m_axis_tdata_reg[0]_i_48_n_0
    SLICE_X11Y25         MUXF8 (Prop_muxf8_I0_O)      0.104    17.641 r  image_rotator_design_i/axi_image_rotator_0/inst/m_axis_tdata_reg[0]_i_19/O
                         net (fo=1, routed)           1.254    18.895    image_rotator_design_i/axi_image_rotator_0/inst/m_axis_tdata_reg[0]_i_19_n_0
    SLICE_X27Y26         LUT6 (Prop_lut6_I1_O)        0.316    19.211 r  image_rotator_design_i/axi_image_rotator_0/inst/m_axis_tdata[0]_i_5/O
                         net (fo=1, routed)           0.835    20.046    image_rotator_design_i/axi_image_rotator_0/inst/m_axis_tdata[0]_i_5_n_0
    SLICE_X27Y34         LUT6 (Prop_lut6_I5_O)        0.124    20.170 r  image_rotator_design_i/axi_image_rotator_0/inst/m_axis_tdata[0]_i_1/O
                         net (fo=1, routed)           0.000    20.170    image_rotator_design_i/axi_image_rotator_0/inst/read_data_reg[0]
    SLICE_X27Y34         FDCE                                         r  image_rotator_design_i/axi_image_rotator_0/inst/m_axis_tdata_reg[0]/D
  -------------------------------------------------------------------    -------------------

                         (clock clk_fpga_0 rise edge)
                                                     10.000    10.000 r  
    PS7_X0Y0             PS7                          0.000    10.000 r  image_rotator_design_i/processing_system7_0/inst/PS7_i/FCLKCLK[0]
                         net (fo=1, routed)           1.088    11.088    image_rotator_design_i/processing_system7_0/inst/FCLK_CLK_unbuffered[0]
    BUFGCTRL_X0Y16       BUFG (Prop_bufg_I_O)         0.091    11.179 r  image_rotator_design_i/processing_system7_0/inst/buffer_fclk_clk_0.FCLK_CLK_0_BUFG/O
                         net (fo=10075, routed)       1.566    12.745    image_rotator_design_i/axi_image_rotator_0/inst/aclk
    SLICE_X27Y34         FDCE                                         r  image_rotator_design_i/axi_image_rotator_0/inst/m_axis_tdata_reg[0]/C
                         clock pessimism              0.230    12.975    
                         clock uncertainty           -0.154    12.821    
    SLICE_X27Y34         FDCE (Setup_fdce_C_D)        0.031    12.852    image_rotator_design_i/axi_image_rotator_0/inst/m_axis_tdata_reg[0]
  -------------------------------------------------------------------
                         required time                         12.852    
                         arrival time                         -20.170    
  -------------------------------------------------------------------
                         slack                                 -7.318    

Slack (VIOLATED) :        -7.287ns  (required time - arrival time)
  Source:                 image_rotator_design_i/axi_gpio_0/U0/gpio_core_1/Dual.gpio_Data_Out_reg[10]/C
                            (rising edge-triggered cell FDRE clocked by clk_fpga_0  {rise@0.000ns fall@5.000ns period=10.000ns})
  Destination:            image_rotator_design_i/axi_image_rotator_0/inst/m_axis_tdata_reg[6]/D
                            (rising edge-triggered cell FDCE clocked by clk_fpga_0  {rise@0.000ns fall@5.000ns period=10.000ns})
  Path Group:             clk_fpga_0
  Path Type:              Setup (Max at Slow Process Corner)
  Requirement:            10.000ns  (clk_fpga_0 rise@10.000ns - clk_fpga_0 rise@0.000ns)
  Data Path Delay:        17.181ns  (logic 7.798ns (45.388%)  route 9.383ns (54.612%))
  Logic Levels:           15  (CARRY4=5 DSP48E1=1 LUT2=1 LUT5=1 LUT6=4 MUXF7=1 MUXF8=1 RAMD64E=1)
  Clock Path Skew:        0.016ns (DCD - SCD + CPR)
    Destination Clock Delay (DCD):    2.744ns = ( 12.745 - 10.000 ) 
    Source Clock Delay      (SCD):    2.958ns
    Clock Pessimism Removal (CPR):    0.230ns
  Clock Uncertainty:      0.154ns  ((TSJ^2 + TIJ^2)^1/2 + DJ) / 2 + PE
    Total System Jitter     (TSJ):    0.071ns
    Total Input Jitter      (TIJ):    0.300ns
    Discrete Jitter          (DJ):    0.000ns
    Phase Error              (PE):    0.000ns

    Location             Delay type                Incr(ns)  Path(ns)    Netlist Resource(s)
  -------------------------------------------------------------------    -------------------
                         (clock clk_fpga_0 rise edge)
                                                      0.000     0.000 r  
    PS7_X0Y0             PS7                          0.000     0.000 r  image_rotator_design_i/processing_system7_0/inst/PS7_i/FCLKCLK[0]
                         net (fo=1, routed)           1.193     1.193    image_rotator_design_i/processing_system7_0/inst/FCLK_CLK_unbuffered[0]
    BUFGCTRL_X0Y16       BUFG (Prop_bufg_I_O)         0.101     1.294 r  image_rotator_design_i/processing_system7_0/inst/buffer_fclk_clk_0.FCLK_CLK_0_BUFG/O
                         net (fo=10075, routed)       1.664     2.958    image_rotator_design_i/axi_gpio_0/U0/gpio_core_1/s_axi_aclk
    SLICE_X37Y13         FDRE                                         r  image_rotator_design_i/axi_gpio_0/U0/gpio_core_1/Dual.gpio_Data_Out_reg[10]/C
  -------------------------------------------------------------------    -------------------
    SLICE_X37Y13         FDRE (Prop_fdre_C_Q)         0.456     3.414 r  image_rotator_design_i/axi_gpio_0/U0/gpio_core_1/Dual.gpio_Data_Out_reg[10]/Q
                         net (fo=8, routed)           0.661     4.075    image_rotator_design_i/axi_image_rotator_0/inst/img_height[5]
    SLICE_X40Y13         LUT2 (Prop_lut2_I0_O)        0.124     4.199 r  image_rotator_design_i/axi_image_rotator_0/inst/calc_addr2_carry__0_i_3/O
                         net (fo=1, routed)           0.000     4.199    image_rotator_design_i/axi_image_rotator_0/inst/calc_addr2_carry__0_i_3_n_0
    SLICE_X40Y13         CARRY4 (Prop_carry4_S[1]_CO[3])
                                                      0.550     4.749 r  image_rotator_design_i/axi_image_rotator_0/inst/calc_addr2_carry__0/CO[3]
                         net (fo=1, routed)           0.000     4.749    image_rotator_design_i/axi_image_rotator_0/inst/calc_addr2_carry__0_n_0
    SLICE_X40Y14         CARRY4 (Prop_carry4_CI_CO[3])
                                                      0.114     4.863 r  image_rotator_design_i/axi_image_rotator_0/inst/calc_addr2_carry__1/CO[3]
                         net (fo=1, routed)           0.000     4.863    image_rotator_design_i/axi_image_rotator_0/inst/calc_addr2_carry__1_n_0
    SLICE_X40Y15         CARRY4 (Prop_carry4_CI_O[1])
                                                      0.334     5.197 r  image_rotator_design_i/axi_image_rotator_0/inst/calc_addr2_carry__2/O[1]
                         net (fo=1, routed)           0.568     5.764    image_rotator_design_i/axi_image_rotator_0/inst/calc_addr20_out[13]
    SLICE_X37Y15         LUT6 (Prop_lut6_I2_O)        0.303     6.067 r  image_rotator_design_i/axi_image_rotator_0/inst/_i_1/O
                         net (fo=1, routed)           0.545     6.613    image_rotator_design_i/axi_image_rotator_0/p_0_in[13]
    DSP48_X2Y5           DSP48E1 (Prop_dsp48e1_B[13]_P[0])
                                                      3.656    10.269 r  image_rotator_design_i/axi_image_rotator_0/inst//P[0]
                         net (fo=2, routed)           1.295    11.564    image_rotator_design_i/axi_image_rotator_0/inst/P[0]
    SLICE_X31Y24         LUT5 (Prop_lut5_I4_O)        0.118    11.682 r  image_rotator_design_i/axi_image_rotator_0/inst/i___40_carry_i_3/O
                         net (fo=2, routed)           0.667    12.350    image_rotator_design_i/axi_image_rotator_0/inst/i___40_carry_i_3_n_0
    SLICE_X31Y24         CARRY4 (Prop_carry4_DI[1]_CO[3])
                                                      0.709    13.059 r  image_rotator_design_i/axi_image_rotator_0/inst/_inferred__10/i___40_carry/CO[3]
                         net (fo=1, routed)           0.009    13.068    image_rotator_design_i/axi_image_rotator_0/inst/_inferred__10/i___40_carry_n_0
    SLICE_X31Y25         CARRY4 (Prop_carry4_CI_O[0])
                                                      0.222    13.290 r  image_rotator_design_i/axi_image_rotator_0/inst/_inferred__10/i___40_carry__0/O[0]
                         net (fo=2048, routed)        2.368    15.657    image_rotator_design_i/axi_image_rotator_0/inst/bram_bank2_reg_320_383_6_6/DPRA2
    SLICE_X10Y42         RAMD64E (Prop_ramd64e_RADR2_O)
                                                      0.299    15.956 r  image_rotator_design_i/axi_image_rotator_0/inst/bram_bank2_reg_320_383_6_6/DP/O
                         net (fo=1, routed)           1.662    17.618    image_rotator_design_i/axi_image_rotator_0/inst/bram_bank2_reg_320_383_6_6_n_0
    SLICE_X25Y27         LUT6 (Prop_lut6_I3_O)        0.124    17.742 r  image_rotator_design_i/axi_image_rotator_0/inst/m_axis_tdata[6]_i_115/O
                         net (fo=1, routed)           0.000    17.742    image_rotator_design_i/axi_image_rotator_0/inst/m_axis_tdata[6]_i_115_n_0
    SLICE_X25Y27         MUXF7 (Prop_muxf7_I1_O)      0.245    17.987 r  image_rotator_design_i/axi_image_rotator_0/inst/m_axis_tdata_reg[6]_i_52/O
                         net (fo=1, routed)           0.000    17.987    image_rotator_design_i/axi_image_rotator_0/inst/m_axis_tdata_reg[6]_i_52_n_0
    SLICE_X25Y27         MUXF8 (Prop_muxf8_I0_O)      0.104    18.091 r  image_rotator_design_i/axi_image_rotator_0/inst/m_axis_tdata_reg[6]_i_21/O
                         net (fo=1, routed)           1.156    19.247    image_rotator_design_i/axi_image_rotator_0/inst/m_axis_tdata_reg[6]_i_21_n_0
    SLICE_X27Y15         LUT6 (Prop_lut6_I5_O)        0.316    19.563 r  image_rotator_design_i/axi_image_rotator_0/inst/m_axis_tdata[6]_i_5/O
                         net (fo=1, routed)           0.452    20.015    image_rotator_design_i/axi_image_rotator_0/inst/m_axis_tdata[6]_i_5_n_0
    SLICE_X28Y15         LUT6 (Prop_lut6_I5_O)        0.124    20.139 r  image_rotator_design_i/axi_image_rotator_0/inst/m_axis_tdata[6]_i_1/O
                         net (fo=1, routed)           0.000    20.139    image_rotator_design_i/axi_image_rotator_0/inst/read_data_reg[6]
    SLICE_X28Y15         FDCE                                         r  image_rotator_design_i/axi_image_rotator_0/inst/m_axis_tdata_reg[6]/D
  -------------------------------------------------------------------    -------------------

                         (clock clk_fpga_0 rise edge)
                                                     10.000    10.000 r  
    PS7_X0Y0             PS7                          0.000    10.000 r  image_rotator_design_i/processing_system7_0/inst/PS7_i/FCLKCLK[0]
                         net (fo=1, routed)           1.088    11.088    image_rotator_design_i/processing_system7_0/inst/FCLK_CLK_unbuffered[0]
    BUFGCTRL_X0Y16       BUFG (Prop_bufg_I_O)         0.091    11.179 r  image_rotator_design_i/processing_system7_0/inst/buffer_fclk_clk_0.FCLK_CLK_0_BUFG/O
                         net (fo=10075, routed)       1.565    12.745    image_rotator_design_i/axi_image_rotator_0/inst/aclk
    SLICE_X28Y15         FDCE                                         r  image_rotator_design_i/axi_image_rotator_0/inst/m_axis_tdata_reg[6]/C
                         clock pessimism              0.230    12.974    
                         clock uncertainty           -0.154    12.820    
    SLICE_X28Y15         FDCE (Setup_fdce_C_D)        0.032    12.852    image_rotator_design_i/axi_image_rotator_0/inst/m_axis_tdata_reg[6]
  -------------------------------------------------------------------
                         required time                         12.852    
                         arrival time                         -20.139    
  -------------------------------------------------------------------
                         slack                                 -7.287    

Slack (VIOLATED) :        -7.285ns  (required time - arrival time)
  Source:                 image_rotator_design_i/axi_gpio_0/U0/gpio_core_1/Dual.gpio_Data_Out_reg[10]/C
                            (rising edge-triggered cell FDRE clocked by clk_fpga_0  {rise@0.000ns fall@5.000ns period=10.000ns})
  Destination:            image_rotator_design_i/axi_image_rotator_0/inst/m_axis_tdata_reg[3]/D
                            (rising edge-triggered cell FDCE clocked by clk_fpga_0  {rise@0.000ns fall@5.000ns period=10.000ns})
  Path Group:             clk_fpga_0
  Path Type:              Setup (Max at Slow Process Corner)
  Requirement:            10.000ns  (clk_fpga_0 rise@10.000ns - clk_fpga_0 rise@0.000ns)
  Data Path Delay:        17.179ns  (logic 7.876ns (45.846%)  route 9.303ns (54.154%))
  Logic Levels:           15  (CARRY4=5 DSP48E1=1 LUT2=1 LUT5=1 LUT6=4 MUXF7=1 MUXF8=1 RAMD64E=1)
  Clock Path Skew:        0.017ns (DCD - SCD + CPR)
    Destination Clock Delay (DCD):    2.745ns = ( 12.745 - 10.000 ) 
    Source Clock Delay      (SCD):    2.958ns
    Clock Pessimism Removal (CPR):    0.230ns
  Clock Uncertainty:      0.154ns  ((TSJ^2 + TIJ^2)^1/2 + DJ) / 2 + PE
    Total System Jitter     (TSJ):    0.071ns
    Total Input Jitter      (TIJ):    0.300ns
    Discrete Jitter          (DJ):    0.000ns
    Phase Error              (PE):    0.000ns

    Location             Delay type                Incr(ns)  Path(ns)    Netlist Resource(s)
  -------------------------------------------------------------------    -------------------
                         (clock clk_fpga_0 rise edge)
                                                      0.000     0.000 r  
    PS7_X0Y0             PS7                          0.000     0.000 r  image_rotator_design_i/processing_system7_0/inst/PS7_i/FCLKCLK[0]
                         net (fo=1, routed)           1.193     1.193    image_rotator_design_i/processing_system7_0/inst/FCLK_CLK_unbuffered[0]
    BUFGCTRL_X0Y16       BUFG (Prop_bufg_I_O)         0.101     1.294 r  image_rotator_design_i/processing_system7_0/inst/buffer_fclk_clk_0.FCLK_CLK_0_BUFG/O
                         net (fo=10075, routed)       1.664     2.958    image_rotator_design_i/axi_gpio_0/U0/gpio_core_1/s_axi_aclk
    SLICE_X37Y13         FDRE                                         r  image_rotator_design_i/axi_gpio_0/U0/gpio_core_1/Dual.gpio_Data_Out_reg[10]/C
  -------------------------------------------------------------------    -------------------
    SLICE_X37Y13         FDRE (Prop_fdre_C_Q)         0.456     3.414 r  image_rotator_design_i/axi_gpio_0/U0/gpio_core_1/Dual.gpio_Data_Out_reg[10]/Q
                         net (fo=8, routed)           0.661     4.075    image_rotator_design_i/axi_image_rotator_0/inst/img_height[5]
    SLICE_X40Y13         LUT2 (Prop_lut2_I0_O)        0.124     4.199 r  image_rotator_design_i/axi_image_rotator_0/inst/calc_addr2_carry__0_i_3/O
                         net (fo=1, routed)           0.000     4.199    image_rotator_design_i/axi_image_rotator_0/inst/calc_addr2_carry__0_i_3_n_0
    SLICE_X40Y13         CARRY4 (Prop_carry4_S[1]_CO[3])
                                                      0.550     4.749 r  image_rotator_design_i/axi_image_rotator_0/inst/calc_addr2_carry__0/CO[3]
                         net (fo=1, routed)           0.000     4.749    image_rotator_design_i/axi_image_rotator_0/inst/calc_addr2_carry__0_n_0
    SLICE_X40Y14         CARRY4 (Prop_carry4_CI_CO[3])
                                                      0.114     4.863 r  image_rotator_design_i/axi_image_rotator_0/inst/calc_addr2_carry__1/CO[3]
                         net (fo=1, routed)           0.000     4.863    image_rotator_design_i/axi_image_rotator_0/inst/calc_addr2_carry__1_n_0
    SLICE_X40Y15         CARRY4 (Prop_carry4_CI_O[1])
                                                      0.334     5.197 r  image_rotator_design_i/axi_image_rotator_0/inst/calc_addr2_carry__2/O[1]
                         net (fo=1, routed)           0.568     5.764    image_rotator_design_i/axi_image_rotator_0/inst/calc_addr20_out[13]
    SLICE_X37Y15         LUT6 (Prop_lut6_I2_O)        0.303     6.067 r  image_rotator_design_i/axi_image_rotator_0/inst/_i_1/O
                         net (fo=1, routed)           0.545     6.613    image_rotator_design_i/axi_image_rotator_0/p_0_in[13]
    DSP48_X2Y5           DSP48E1 (Prop_dsp48e1_B[13]_P[0])
                                                      3.656    10.269 r  image_rotator_design_i/axi_image_rotator_0/inst//P[0]
                         net (fo=2, routed)           1.295    11.564    image_rotator_design_i/axi_image_rotator_0/inst/P[0]
    SLICE_X31Y24         LUT5 (Prop_lut5_I4_O)        0.118    11.682 r  image_rotator_design_i/axi_image_rotator_0/inst/i___40_carry_i_3/O
                         net (fo=2, routed)           0.667    12.350    image_rotator_design_i/axi_image_rotator_0/inst/i___40_carry_i_3_n_0
    SLICE_X31Y24         CARRY4 (Prop_carry4_DI[1]_CO[3])
                                                      0.709    13.059 r  image_rotator_design_i/axi_image_rotator_0/inst/_inferred__10/i___40_carry/CO[3]
                         net (fo=1, routed)           0.009    13.068    image_rotator_design_i/axi_image_rotator_0/inst/_inferred__10/i___40_carry_n_0
    SLICE_X31Y25         CARRY4 (Prop_carry4_CI_O[1])
                                                      0.334    13.402 r  image_rotator_design_i/axi_image_rotator_0/inst/_inferred__10/i___40_carry__0/O[1]
                         net (fo=2048, routed)        2.356    15.757    image_rotator_design_i/axi_image_rotator_0/inst/bram_bank0_reg_2880_2943_3_5/ADDRA3
    SLICE_X58Y22         RAMD64E (Prop_ramd64e_RADR3_O)
                                                      0.303    16.060 r  image_rotator_design_i/axi_image_rotator_0/inst/bram_bank0_reg_2880_2943_3_5/RAMA/O
                         net (fo=1, routed)           1.036    17.096    image_rotator_design_i/axi_image_rotator_0/inst/bram_bank0_reg_2880_2943_3_5_n_0
    SLICE_X51Y25         LUT6 (Prop_lut6_I3_O)        0.124    17.220 r  image_rotator_design_i/axi_image_rotator_0/inst/m_axis_tdata[3]_i_77/O
                         net (fo=1, routed)           0.000    17.220    image_rotator_design_i/axi_image_rotator_0/inst/m_axis_tdata[3]_i_77_n_0
    SLICE_X51Y25         MUXF7 (Prop_muxf7_I1_O)      0.217    17.437 r  image_rotator_design_i/axi_image_rotator_0/inst/m_axis_tdata_reg[3]_i_33/O
                         net (fo=1, routed)           0.000    17.437    image_rotator_design_i/axi_image_rotator_0/inst/m_axis_tdata_reg[3]_i_33_n_0
    SLICE_X51Y25         MUXF8 (Prop_muxf8_I1_O)      0.094    17.531 r  image_rotator_design_i/axi_image_rotator_0/inst/m_axis_tdata_reg[3]_i_11/O
                         net (fo=1, routed)           1.546    19.077    image_rotator_design_i/axi_image_rotator_0/inst/m_axis_tdata_reg[3]_i_11_n_0
    SLICE_X29Y35         LUT6 (Prop_lut6_I1_O)        0.316    19.393 r  image_rotator_design_i/axi_image_rotator_0/inst/m_axis_tdata[3]_i_3/O
                         net (fo=1, routed)           0.620    20.013    image_rotator_design_i/axi_image_rotator_0/inst/read_data_reg0[3]
    SLICE_X29Y36         LUT6 (Prop_lut6_I1_O)        0.124    20.137 r  image_rotator_design_i/axi_image_rotator_0/inst/m_axis_tdata[3]_i_1/O
                         net (fo=1, routed)           0.000    20.137    image_rotator_design_i/axi_image_rotator_0/inst/read_data_reg[3]
    SLICE_X29Y36         FDCE                                         r  image_rotator_design_i/axi_image_rotator_0/inst/m_axis_tdata_reg[3]/D
  -------------------------------------------------------------------    -------------------

                         (clock clk_fpga_0 rise edge)
                                                     10.000    10.000 r  
    PS7_X0Y0             PS7                          0.000    10.000 r  image_rotator_design_i/processing_system7_0/inst/PS7_i/FCLKCLK[0]
                         net (fo=1, routed)           1.088    11.088    image_rotator_design_i/processing_system7_0/inst/FCLK_CLK_unbuffered[0]
    BUFGCTRL_X0Y16       BUFG (Prop_bufg_I_O)         0.091    11.179 r  image_rotator_design_i/processing_system7_0/inst/buffer_fclk_clk_0.FCLK_CLK_0_BUFG/O
                         net (fo=10075, routed)       1.566    12.745    image_rotator_design_i/axi_image_rotator_0/inst/aclk
    SLICE_X29Y36         FDCE                                         r  image_rotator_design_i/axi_image_rotator_0/inst/m_axis_tdata_reg[3]/C
                         clock pessimism              0.230    12.975    
                         clock uncertainty           -0.154    12.821    
    SLICE_X29Y36         FDCE (Setup_fdce_C_D)        0.031    12.852    image_rotator_design_i/axi_image_rotator_0/inst/m_axis_tdata_reg[3]
  -------------------------------------------------------------------
                         required time                         12.852    
                         arrival time                         -20.137    
  -------------------------------------------------------------------
                         slack                                 -7.285    

Slack (VIOLATED) :        -7.285ns  (required time - arrival time)
  Source:                 image_rotator_design_i/axi_gpio_0/U0/gpio_core_1/Dual.gpio_Data_Out_reg[10]/C
                            (rising edge-triggered cell FDRE clocked by clk_fpga_0  {rise@0.000ns fall@5.000ns period=10.000ns})
  Destination:            image_rotator_design_i/axi_image_rotator_0/inst/m_axis_tdata_reg[7]/D
                            (rising edge-triggered cell FDCE clocked by clk_fpga_0  {rise@0.000ns fall@5.000ns period=10.000ns})
  Path Group:             clk_fpga_0
  Path Type:              Setup (Max at Slow Process Corner)
  Requirement:            10.000ns  (clk_fpga_0 rise@10.000ns - clk_fpga_0 rise@0.000ns)
  Data Path Delay:        17.185ns  (logic 7.876ns (45.832%)  route 9.309ns (54.168%))
  Logic Levels:           15  (CARRY4=5 DSP48E1=1 LUT2=1 LUT5=1 LUT6=4 MUXF7=1 MUXF8=1 RAMD64E=1)
  Clock Path Skew:        0.025ns (DCD - SCD + CPR)
    Destination Clock Delay (DCD):    2.753ns = ( 12.753 - 10.000 ) 
    Source Clock Delay      (SCD):    2.958ns
    Clock Pessimism Removal (CPR):    0.230ns
  Clock Uncertainty:      0.154ns  ((TSJ^2 + TIJ^2)^1/2 + DJ) / 2 + PE
    Total System Jitter     (TSJ):    0.071ns
    Total Input Jitter      (TIJ):    0.300ns
    Discrete Jitter          (DJ):    0.000ns
    Phase Error              (PE):    0.000ns

    Location             Delay type                Incr(ns)  Path(ns)    Netlist Resource(s)
  -------------------------------------------------------------------    -------------------
                         (clock clk_fpga_0 rise edge)
                                                      0.000     0.000 r  
    PS7_X0Y0             PS7                          0.000     0.000 r  image_rotator_design_i/processing_system7_0/inst/PS7_i/FCLKCLK[0]
                         net (fo=1, routed)           1.193     1.193    image_rotator_design_i/processing_system7_0/inst/FCLK_CLK_unbuffered[0]
    BUFGCTRL_X0Y16       BUFG (Prop_bufg_I_O)         0.101     1.294 r  image_rotator_design_i/processing_system7_0/inst/buffer_fclk_clk_0.FCLK_CLK_0_BUFG/O
                         net (fo=10075, routed)       1.664     2.958    image_rotator_design_i/axi_gpio_0/U0/gpio_core_1/s_axi_aclk
    SLICE_X37Y13         FDRE                                         r  image_rotator_design_i/axi_gpio_0/U0/gpio_core_1/Dual.gpio_Data_Out_reg[10]/C
  -------------------------------------------------------------------    -------------------
    SLICE_X37Y13         FDRE (Prop_fdre_C_Q)         0.456     3.414 r  image_rotator_design_i/axi_gpio_0/U0/gpio_core_1/Dual.gpio_Data_Out_reg[10]/Q
                         net (fo=8, routed)           0.661     4.075    image_rotator_design_i/axi_image_rotator_0/inst/img_height[5]
    SLICE_X40Y13         LUT2 (Prop_lut2_I0_O)        0.124     4.199 r  image_rotator_design_i/axi_image_rotator_0/inst/calc_addr2_carry__0_i_3/O
                         net (fo=1, routed)           0.000     4.199    image_rotator_design_i/axi_image_rotator_0/inst/calc_addr2_carry__0_i_3_n_0
    SLICE_X40Y13         CARRY4 (Prop_carry4_S[1]_CO[3])
                                                      0.550     4.749 r  image_rotator_design_i/axi_image_rotator_0/inst/calc_addr2_carry__0/CO[3]
                         net (fo=1, routed)           0.000     4.749    image_rotator_design_i/axi_image_rotator_0/inst/calc_addr2_carry__0_n_0
    SLICE_X40Y14         CARRY4 (Prop_carry4_CI_CO[3])
                                                      0.114     4.863 r  image_rotator_design_i/axi_image_rotator_0/inst/calc_addr2_carry__1/CO[3]
                         net (fo=1, routed)           0.000     4.863    image_rotator_design_i/axi_image_rotator_0/inst/calc_addr2_carry__1_n_0
    SLICE_X40Y15         CARRY4 (Prop_carry4_CI_O[1])
                                                      0.334     5.197 r  image_rotator_design_i/axi_image_rotator_0/inst/calc_addr2_carry__2/O[1]
                         net (fo=1, routed)           0.568     5.764    image_rotator_design_i/axi_image_rotator_0/inst/calc_addr20_out[13]
    SLICE_X37Y15         LUT6 (Prop_lut6_I2_O)        0.303     6.067 r  image_rotator_design_i/axi_image_rotator_0/inst/_i_1/O
                         net (fo=1, routed)           0.545     6.613    image_rotator_design_i/axi_image_rotator_0/p_0_in[13]
    DSP48_X2Y5           DSP48E1 (Prop_dsp48e1_B[13]_P[0])
                                                      3.656    10.269 r  image_rotator_design_i/axi_image_rotator_0/inst//P[0]
                         net (fo=2, routed)           1.295    11.564    image_rotator_design_i/axi_image_rotator_0/inst/P[0]
    SLICE_X31Y24         LUT5 (Prop_lut5_I4_O)        0.118    11.682 r  image_rotator_design_i/axi_image_rotator_0/inst/i___40_carry_i_3/O
                         net (fo=2, routed)           0.667    12.350    image_rotator_design_i/axi_image_rotator_0/inst/i___40_carry_i_3_n_0
    SLICE_X31Y24         CARRY4 (Prop_carry4_DI[1]_CO[3])
                                                      0.709    13.059 r  image_rotator_design_i/axi_image_rotator_0/inst/_inferred__10/i___40_carry/CO[3]
                         net (fo=1, routed)           0.009    13.068    image_rotator_design_i/axi_image_rotator_0/inst/_inferred__10/i___40_carry_n_0
    SLICE_X31Y25         CARRY4 (Prop_carry4_CI_O[1])
                                                      0.334    13.402 r  image_rotator_design_i/axi_image_rotator_0/inst/_inferred__10/i___40_carry__0/O[1]
                         net (fo=2048, routed)        2.446    15.848    image_rotator_design_i/axi_image_rotator_0/inst/bram_bank3_reg_1856_1919_7_7/DPRA3
    SLICE_X62Y12         RAMD64E (Prop_ramd64e_RADR3_O)
                                                      0.303    16.151 r  image_rotator_design_i/axi_image_rotator_0/inst/bram_bank3_reg_1856_1919_7_7/DP/O
                         net (fo=1, routed)           1.504    17.655    image_rotator_design_i/axi_image_rotator_0/inst/bram_bank3_reg_1856_1919_7_7_n_0
    SLICE_X47Y16         LUT6 (Prop_lut6_I3_O)        0.124    17.779 r  image_rotator_design_i/axi_image_rotator_0/inst/m_axis_tdata[7]_i_98/O
                         net (fo=1, routed)           0.000    17.779    image_rotator_design_i/axi_image_rotator_0/inst/m_axis_tdata[7]_i_98_n_0
    SLICE_X47Y16         MUXF7 (Prop_muxf7_I1_O)      0.217    17.996 r  image_rotator_design_i/axi_image_rotator_0/inst/m_axis_tdata_reg[7]_i_44/O
                         net (fo=1, routed)           0.000    17.996    image_rotator_design_i/axi_image_rotator_0/inst/m_axis_tdata_reg[7]_i_44_n_0
    SLICE_X47Y16         MUXF8 (Prop_muxf8_I1_O)      0.094    18.090 r  image_rotator_design_i/axi_image_rotator_0/inst/m_axis_tdata_reg[7]_i_17/O
                         net (fo=1, routed)           1.210    19.300    image_rotator_design_i/axi_image_rotator_0/inst/m_axis_tdata_reg[7]_i_17_n_0
    SLICE_X19Y15         LUT6 (Prop_lut6_I3_O)        0.316    19.616 r  image_rotator_design_i/axi_image_rotator_0/inst/m_axis_tdata[7]_i_5/O
                         net (fo=1, routed)           0.403    20.019    image_rotator_design_i/axi_image_rotator_0/inst/m_axis_tdata[7]_i_5_n_0
    SLICE_X19Y15         LUT6 (Prop_lut6_I2_O)        0.124    20.143 r  image_rotator_design_i/axi_image_rotator_0/inst/m_axis_tdata[7]_i_2/O
                         net (fo=1, routed)           0.000    20.143    image_rotator_design_i/axi_image_rotator_0/inst/read_data_reg[7]
    SLICE_X19Y15         FDCE                                         r  image_rotator_design_i/axi_image_rotator_0/inst/m_axis_tdata_reg[7]/D
  -------------------------------------------------------------------    -------------------

                         (clock clk_fpga_0 rise edge)
                                                     10.000    10.000 r  
    PS7_X0Y0             PS7                          0.000    10.000 r  image_rotator_design_i/processing_system7_0/inst/PS7_i/FCLKCLK[0]
                         net (fo=1, routed)           1.088    11.088    image_rotator_design_i/processing_system7_0/inst/FCLK_CLK_unbuffered[0]
    BUFGCTRL_X0Y16       BUFG (Prop_bufg_I_O)         0.091    11.179 r  image_rotator_design_i/processing_system7_0/inst/buffer_fclk_clk_0.FCLK_CLK_0_BUFG/O
                         net (fo=10075, routed)       1.574    12.753    image_rotator_design_i/axi_image_rotator_0/inst/aclk
    SLICE_X19Y15         FDCE                                         r  image_rotator_design_i/axi_image_rotator_0/inst/m_axis_tdata_reg[7]/C
                         clock pessimism              0.230    12.983    
                         clock uncertainty           -0.154    12.829    
    SLICE_X19Y15         FDCE (Setup_fdce_C_D)        0.029    12.858    image_rotator_design_i/axi_image_rotator_0/inst/m_axis_tdata_reg[7]
  -------------------------------------------------------------------
                         required time                         12.858    
                         arrival time                         -20.143    
  -------------------------------------------------------------------
                         slack                                 -7.285    

Slack (VIOLATED) :        -7.261ns  (required time - arrival time)
  Source:                 image_rotator_design_i/axi_gpio_0/U0/gpio_core_1/Dual.gpio_Data_Out_reg[10]/C
                            (rising edge-triggered cell FDRE clocked by clk_fpga_0  {rise@0.000ns fall@5.000ns period=10.000ns})
  Destination:            image_rotator_design_i/axi_image_rotator_0/inst/m_axis_tdata_reg[5]/D
                            (rising edge-triggered cell FDCE clocked by clk_fpga_0  {rise@0.000ns fall@5.000ns period=10.000ns})
  Path Group:             clk_fpga_0
  Path Type:              Setup (Max at Slow Process Corner)
  Requirement:            10.000ns  (clk_fpga_0 rise@10.000ns - clk_fpga_0 rise@0.000ns)
  Data Path Delay:        17.155ns  (logic 7.871ns (45.882%)  route 9.284ns (54.118%))
  Logic Levels:           15  (CARRY4=5 DSP48E1=1 LUT2=1 LUT5=1 LUT6=4 MUXF7=1 MUXF8=1 RAMD64E=1)
  Clock Path Skew:        0.017ns (DCD - SCD + CPR)
    Destination Clock Delay (DCD):    2.745ns = ( 12.745 - 10.000 ) 
    Source Clock Delay      (SCD):    2.958ns
    Clock Pessimism Removal (CPR):    0.230ns
  Clock Uncertainty:      0.154ns  ((TSJ^2 + TIJ^2)^1/2 + DJ) / 2 + PE
    Total System Jitter     (TSJ):    0.071ns
    Total Input Jitter      (TIJ):    0.300ns
    Discrete Jitter          (DJ):    0.000ns
    Phase Error              (PE):    0.000ns

    Location             Delay type                Incr(ns)  Path(ns)    Netlist Resource(s)
  -------------------------------------------------------------------    -------------------
                         (clock clk_fpga_0 rise edge)
                                                      0.000     0.000 r  
    PS7_X0Y0             PS7                          0.000     0.000 r  image_rotator_design_i/processing_system7_0/inst/PS7_i/FCLKCLK[0]
                         net (fo=1, routed)           1.193     1.193    image_rotator_design_i/processing_system7_0/inst/FCLK_CLK_unbuffered[0]
    BUFGCTRL_X0Y16       BUFG (Prop_bufg_I_O)         0.101     1.294 r  image_rotator_design_i/processing_system7_0/inst/buffer_fclk_clk_0.FCLK_CLK_0_BUFG/O
                         net (fo=10075, routed)       1.664     2.958    image_rotator_design_i/axi_gpio_0/U0/gpio_core_1/s_axi_aclk
    SLICE_X37Y13         FDRE                                         r  image_rotator_design_i/axi_gpio_0/U0/gpio_core_1/Dual.gpio_Data_Out_reg[10]/C
  -------------------------------------------------------------------    -------------------
    SLICE_X37Y13         FDRE (Prop_fdre_C_Q)         0.456     3.414 r  image_rotator_design_i/axi_gpio_0/U0/gpio_core_1/Dual.gpio_Data_Out_reg[10]/Q
                         net (fo=8, routed)           0.661     4.075    image_rotator_design_i/axi_image_rotator_0/inst/img_height[5]
    SLICE_X40Y13         LUT2 (Prop_lut2_I0_O)        0.124     4.199 r  image_rotator_design_i/axi_image_rotator_0/inst/calc_addr2_carry__0_i_3/O
                         net (fo=1, routed)           0.000     4.199    image_rotator_design_i/axi_image_rotator_0/inst/calc_addr2_carry__0_i_3_n_0
    SLICE_X40Y13         CARRY4 (Prop_carry4_S[1]_CO[3])
                                                      0.550     4.749 r  image_rotator_design_i/axi_image_rotator_0/inst/calc_addr2_carry__0/CO[3]
                         net (fo=1, routed)           0.000     4.749    image_rotator_design_i/axi_image_rotator_0/inst/calc_addr2_carry__0_n_0
    SLICE_X40Y14         CARRY4 (Prop_carry4_CI_CO[3])
                                                      0.114     4.863 r  image_rotator_design_i/axi_image_rotator_0/inst/calc_addr2_carry__1/CO[3]
                         net (fo=1, routed)           0.000     4.863    image_rotator_design_i/axi_image_rotator_0/inst/calc_addr2_carry__1_n_0
    SLICE_X40Y15         CARRY4 (Prop_carry4_CI_O[1])
                                                      0.334     5.197 r  image_rotator_design_i/axi_image_rotator_0/inst/calc_addr2_carry__2/O[1]
                         net (fo=1, routed)           0.568     5.764    image_rotator_design_i/axi_image_rotator_0/inst/calc_addr20_out[13]
    SLICE_X37Y15         LUT6 (Prop_lut6_I2_O)        0.303     6.067 r  image_rotator_design_i/axi_image_rotator_0/inst/_i_1/O
                         net (fo=1, routed)           0.545     6.613    image_rotator_design_i/axi_image_rotator_0/p_0_in[13]
    DSP48_X2Y5           DSP48E1 (Prop_dsp48e1_B[13]_P[0])
                                                      3.656    10.269 r  image_rotator_design_i/axi_image_rotator_0/inst//P[0]
                         net (fo=2, routed)           1.295    11.564    image_rotator_design_i/axi_image_rotator_0/inst/P[0]
    SLICE_X31Y24         LUT5 (Prop_lut5_I4_O)        0.118    11.682 r  image_rotator_design_i/axi_image_rotator_0/inst/i___40_carry_i_3/O
                         net (fo=2, routed)           0.667    12.350    image_rotator_design_i/axi_image_rotator_0/inst/i___40_carry_i_3_n_0
    SLICE_X31Y24         CARRY4 (Prop_carry4_DI[1]_CO[3])
                                                      0.709    13.059 r  image_rotator_design_i/axi_image_rotator_0/inst/_inferred__10/i___40_carry/CO[3]
                         net (fo=1, routed)           0.009    13.068    image_rotator_design_i/axi_image_rotator_0/inst/_inferred__10/i___40_carry_n_0
    SLICE_X31Y25         CARRY4 (Prop_carry4_CI_O[1])
                                                      0.334    13.402 r  image_rotator_design_i/axi_image_rotator_0/inst/_inferred__10/i___40_carry__0/O[1]
                         net (fo=2048, routed)        2.397    15.798    image_rotator_design_i/axi_image_rotator_0/inst/bram_bank0_reg_512_575_3_5/ADDRC3
    SLICE_X66Y21         RAMD64E (Prop_ramd64e_RADR3_O)
                                                      0.303    16.101 r  image_rotator_design_i/axi_image_rotator_0/inst/bram_bank0_reg_512_575_3_5/RAMC/O
                         net (fo=1, routed)           1.377    17.479    image_rotator_design_i/axi_image_rotator_0/inst/bram_bank0_reg_512_575_3_5_n_2
    SLICE_X45Y22         LUT6 (Prop_lut6_I5_O)        0.124    17.603 r  image_rotator_design_i/axi_image_rotator_0/inst/m_axis_tdata[5]_i_84/O
                         net (fo=1, routed)           0.000    17.603    image_rotator_design_i/axi_image_rotator_0/inst/m_axis_tdata[5]_i_84_n_0
    SLICE_X45Y22         MUXF7 (Prop_muxf7_I0_O)      0.212    17.815 r  image_rotator_design_i/axi_image_rotator_0/inst/m_axis_tdata_reg[5]_i_37/O
                         net (fo=1, routed)           0.000    17.815    image_rotator_design_i/axi_image_rotator_0/inst/m_axis_tdata_reg[5]_i_37_n_0
    SLICE_X45Y22         MUXF8 (Prop_muxf8_I1_O)      0.094    17.909 r  image_rotator_design_i/axi_image_rotator_0/inst/m_axis_tdata_reg[5]_i_13/O
                         net (fo=1, routed)           1.004    18.913    image_rotator_design_i/axi_image_rotator_0/inst/m_axis_tdata_reg[5]_i_13_n_0
    SLICE_X31Y29         LUT6 (Prop_lut6_I5_O)        0.316    19.229 r  image_rotator_design_i/axi_image_rotator_0/inst/m_axis_tdata[5]_i_3/O
                         net (fo=1, routed)           0.760    19.989    image_rotator_design_i/axi_image_rotator_0/inst/read_data_reg0[5]
    SLICE_X29Y35         LUT6 (Prop_lut6_I1_O)        0.124    20.113 r  image_rotator_design_i/axi_image_rotator_0/inst/m_axis_tdata[5]_i_1/O
                         net (fo=1, routed)           0.000    20.113    image_rotator_design_i/axi_image_rotator_0/inst/read_data_reg[5]
    SLICE_X29Y35         FDCE                                         r  image_rotator_design_i/axi_image_rotator_0/inst/m_axis_tdata_reg[5]/D
  -------------------------------------------------------------------    -------------------

                         (clock clk_fpga_0 rise edge)
                                                     10.000    10.000 r  
    PS7_X0Y0             PS7                          0.000    10.000 r  image_rotator_design_i/processing_system7_0/inst/PS7_i/FCLKCLK[0]
                         net (fo=1, routed)           1.088    11.088    image_rotator_design_i/processing_system7_0/inst/FCLK_CLK_unbuffered[0]
    BUFGCTRL_X0Y16       BUFG (Prop_bufg_I_O)         0.091    11.179 r  image_rotator_design_i/processing_system7_0/inst/buffer_fclk_clk_0.FCLK_CLK_0_BUFG/O
                         net (fo=10075, routed)       1.566    12.745    image_rotator_design_i/axi_image_rotator_0/inst/aclk
    SLICE_X29Y35         FDCE                                         r  image_rotator_design_i/axi_image_rotator_0/inst/m_axis_tdata_reg[5]/C
                         clock pessimism              0.230    12.975    
                         clock uncertainty           -0.154    12.821    
    SLICE_X29Y35         FDCE (Setup_fdce_C_D)        0.031    12.852    image_rotator_design_i/axi_image_rotator_0/inst/m_axis_tdata_reg[5]
  -------------------------------------------------------------------
                         required time                         12.852    
                         arrival time                         -20.113    
  -------------------------------------------------------------------
                         slack                                 -7.261    

Slack (VIOLATED) :        -7.257ns  (required time - arrival time)
  Source:                 image_rotator_design_i/axi_gpio_0/U0/gpio_core_1/Dual.gpio_Data_Out_reg[10]/C
                            (rising edge-triggered cell FDRE clocked by clk_fpga_0  {rise@0.000ns fall@5.000ns period=10.000ns})
  Destination:            image_rotator_design_i/axi_image_rotator_0/inst/m_axis_tdata_reg[4]/D
                            (rising edge-triggered cell FDCE clocked by clk_fpga_0  {rise@0.000ns fall@5.000ns period=10.000ns})
  Path Group:             clk_fpga_0
  Path Type:              Setup (Max at Slow Process Corner)
  Requirement:            10.000ns  (clk_fpga_0 rise@10.000ns - clk_fpga_0 rise@0.000ns)
  Data Path Delay:        17.148ns  (logic 7.876ns (45.928%)  route 9.272ns (54.072%))
  Logic Levels:           15  (CARRY4=5 DSP48E1=1 LUT2=1 LUT5=1 LUT6=4 MUXF7=1 MUXF8=1 RAMD64E=1)
  Clock Path Skew:        0.015ns (DCD - SCD + CPR)
    Destination Clock Delay (DCD):    2.743ns = ( 12.743 - 10.000 ) 
    Source Clock Delay      (SCD):    2.958ns
    Clock Pessimism Removal (CPR):    0.230ns
  Clock Uncertainty:      0.154ns  ((TSJ^2 + TIJ^2)^1/2 + DJ) / 2 + PE
    Total System Jitter     (TSJ):    0.071ns
    Total Input Jitter      (TIJ):    0.300ns
    Discrete Jitter          (DJ):    0.000ns
    Phase Error              (PE):    0.000ns

    Location             Delay type                Incr(ns)  Path(ns)    Netlist Resource(s)
  -------------------------------------------------------------------    -------------------
                         (clock clk_fpga_0 rise edge)
                                                      0.000     0.000 r  
    PS7_X0Y0             PS7                          0.000     0.000 r  image_rotator_design_i/processing_system7_0/inst/PS7_i/FCLKCLK[0]
                         net (fo=1, routed)           1.193     1.193    image_rotator_design_i/processing_system7_0/inst/FCLK_CLK_unbuffered[0]
    BUFGCTRL_X0Y16       BUFG (Prop_bufg_I_O)         0.101     1.294 r  image_rotator_design_i/processing_system7_0/inst/buffer_fclk_clk_0.FCLK_CLK_0_BUFG/O
                         net (fo=10075, routed)       1.664     2.958    image_rotator_design_i/axi_gpio_0/U0/gpio_core_1/s_axi_aclk
    SLICE_X37Y13         FDRE                                         r  image_rotator_design_i/axi_gpio_0/U0/gpio_core_1/Dual.gpio_Data_Out_reg[10]/C
  -------------------------------------------------------------------    -------------------
    SLICE_X37Y13         FDRE (Prop_fdre_C_Q)         0.456     3.414 r  image_rotator_design_i/axi_gpio_0/U0/gpio_core_1/Dual.gpio_Data_Out_reg[10]/Q
                         net (fo=8, routed)           0.661     4.075    image_rotator_design_i/axi_image_rotator_0/inst/img_height[5]
    SLICE_X40Y13         LUT2 (Prop_lut2_I0_O)        0.124     4.199 r  image_rotator_design_i/axi_image_rotator_0/inst/calc_addr2_carry__0_i_3/O
                         net (fo=1, routed)           0.000     4.199    image_rotator_design_i/axi_image_rotator_0/inst/calc_addr2_carry__0_i_3_n_0
    SLICE_X40Y13         CARRY4 (Prop_carry4_S[1]_CO[3])
                                                      0.550     4.749 r  image_rotator_design_i/axi_image_rotator_0/inst/calc_addr2_carry__0/CO[3]
                         net (fo=1, routed)           0.000     4.749    image_rotator_design_i/axi_image_rotator_0/inst/calc_addr2_carry__0_n_0
    SLICE_X40Y14         CARRY4 (Prop_carry4_CI_CO[3])
                                                      0.114     4.863 r  image_rotator_design_i/axi_image_rotator_0/inst/calc_addr2_carry__1/CO[3]
                         net (fo=1, routed)           0.000     4.863    image_rotator_design_i/axi_image_rotator_0/inst/calc_addr2_carry__1_n_0
    SLICE_X40Y15         CARRY4 (Prop_carry4_CI_O[1])
                                                      0.334     5.197 r  image_rotator_design_i/axi_image_rotator_0/inst/calc_addr2_carry__2/O[1]
                         net (fo=1, routed)           0.568     5.764    image_rotator_design_i/axi_image_rotator_0/inst/calc_addr20_out[13]
    SLICE_X37Y15         LUT6 (Prop_lut6_I2_O)        0.303     6.067 r  image_rotator_design_i/axi_image_rotator_0/inst/_i_1/O
                         net (fo=1, routed)           0.545     6.613    image_rotator_design_i/axi_image_rotator_0/p_0_in[13]
    DSP48_X2Y5           DSP48E1 (Prop_dsp48e1_B[13]_P[0])
                                                      3.656    10.269 r  image_rotator_design_i/axi_image_rotator_0/inst//P[0]
                         net (fo=2, routed)           1.295    11.564    image_rotator_design_i/axi_image_rotator_0/inst/P[0]
    SLICE_X31Y24         LUT5 (Prop_lut5_I4_O)        0.118    11.682 r  image_rotator_design_i/axi_image_rotator_0/inst/i___40_carry_i_3/O
                         net (fo=2, routed)           0.667    12.350    image_rotator_design_i/axi_image_rotator_0/inst/i___40_carry_i_3_n_0
    SLICE_X31Y24         CARRY4 (Prop_carry4_DI[1]_CO[3])
                                                      0.709    13.059 r  image_rotator_design_i/axi_image_rotator_0/inst/_inferred__10/i___40_carry/CO[3]
                         net (fo=1, routed)           0.009    13.068    image_rotator_design_i/axi_image_rotator_0/inst/_inferred__10/i___40_carry_n_0
    SLICE_X31Y25         CARRY4 (Prop_carry4_CI_O[1])
                                                      0.334    13.402 r  image_rotator_design_i/axi_image_rotator_0/inst/_inferred__10/i___40_carry__0/O[1]
                         net (fo=2048, routed)        2.285    15.687    image_rotator_design_i/axi_image_rotator_0/inst/bram_bank0_reg_1856_1919_3_5/ADDRB3
    SLICE_X54Y24         RAMD64E (Prop_ramd64e_RADR3_O)
                                                      0.303    15.990 r  image_rotator_design_i/axi_image_rotator_0/inst/bram_bank0_reg_1856_1919_3_5/RAMB/O
                         net (fo=1, routed)           1.432    17.421    image_rotator_design_i/axi_image_rotator_0/inst/bram_bank0_reg_1856_1919_3_5_n_1
    SLICE_X37Y25         LUT6 (Prop_lut6_I3_O)        0.124    17.545 r  image_rotator_design_i/axi_image_rotator_0/inst/m_axis_tdata[4]_i_81/O
                         net (fo=1, routed)           0.000    17.545    image_rotator_design_i/axi_image_rotator_0/inst/m_axis_tdata[4]_i_81_n_0
    SLICE_X37Y25         MUXF7 (Prop_muxf7_I1_O)      0.217    17.762 r  image_rotator_design_i/axi_image_rotator_0/inst/m_axis_tdata_reg[4]_i_35/O
                         net (fo=1, routed)           0.000    17.762    image_rotator_design_i/axi_image_rotator_0/inst/m_axis_tdata_reg[4]_i_35_n_0
    SLICE_X37Y25         MUXF8 (Prop_muxf8_I1_O)      0.094    17.856 r  image_rotator_design_i/axi_image_rotator_0/inst/m_axis_tdata_reg[4]_i_12/O
                         net (fo=1, routed)           1.143    19.000    image_rotator_design_i/axi_image_rotator_0/inst/m_axis_tdata_reg[4]_i_12_n_0
    SLICE_X28Y33         LUT6 (Prop_lut6_I3_O)        0.316    19.316 r  image_rotator_design_i/axi_image_rotator_0/inst/m_axis_tdata[4]_i_3/O
                         net (fo=1, routed)           0.667    19.982    image_rotator_design_i/axi_image_rotator_0/inst/read_data_reg0[4]
    SLICE_X28Y33         LUT6 (Prop_lut6_I1_O)        0.124    20.106 r  image_rotator_design_i/axi_image_rotator_0/inst/m_axis_tdata[4]_i_1/O
                         net (fo=1, routed)           0.000    20.106    image_rotator_design_i/axi_image_rotator_0/inst/read_data_reg[4]
    SLICE_X28Y33         FDCE                                         r  image_rotator_design_i/axi_image_rotator_0/inst/m_axis_tdata_reg[4]/D
  -------------------------------------------------------------------    -------------------

                         (clock clk_fpga_0 rise edge)
                                                     10.000    10.000 r  
    PS7_X0Y0             PS7                          0.000    10.000 r  image_rotator_design_i/processing_system7_0/inst/PS7_i/FCLKCLK[0]
                         net (fo=1, routed)           1.088    11.088    image_rotator_design_i/processing_system7_0/inst/FCLK_CLK_unbuffered[0]
    BUFGCTRL_X0Y16       BUFG (Prop_bufg_I_O)         0.091    11.179 r  image_rotator_design_i/processing_system7_0/inst/buffer_fclk_clk_0.FCLK_CLK_0_BUFG/O
                         net (fo=10075, routed)       1.564    12.743    image_rotator_design_i/axi_image_rotator_0/inst/aclk
    SLICE_X28Y33         FDCE                                         r  image_rotator_design_i/axi_image_rotator_0/inst/m_axis_tdata_reg[4]/C
                         clock pessimism              0.230    12.973    
                         clock uncertainty           -0.154    12.819    
    SLICE_X28Y33         FDCE (Setup_fdce_C_D)        0.031    12.850    image_rotator_design_i/axi_image_rotator_0/inst/m_axis_tdata_reg[4]
  -------------------------------------------------------------------
                         required time                         12.850    
                         arrival time                         -20.106    
  -------------------------------------------------------------------
                         slack                                 -7.257    

Slack (VIOLATED) :        -7.022ns  (required time - arrival time)
  Source:                 image_rotator_design_i/axi_gpio_0/U0/gpio_core_1/Dual.gpio_Data_Out_reg[10]/C
                            (rising edge-triggered cell FDRE clocked by clk_fpga_0  {rise@0.000ns fall@5.000ns period=10.000ns})
  Destination:            image_rotator_design_i/axi_image_rotator_0/inst/m_axis_tdata_reg[1]/D
                            (rising edge-triggered cell FDCE clocked by clk_fpga_0  {rise@0.000ns fall@5.000ns period=10.000ns})
  Path Group:             clk_fpga_0
  Path Type:              Setup (Max at Slow Process Corner)
  Requirement:            10.000ns  (clk_fpga_0 rise@10.000ns - clk_fpga_0 rise@0.000ns)
  Data Path Delay:        16.913ns  (logic 7.760ns (45.883%)  route 9.153ns (54.117%))
  Logic Levels:           15  (CARRY4=5 DSP48E1=1 LUT2=1 LUT5=1 LUT6=4 MUXF7=1 MUXF8=1 RAMD64E=1)
  Clock Path Skew:        0.014ns (DCD - SCD + CPR)
    Destination Clock Delay (DCD):    2.743ns = ( 12.743 - 10.000 ) 
    Source Clock Delay      (SCD):    2.958ns
    Clock Pessimism Removal (CPR):    0.230ns
  Clock Uncertainty:      0.154ns  ((TSJ^2 + TIJ^2)^1/2 + DJ) / 2 + PE
    Total System Jitter     (TSJ):    0.071ns
    Total Input Jitter      (TIJ):    0.300ns
    Discrete Jitter          (DJ):    0.000ns
    Phase Error              (PE):    0.000ns

    Location             Delay type                Incr(ns)  Path(ns)    Netlist Resource(s)
  -------------------------------------------------------------------    -------------------
                         (clock clk_fpga_0 rise edge)
                                                      0.000     0.000 r  
    PS7_X0Y0             PS7                          0.000     0.000 r  image_rotator_design_i/processing_system7_0/inst/PS7_i/FCLKCLK[0]
                         net (fo=1, routed)           1.193     1.193    image_rotator_design_i/processing_system7_0/inst/FCLK_CLK_unbuffered[0]
    BUFGCTRL_X0Y16       BUFG (Prop_bufg_I_O)         0.101     1.294 r  image_rotator_design_i/processing_system7_0/inst/buffer_fclk_clk_0.FCLK_CLK_0_BUFG/O
                         net (fo=10075, routed)       1.664     2.958    image_rotator_design_i/axi_gpio_0/U0/gpio_core_1/s_axi_aclk
    SLICE_X37Y13         FDRE                                         r  image_rotator_design_i/axi_gpio_0/U0/gpio_core_1/Dual.gpio_Data_Out_reg[10]/C
  -------------------------------------------------------------------    -------------------
    SLICE_X37Y13         FDRE (Prop_fdre_C_Q)         0.456     3.414 r  image_rotator_design_i/axi_gpio_0/U0/gpio_core_1/Dual.gpio_Data_Out_reg[10]/Q
                         net (fo=8, routed)           0.661     4.075    image_rotator_design_i/axi_image_rotator_0/inst/img_height[5]
    SLICE_X40Y13         LUT2 (Prop_lut2_I0_O)        0.124     4.199 r  image_rotator_design_i/axi_image_rotator_0/inst/calc_addr2_carry__0_i_3/O
                         net (fo=1, routed)           0.000     4.199    image_rotator_design_i/axi_image_rotator_0/inst/calc_addr2_carry__0_i_3_n_0
    SLICE_X40Y13         CARRY4 (Prop_carry4_S[1]_CO[3])
                                                      0.550     4.749 r  image_rotator_design_i/axi_image_rotator_0/inst/calc_addr2_carry__0/CO[3]
                         net (fo=1, routed)           0.000     4.749    image_rotator_design_i/axi_image_rotator_0/inst/calc_addr2_carry__0_n_0
    SLICE_X40Y14         CARRY4 (Prop_carry4_CI_CO[3])
                                                      0.114     4.863 r  image_rotator_design_i/axi_image_rotator_0/inst/calc_addr2_carry__1/CO[3]
                         net (fo=1, routed)           0.000     4.863    image_rotator_design_i/axi_image_rotator_0/inst/calc_addr2_carry__1_n_0
    SLICE_X40Y15         CARRY4 (Prop_carry4_CI_O[1])
                                                      0.334     5.197 r  image_rotator_design_i/axi_image_rotator_0/inst/calc_addr2_carry__2/O[1]
                         net (fo=1, routed)           0.568     5.764    image_rotator_design_i/axi_image_rotator_0/inst/calc_addr20_out[13]
    SLICE_X37Y15         LUT6 (Prop_lut6_I2_O)        0.303     6.067 r  image_rotator_design_i/axi_image_rotator_0/inst/_i_1/O
                         net (fo=1, routed)           0.545     6.613    image_rotator_design_i/axi_image_rotator_0/p_0_in[13]
    DSP48_X2Y5           DSP48E1 (Prop_dsp48e1_B[13]_P[0])
                                                      3.656    10.269 r  image_rotator_design_i/axi_image_rotator_0/inst//P[0]
                         net (fo=2, routed)           1.295    11.564    image_rotator_design_i/axi_image_rotator_0/inst/P[0]
    SLICE_X31Y24         LUT5 (Prop_lut5_I4_O)        0.118    11.682 r  image_rotator_design_i/axi_image_rotator_0/inst/i___40_carry_i_3/O
                         net (fo=2, routed)           0.667    12.350    image_rotator_design_i/axi_image_rotator_0/inst/i___40_carry_i_3_n_0
    SLICE_X31Y24         CARRY4 (Prop_carry4_DI[1]_CO[3])
                                                      0.709    13.059 r  image_rotator_design_i/axi_image_rotator_0/inst/_inferred__10/i___40_carry/CO[3]
                         net (fo=1, routed)           0.009    13.068    image_rotator_design_i/axi_image_rotator_0/inst/_inferred__10/i___40_carry_n_0
    SLICE_X31Y25         CARRY4 (Prop_carry4_CI_O[0])
                                                      0.222    13.290 r  image_rotator_design_i/axi_image_rotator_0/inst/_inferred__10/i___40_carry__0/O[0]
                         net (fo=2048, routed)        1.982    15.272    image_rotator_design_i/axi_image_rotator_0/inst/bram_bank1_reg_1984_2047_0_2/ADDRB2
    SLICE_X22Y16         RAMD64E (Prop_ramd64e_RADR2_O)
                                                      0.299    15.571 r  image_rotator_design_i/axi_image_rotator_0/inst/bram_bank1_reg_1984_2047_0_2/RAMB/O
                         net (fo=1, routed)           1.393    16.963    image_rotator_design_i/axi_image_rotator_0/inst/bram_bank1_reg_1984_2047_0_2_n_1
    SLICE_X19Y21         LUT6 (Prop_lut6_I0_O)        0.124    17.087 r  image_rotator_design_i/axi_image_rotator_0/inst/m_axis_tdata[1]_i_65/O
                         net (fo=1, routed)           0.000    17.087    image_rotator_design_i/axi_image_rotator_0/inst/m_axis_tdata[1]_i_65_n_0
    SLICE_X19Y21         MUXF7 (Prop_muxf7_I1_O)      0.217    17.304 r  image_rotator_design_i/axi_image_rotator_0/inst/m_axis_tdata_reg[1]_i_27/O
                         net (fo=1, routed)           0.000    17.304    image_rotator_design_i/axi_image_rotator_0/inst/m_axis_tdata_reg[1]_i_27_n_0
    SLICE_X19Y21         MUXF8 (Prop_muxf8_I1_O)      0.094    17.398 r  image_rotator_design_i/axi_image_rotator_0/inst/m_axis_tdata_reg[1]_i_8/O
                         net (fo=1, routed)           1.393    18.791    image_rotator_design_i/axi_image_rotator_0/inst/m_axis_tdata_reg[1]_i_8_n_0
    SLICE_X31Y31         LUT6 (Prop_lut6_I3_O)        0.316    19.107 r  image_rotator_design_i/axi_image_rotator_0/inst/m_axis_tdata[1]_i_2/O
                         net (fo=1, routed)           0.639    19.747    image_rotator_design_i/axi_image_rotator_0/inst/m_axis_tdata[1]_i_2_n_0
    SLICE_X31Y32         LUT6 (Prop_lut6_I0_O)        0.124    19.871 r  image_rotator_design_i/axi_image_rotator_0/inst/m_axis_tdata[1]_i_1/O
                         net (fo=1, routed)           0.000    19.871    image_rotator_design_i/axi_image_rotator_0/inst/read_data_reg[1]
    SLICE_X31Y32         FDCE                                         r  image_rotator_design_i/axi_image_rotator_0/inst/m_axis_tdata_reg[1]/D
  -------------------------------------------------------------------    -------------------

                         (clock clk_fpga_0 rise edge)
                                                     10.000    10.000 r  
    PS7_X0Y0             PS7                          0.000    10.000 r  image_rotator_design_i/processing_system7_0/inst/PS7_i/FCLKCLK[0]
                         net (fo=1, routed)           1.088    11.088    image_rotator_design_i/processing_system7_0/inst/FCLK_CLK_unbuffered[0]
    BUFGCTRL_X0Y16       BUFG (Prop_bufg_I_O)         0.091    11.179 r  image_rotator_design_i/processing_system7_0/inst/buffer_fclk_clk_0.FCLK_CLK_0_BUFG/O
                         net (fo=10075, routed)       1.563    12.743    image_rotator_design_i/axi_image_rotator_0/inst/aclk
    SLICE_X31Y32         FDCE                                         r  image_rotator_design_i/axi_image_rotator_0/inst/m_axis_tdata_reg[1]/C
                         clock pessimism              0.230    12.972    
                         clock uncertainty           -0.154    12.818    
    SLICE_X31Y32         FDCE (Setup_fdce_C_D)        0.031    12.849    image_rotator_design_i/axi_image_rotator_0/inst/m_axis_tdata_reg[1]
  -------------------------------------------------------------------
                         required time                         12.849    
                         arrival time                         -19.871    
  -------------------------------------------------------------------
                         slack                                 -7.022    

Slack (VIOLATED) :        -6.980ns  (required time - arrival time)
  Source:                 image_rotator_design_i/axi_gpio_0/U0/gpio_core_1/Dual.gpio_Data_Out_reg[10]/C
                            (rising edge-triggered cell FDRE clocked by clk_fpga_0  {rise@0.000ns fall@5.000ns period=10.000ns})
  Destination:            image_rotator_design_i/axi_image_rotator_0/inst/m_axis_tdata_reg[2]/D
                            (rising edge-triggered cell FDCE clocked by clk_fpga_0  {rise@0.000ns fall@5.000ns period=10.000ns})
  Path Group:             clk_fpga_0
  Path Type:              Setup (Max at Slow Process Corner)
  Requirement:            10.000ns  (clk_fpga_0 rise@10.000ns - clk_fpga_0 rise@0.000ns)
  Data Path Delay:        16.862ns  (logic 7.760ns (46.022%)  route 9.102ns (53.979%))
  Logic Levels:           15  (CARRY4=5 DSP48E1=1 LUT2=1 LUT5=1 LUT6=4 MUXF7=1 MUXF8=1 RAMD64E=1)
  Clock Path Skew:        0.007ns (DCD - SCD + CPR)
    Destination Clock Delay (DCD):    2.735ns = ( 12.736 - 10.000 ) 
    Source Clock Delay      (SCD):    2.958ns
    Clock Pessimism Removal (CPR):    0.230ns
  Clock Uncertainty:      0.154ns  ((TSJ^2 + TIJ^2)^1/2 + DJ) / 2 + PE
    Total System Jitter     (TSJ):    0.071ns
    Total Input Jitter      (TIJ):    0.300ns
    Discrete Jitter          (DJ):    0.000ns
    Phase Error              (PE):    0.000ns

    Location             Delay type                Incr(ns)  Path(ns)    Netlist Resource(s)
  -------------------------------------------------------------------    -------------------
                         (clock clk_fpga_0 rise edge)
                                                      0.000     0.000 r  
    PS7_X0Y0             PS7                          0.000     0.000 r  image_rotator_design_i/processing_system7_0/inst/PS7_i/FCLKCLK[0]
                         net (fo=1, routed)           1.193     1.193    image_rotator_design_i/processing_system7_0/inst/FCLK_CLK_unbuffered[0]
    BUFGCTRL_X0Y16       BUFG (Prop_bufg_I_O)         0.101     1.294 r  image_rotator_design_i/processing_system7_0/inst/buffer_fclk_clk_0.FCLK_CLK_0_BUFG/O
                         net (fo=10075, routed)       1.664     2.958    image_rotator_design_i/axi_gpio_0/U0/gpio_core_1/s_axi_aclk
    SLICE_X37Y13         FDRE                                         r  image_rotator_design_i/axi_gpio_0/U0/gpio_core_1/Dual.gpio_Data_Out_reg[10]/C
  -------------------------------------------------------------------    -------------------
    SLICE_X37Y13         FDRE (Prop_fdre_C_Q)         0.456     3.414 r  image_rotator_design_i/axi_gpio_0/U0/gpio_core_1/Dual.gpio_Data_Out_reg[10]/Q
                         net (fo=8, routed)           0.661     4.075    image_rotator_design_i/axi_image_rotator_0/inst/img_height[5]
    SLICE_X40Y13         LUT2 (Prop_lut2_I0_O)        0.124     4.199 r  image_rotator_design_i/axi_image_rotator_0/inst/calc_addr2_carry__0_i_3/O
                         net (fo=1, routed)           0.000     4.199    image_rotator_design_i/axi_image_rotator_0/inst/calc_addr2_carry__0_i_3_n_0
    SLICE_X40Y13         CARRY4 (Prop_carry4_S[1]_CO[3])
                                                      0.550     4.749 r  image_rotator_design_i/axi_image_rotator_0/inst/calc_addr2_carry__0/CO[3]
                         net (fo=1, routed)           0.000     4.749    image_rotator_design_i/axi_image_rotator_0/inst/calc_addr2_carry__0_n_0
    SLICE_X40Y14         CARRY4 (Prop_carry4_CI_CO[3])
                                                      0.114     4.863 r  image_rotator_design_i/axi_image_rotator_0/inst/calc_addr2_carry__1/CO[3]
                         net (fo=1, routed)           0.000     4.863    image_rotator_design_i/axi_image_rotator_0/inst/calc_addr2_carry__1_n_0
    SLICE_X40Y15         CARRY4 (Prop_carry4_CI_O[1])
                                                      0.334     5.197 r  image_rotator_design_i/axi_image_rotator_0/inst/calc_addr2_carry__2/O[1]
                         net (fo=1, routed)           0.568     5.764    image_rotator_design_i/axi_image_rotator_0/inst/calc_addr20_out[13]
    SLICE_X37Y15         LUT6 (Prop_lut6_I2_O)        0.303     6.067 r  image_rotator_design_i/axi_image_rotator_0/inst/_i_1/O
                         net (fo=1, routed)           0.545     6.613    image_rotator_design_i/axi_image_rotator_0/p_0_in[13]
    DSP48_X2Y5           DSP48E1 (Prop_dsp48e1_B[13]_P[0])
                                                      3.656    10.269 r  image_rotator_design_i/axi_image_rotator_0/inst//P[0]
                         net (fo=2, routed)           1.295    11.564    image_rotator_design_i/axi_image_rotator_0/inst/P[0]
    SLICE_X31Y24         LUT5 (Prop_lut5_I4_O)        0.118    11.682 r  image_rotator_design_i/axi_image_rotator_0/inst/i___40_carry_i_3/O
                         net (fo=2, routed)           0.667    12.350    image_rotator_design_i/axi_image_rotator_0/inst/i___40_carry_i_3_n_0
    SLICE_X31Y24         CARRY4 (Prop_carry4_DI[1]_CO[3])
                                                      0.709    13.059 r  image_rotator_design_i/axi_image_rotator_0/inst/_inferred__10/i___40_carry/CO[3]
                         net (fo=1, routed)           0.009    13.068    image_rotator_design_i/axi_image_rotator_0/inst/_inferred__10/i___40_carry_n_0
    SLICE_X31Y25         CARRY4 (Prop_carry4_CI_O[0])
                                                      0.222    13.290 r  image_rotator_design_i/axi_image_rotator_0/inst/_inferred__10/i___40_carry__0/O[0]
                         net (fo=2048, routed)        2.418    15.707    image_rotator_design_i/axi_image_rotator_0/inst/bram_bank3_reg_2880_2943_0_2/ADDRC2
    SLICE_X46Y45         RAMD64E (Prop_ramd64e_RADR2_O)
                                                      0.299    16.006 r  image_rotator_design_i/axi_image_rotator_0/inst/bram_bank3_reg_2880_2943_0_2/RAMC/O
                         net (fo=1, routed)           1.424    17.430    image_rotator_design_i/axi_image_rotator_0/inst/bram_bank3_reg_2880_2943_0_2_n_2
    SLICE_X28Y36         LUT6 (Prop_lut6_I3_O)        0.124    17.554 r  image_rotator_design_i/axi_image_rotator_0/inst/m_axis_tdata[2]_i_93/O
                         net (fo=1, routed)           0.000    17.554    image_rotator_design_i/axi_image_rotator_0/inst/m_axis_tdata[2]_i_93_n_0
    SLICE_X28Y36         MUXF7 (Prop_muxf7_I1_O)      0.217    17.771 r  image_rotator_design_i/axi_image_rotator_0/inst/m_axis_tdata_reg[2]_i_41/O
                         net (fo=1, routed)           0.000    17.771    image_rotator_design_i/axi_image_rotator_0/inst/m_axis_tdata_reg[2]_i_41_n_0
    SLICE_X28Y36         MUXF8 (Prop_muxf8_I1_O)      0.094    17.865 r  image_rotator_design_i/axi_image_rotator_0/inst/m_axis_tdata_reg[2]_i_15/O
                         net (fo=1, routed)           1.112    18.977    image_rotator_design_i/axi_image_rotator_0/inst/m_axis_tdata_reg[2]_i_15_n_0
    SLICE_X29Y23         LUT6 (Prop_lut6_I1_O)        0.316    19.293 r  image_rotator_design_i/axi_image_rotator_0/inst/m_axis_tdata[2]_i_4/O
                         net (fo=1, routed)           0.403    19.696    image_rotator_design_i/axi_image_rotator_0/inst/m_axis_tdata[2]_i_4_n_0
    SLICE_X29Y23         LUT6 (Prop_lut6_I2_O)        0.124    19.820 r  image_rotator_design_i/axi_image_rotator_0/inst/m_axis_tdata[2]_i_1/O
                         net (fo=1, routed)           0.000    19.820    image_rotator_design_i/axi_image_rotator_0/inst/read_data_reg[2]
    SLICE_X29Y23         FDCE                                         r  image_rotator_design_i/axi_image_rotator_0/inst/m_axis_tdata_reg[2]/D
  -------------------------------------------------------------------    -------------------

                         (clock clk_fpga_0 rise edge)
                                                     10.000    10.000 r  
    PS7_X0Y0             PS7                          0.000    10.000 r  image_rotator_design_i/processing_system7_0/inst/PS7_i/FCLKCLK[0]
                         net (fo=1, routed)           1.088    11.088    image_rotator_design_i/processing_system7_0/inst/FCLK_CLK_unbuffered[0]
    BUFGCTRL_X0Y16       BUFG (Prop_bufg_I_O)         0.091    11.179 r  image_rotator_design_i/processing_system7_0/inst/buffer_fclk_clk_0.FCLK_CLK_0_BUFG/O
                         net (fo=10075, routed)       1.556    12.736    image_rotator_design_i/axi_image_rotator_0/inst/aclk
    SLICE_X29Y23         FDCE                                         r  image_rotator_design_i/axi_image_rotator_0/inst/m_axis_tdata_reg[2]/C
                         clock pessimism              0.230    12.965    
                         clock uncertainty           -0.154    12.811    
    SLICE_X29Y23         FDCE (Setup_fdce_C_D)        0.029    12.840    image_rotator_design_i/axi_image_rotator_0/inst/m_axis_tdata_reg[2]
  -------------------------------------------------------------------
                         required time                         12.840    
                         arrival time                         -19.820    
  -------------------------------------------------------------------
                         slack                                 -6.980    

Slack (VIOLATED) :        -6.318ns  (required time - arrival time)
  Source:                 image_rotator_design_i/axi_image_rotator_0/inst/wr_ptr_reg[4]/C
                            (rising edge-triggered cell FDCE clocked by clk_fpga_0  {rise@0.000ns fall@5.000ns period=10.000ns})
  Destination:            image_rotator_design_i/axi_image_rotator_0/inst/bram_bank1_reg_4032_4095_7_7/DP/WADR2
                            (rising edge-triggered cell RAMD64E clocked by clk_fpga_0  {rise@0.000ns fall@5.000ns period=10.000ns})
  Path Group:             clk_fpga_0
  Path Type:              Setup (Max at Slow Process Corner)
  Requirement:            10.000ns  (clk_fpga_0 rise@10.000ns - clk_fpga_0 rise@0.000ns)
  Data Path Delay:        16.241ns  (logic 0.456ns (2.808%)  route 15.785ns (97.192%))
  Logic Levels:           0  
  Clock Path Skew:        0.098ns (DCD - SCD + CPR)
    Destination Clock Delay (DCD):    2.827ns = ( 12.827 - 10.000 ) 
    Source Clock Delay      (SCD):    2.959ns
    Clock Pessimism Removal (CPR):    0.230ns
  Clock Uncertainty:      0.154ns  ((TSJ^2 + TIJ^2)^1/2 + DJ) / 2 + PE
    Total System Jitter     (TSJ):    0.071ns
    Total Input Jitter      (TIJ):    0.300ns
    Discrete Jitter          (DJ):    0.000ns
    Phase Error              (PE):    0.000ns

    Location             Delay type                Incr(ns)  Path(ns)    Netlist Resource(s)
  -------------------------------------------------------------------    -------------------
                         (clock clk_fpga_0 rise edge)
                                                      0.000     0.000 r  
    PS7_X0Y0             PS7                          0.000     0.000 r  image_rotator_design_i/processing_system7_0/inst/PS7_i/FCLKCLK[0]
                         net (fo=1, routed)           1.193     1.193    image_rotator_design_i/processing_system7_0/inst/FCLK_CLK_unbuffered[0]
    BUFGCTRL_X0Y16       BUFG (Prop_bufg_I_O)         0.101     1.294 r  image_rotator_design_i/processing_system7_0/inst/buffer_fclk_clk_0.FCLK_CLK_0_BUFG/O
                         net (fo=10075, routed)       1.665     2.959    image_rotator_design_i/axi_image_rotator_0/inst/aclk
    SLICE_X41Y11         FDCE                                         r  image_rotator_design_i/axi_image_rotator_0/inst/wr_ptr_reg[4]/C
  -------------------------------------------------------------------    -------------------
    SLICE_X41Y11         FDCE (Prop_fdce_C_Q)         0.456     3.415 r  image_rotator_design_i/axi_image_rotator_0/inst/wr_ptr_reg[4]/Q
                         net (fo=4098, routed)       15.785    19.200    image_rotator_design_i/axi_image_rotator_0/inst/bram_bank1_reg_4032_4095_7_7/A2
    SLICE_X2Y20          RAMD64E                                      r  image_rotator_design_i/axi_image_rotator_0/inst/bram_bank1_reg_4032_4095_7_7/DP/WADR2
  -------------------------------------------------------------------    -------------------

                         (clock clk_fpga_0 rise edge)
                                                     10.000    10.000 r  
    PS7_X0Y0             PS7                          0.000    10.000 r  image_rotator_design_i/processing_system7_0/inst/PS7_i/FCLKCLK[0]
                         net (fo=1, routed)           1.088    11.088    image_rotator_design_i/processing_system7_0/inst/FCLK_CLK_unbuffered[0]
    BUFGCTRL_X0Y16       BUFG (Prop_bufg_I_O)         0.091    11.179 r  image_rotator_design_i/processing_system7_0/inst/buffer_fclk_clk_0.FCLK_CLK_0_BUFG/O
                         net (fo=10075, routed)       1.648    12.827    image_rotator_design_i/axi_image_rotator_0/inst/bram_bank1_reg_4032_4095_7_7/WCLK
    SLICE_X2Y20          RAMD64E                                      r  image_rotator_design_i/axi_image_rotator_0/inst/bram_bank1_reg_4032_4095_7_7/DP/CLK
                         clock pessimism              0.230    13.057    
                         clock uncertainty           -0.154    12.903    
    SLICE_X2Y20          RAMD64E (Setup_ramd64e_CLK_WADR2)
                                                     -0.021    12.882    image_rotator_design_i/axi_image_rotator_0/inst/bram_bank1_reg_4032_4095_7_7/DP
  -------------------------------------------------------------------
                         required time                         12.882    
                         arrival time                         -19.200    
  -------------------------------------------------------------------
                         slack                                 -6.318    

Slack (VIOLATED) :        -6.318ns  (required time - arrival time)
  Source:                 image_rotator_design_i/axi_image_rotator_0/inst/wr_ptr_reg[4]/C
                            (rising edge-triggered cell FDCE clocked by clk_fpga_0  {rise@0.000ns fall@5.000ns period=10.000ns})
  Destination:            image_rotator_design_i/axi_image_rotator_0/inst/bram_bank1_reg_4032_4095_7_7/SP/WADR2
                            (rising edge-triggered cell RAMD64E clocked by clk_fpga_0  {rise@0.000ns fall@5.000ns period=10.000ns})
  Path Group:             clk_fpga_0
  Path Type:              Setup (Max at Slow Process Corner)
  Requirement:            10.000ns  (clk_fpga_0 rise@10.000ns - clk_fpga_0 rise@0.000ns)
  Data Path Delay:        16.241ns  (logic 0.456ns (2.808%)  route 15.785ns (97.192%))
  Logic Levels:           0  
  Clock Path Skew:        0.098ns (DCD - SCD + CPR)
    Destination Clock Delay (DCD):    2.827ns = ( 12.827 - 10.000 ) 
    Source Clock Delay      (SCD):    2.959ns
    Clock Pessimism Removal (CPR):    0.230ns
  Clock Uncertainty:      0.154ns  ((TSJ^2 + TIJ^2)^1/2 + DJ) / 2 + PE
    Total System Jitter     (TSJ):    0.071ns
    Total Input Jitter      (TIJ):    0.300ns
    Discrete Jitter          (DJ):    0.000ns
    Phase Error              (PE):    0.000ns

    Location             Delay type                Incr(ns)  Path(ns)    Netlist Resource(s)
  -------------------------------------------------------------------    -------------------
                         (clock clk_fpga_0 rise edge)
                                                      0.000     0.000 r  
    PS7_X0Y0             PS7                          0.000     0.000 r  image_rotator_design_i/processing_system7_0/inst/PS7_i/FCLKCLK[0]
                         net (fo=1, routed)           1.193     1.193    image_rotator_design_i/processing_system7_0/inst/FCLK_CLK_unbuffered[0]
    BUFGCTRL_X0Y16       BUFG (Prop_bufg_I_O)         0.101     1.294 r  image_rotator_design_i/processing_system7_0/inst/buffer_fclk_clk_0.FCLK_CLK_0_BUFG/O
                         net (fo=10075, routed)       1.665     2.959    image_rotator_design_i/axi_image_rotator_0/inst/aclk
    SLICE_X41Y11         FDCE                                         r  image_rotator_design_i/axi_image_rotator_0/inst/wr_ptr_reg[4]/C
  -------------------------------------------------------------------    -------------------
    SLICE_X41Y11         FDCE (Prop_fdce_C_Q)         0.456     3.415 r  image_rotator_design_i/axi_image_rotator_0/inst/wr_ptr_reg[4]/Q
                         net (fo=4098, routed)       15.785    19.200    image_rotator_design_i/axi_image_rotator_0/inst/bram_bank1_reg_4032_4095_7_7/A2
    SLICE_X2Y20          RAMD64E                                      r  image_rotator_design_i/axi_image_rotator_0/inst/bram_bank1_reg_4032_4095_7_7/SP/WADR2
  -------------------------------------------------------------------    -------------------

                         (clock clk_fpga_0 rise edge)
                                                     10.000    10.000 r  
    PS7_X0Y0             PS7                          0.000    10.000 r  image_rotator_design_i/processing_system7_0/inst/PS7_i/FCLKCLK[0]
                         net (fo=1, routed)           1.088    11.088    image_rotator_design_i/processing_system7_0/inst/FCLK_CLK_unbuffered[0]
    BUFGCTRL_X0Y16       BUFG (Prop_bufg_I_O)         0.091    11.179 r  image_rotator_design_i/processing_system7_0/inst/buffer_fclk_clk_0.FCLK_CLK_0_BUFG/O
                         net (fo=10075, routed)       1.648    12.827    image_rotator_design_i/axi_image_rotator_0/inst/bram_bank1_reg_4032_4095_7_7/WCLK
    SLICE_X2Y20          RAMD64E                                      r  image_rotator_design_i/axi_image_rotator_0/inst/bram_bank1_reg_4032_4095_7_7/SP/CLK
                         clock pessimism              0.230    13.057    
                         clock uncertainty           -0.154    12.903    
    SLICE_X2Y20          RAMD64E (Setup_ramd64e_CLK_WADR2)
                                                     -0.021    12.882    image_rotator_design_i/axi_image_rotator_0/inst/bram_bank1_reg_4032_4095_7_7/SP
  -------------------------------------------------------------------
                         required time                         12.882    
                         arrival time                         -19.200    
  -------------------------------------------------------------------
                         slack                                 -6.318    





Min Delay Paths
--------------------------------------------------------------------------------------
Slack (MET) :             0.018ns  (arrival time - required time)
  Source:                 image_rotator_design_i/axi_dma_0/U0/I_PRMRY_DATAMOVER/GEN_S2MM_FULL.I_S2MM_FULL_WRAPPER/I_WR_STATUS_CNTLR/GEN_ENABLE_INDET_BTT.sig_coelsc_okay_reg_reg/C
                            (rising edge-triggered cell FDSE clocked by clk_fpga_0  {rise@0.000ns fall@5.000ns period=10.000ns})
  Destination:            image_rotator_design_i/axi_dma_0/U0/I_PRMRY_DATAMOVER/GEN_S2MM_FULL.I_S2MM_FULL_WRAPPER/I_CMD_STATUS/GEN_INCLUDE_STATUS_FIFO.I_STS_FIFO/USE_SINGLE_REG.sig_regfifo_dout_reg_reg[7]/D
                            (rising edge-triggered cell FDRE clocked by clk_fpga_0  {rise@0.000ns fall@5.000ns period=10.000ns})
  Path Group:             clk_fpga_0
  Path Type:              Hold (Min at Fast Process Corner)
  Requirement:            0.000ns  (clk_fpga_0 rise@0.000ns - clk_fpga_0 rise@0.000ns)
  Data Path Delay:        0.308ns  (logic 0.148ns (48.127%)  route 0.160ns (51.873%))
  Logic Levels:           0  
  Clock Path Skew:        0.266ns (DCD - SCD - CPR)
    Destination Clock Delay (DCD):    1.177ns
    Source Clock Delay      (SCD):    0.876ns
    Clock Pessimism Removal (CPR):    0.035ns

    Location             Delay type                Incr(ns)  Path(ns)    Netlist Resource(s)
  -------------------------------------------------------------------    -------------------
                         (clock clk_fpga_0 rise edge)
                                                      0.000     0.000 r  
    PS7_X0Y0             PS7                          0.000     0.000 r  image_rotator_design_i/processing_system7_0/inst/PS7_i/FCLKCLK[0]
                         net (fo=1, routed)           0.310     0.310    image_rotator_design_i/processing_system7_0/inst/FCLK_CLK_unbuffered[0]
    BUFGCTRL_X0Y16       BUFG (Prop_bufg_I_O)         0.026     0.336 r  image_rotator_design_i/processing_system7_0/inst/buffer_fclk_clk_0.FCLK_CLK_0_BUFG/O
                         net (fo=10075, routed)       0.540     0.876    image_rotator_design_i/axi_dma_0/U0/I_PRMRY_DATAMOVER/GEN_S2MM_FULL.I_S2MM_FULL_WRAPPER/I_WR_STATUS_CNTLR/m_axi_s2mm_aclk
    SLICE_X50Y76         FDSE                                         r  image_rotator_design_i/axi_dma_0/U0/I_PRMRY_DATAMOVER/GEN_S2MM_FULL.I_S2MM_FULL_WRAPPER/I_WR_STATUS_CNTLR/GEN_ENABLE_INDET_BTT.sig_coelsc_okay_reg_reg/C
  -------------------------------------------------------------------    -------------------
    SLICE_X50Y76         FDSE (Prop_fdse_C_Q)         0.148     1.024 r  image_rotator_design_i/axi_dma_0/U0/I_PRMRY_DATAMOVER/GEN_S2MM_FULL.I_S2MM_FULL_WRAPPER/I_WR_STATUS_CNTLR/GEN_ENABLE_INDET_BTT.sig_coelsc_okay_reg_reg/Q
                         net (fo=1, routed)           0.160     1.183    image_rotator_design_i/axi_dma_0/U0/I_PRMRY_DATAMOVER/GEN_S2MM_FULL.I_S2MM_FULL_WRAPPER/I_CMD_STATUS/GEN_INCLUDE_STATUS_FIFO.I_STS_FIFO/D[3]
    SLICE_X48Y77         FDRE                                         r  image_rotator_design_i/axi_dma_0/U0/I_PRMRY_DATAMOVER/GEN_S2MM_FULL.I_S2MM_FULL_WRAPPER/I_CMD_STATUS/GEN_INCLUDE_STATUS_FIFO.I_STS_FIFO/USE_SINGLE_REG.sig_regfifo_dout_reg_reg[7]/D
  -------------------------------------------------------------------    -------------------

                         (clock clk_fpga_0 rise edge)
                                                      0.000     0.000 r  
    PS7_X0Y0             PS7                          0.000     0.000 r  image_rotator_design_i/processing_system7_0/inst/PS7_i/FCLKCLK[0]
                         net (fo=1, routed)           0.337     0.337    image_rotator_design_i/processing_system7_0/inst/FCLK_CLK_unbuffered[0]
    BUFGCTRL_X0Y16       BUFG (Prop_bufg_I_O)         0.029     0.366 r  image_rotator_design_i/processing_system7_0/inst/buffer_fclk_clk_0.FCLK_CLK_0_BUFG/O
                         net (fo=10075, routed)       0.811     1.177    image_rotator_design_i/axi_dma_0/U0/I_PRMRY_DATAMOVER/GEN_S2MM_FULL.I_S2MM_FULL_WRAPPER/I_CMD_STATUS/GEN_INCLUDE_STATUS_FIFO.I_STS_FIFO/m_axi_s2mm_aclk
    SLICE_X48Y77         FDRE                                         r  image_rotator_design_i/axi_dma_0/U0/I_PRMRY_DATAMOVER/GEN_S2MM_FULL.I_S2MM_FULL_WRAPPER/I_CMD_STATUS/GEN_INCLUDE_STATUS_FIFO.I_STS_FIFO/USE_SINGLE_REG.sig_regfifo_dout_reg_reg[7]/C
                         clock pessimism             -0.035     1.142    
    SLICE_X48Y77         FDRE (Hold_fdre_C_D)         0.023     1.165    image_rotator_design_i/axi_dma_0/U0/I_PRMRY_DATAMOVER/GEN_S2MM_FULL.I_S2MM_FULL_WRAPPER/I_CMD_STATUS/GEN_INCLUDE_STATUS_FIFO.I_STS_FIFO/USE_SINGLE_REG.sig_regfifo_dout_reg_reg[7]
  -------------------------------------------------------------------
                         required time                         -1.165    
                         arrival time                           1.183    
  -------------------------------------------------------------------
                         slack                                  0.018    

Slack (MET) :             0.026ns  (arrival time - required time)
  Source:                 image_rotator_design_i/smartconnect_0/inst/m00_nodes/m00_r_node/inst/inst_mi_handler/gen_normal_area.inst_fifo_node_payld/gen_xpm_memory_fifo.inst_fifo/gen_mem_rep[0].inst_xpm_memory/xpm_memory_base_inst/gen_rd_b.doutb_reg_reg[68]/C
                            (rising edge-triggered cell FDRE clocked by clk_fpga_0  {rise@0.000ns fall@5.000ns period=10.000ns})
  Destination:            image_rotator_design_i/smartconnect_0/inst/switchboards/r_switchboard/inst/gen_mi[0].inst_opipe_payld/gen_pipe[1].pipe_reg[1][68]/D
                            (rising edge-triggered cell FDRE clocked by clk_fpga_0  {rise@0.000ns fall@5.000ns period=10.000ns})
  Path Group:             clk_fpga_0
  Path Type:              Hold (Min at Fast Process Corner)
  Requirement:            0.000ns  (clk_fpga_0 rise@0.000ns - clk_fpga_0 rise@0.000ns)
  Data Path Delay:        0.306ns  (logic 0.148ns (48.432%)  route 0.158ns (51.568%))
  Logic Levels:           0  
  Clock Path Skew:        0.267ns (DCD - SCD - CPR)
    Destination Clock Delay (DCD):    1.190ns
    Source Clock Delay      (SCD):    0.888ns
    Clock Pessimism Removal (CPR):    0.035ns

    Location             Delay type                Incr(ns)  Path(ns)    Netlist Resource(s)
  -------------------------------------------------------------------    -------------------
                         (clock clk_fpga_0 rise edge)
                                                      0.000     0.000 r  
    PS7_X0Y0             PS7                          0.000     0.000 r  image_rotator_design_i/processing_system7_0/inst/PS7_i/FCLKCLK[0]
                         net (fo=1, routed)           0.310     0.310    image_rotator_design_i/processing_system7_0/inst/FCLK_CLK_unbuffered[0]
    BUFGCTRL_X0Y16       BUFG (Prop_bufg_I_O)         0.026     0.336 r  image_rotator_design_i/processing_system7_0/inst/buffer_fclk_clk_0.FCLK_CLK_0_BUFG/O
                         net (fo=10075, routed)       0.552     0.888    image_rotator_design_i/smartconnect_0/inst/m00_nodes/m00_r_node/inst/inst_mi_handler/gen_normal_area.inst_fifo_node_payld/gen_xpm_memory_fifo.inst_fifo/gen_mem_rep[0].inst_xpm_memory/xpm_memory_base_inst/clka
    SLICE_X50Y55         FDRE                                         r  image_rotator_design_i/smartconnect_0/inst/m00_nodes/m00_r_node/inst/inst_mi_handler/gen_normal_area.inst_fifo_node_payld/gen_xpm_memory_fifo.inst_fifo/gen_mem_rep[0].inst_xpm_memory/xpm_memory_base_inst/gen_rd_b.doutb_reg_reg[68]/C
  -------------------------------------------------------------------    -------------------
    SLICE_X50Y55         FDRE (Prop_fdre_C_Q)         0.148     1.036 r  image_rotator_design_i/smartconnect_0/inst/m00_nodes/m00_r_node/inst/inst_mi_handler/gen_normal_area.inst_fifo_node_payld/gen_xpm_memory_fifo.inst_fifo/gen_mem_rep[0].inst_xpm_memory/xpm_memory_base_inst/gen_rd_b.doutb_reg_reg[68]/Q
                         net (fo=1, routed)           0.158     1.193    image_rotator_design_i/smartconnect_0/inst/switchboards/r_switchboard/inst/gen_mi[0].inst_opipe_payld/s_sc_payld[67]
    SLICE_X49Y55         FDRE                                         r  image_rotator_design_i/smartconnect_0/inst/switchboards/r_switchboard/inst/gen_mi[0].inst_opipe_payld/gen_pipe[1].pipe_reg[1][68]/D
  -------------------------------------------------------------------    -------------------

                         (clock clk_fpga_0 rise edge)
                                                      0.000     0.000 r  
    PS7_X0Y0             PS7                          0.000     0.000 r  image_rotator_design_i/processing_system7_0/inst/PS7_i/FCLKCLK[0]
                         net (fo=1, routed)           0.337     0.337    image_rotator_design_i/processing_system7_0/inst/FCLK_CLK_unbuffered[0]
    BUFGCTRL_X0Y16       BUFG (Prop_bufg_I_O)         0.029     0.366 r  image_rotator_design_i/processing_system7_0/inst/buffer_fclk_clk_0.FCLK_CLK_0_BUFG/O
                         net (fo=10075, routed)       0.824     1.190    image_rotator_design_i/smartconnect_0/inst/switchboards/r_switchboard/inst/gen_mi[0].inst_opipe_payld/aclk
    SLICE_X49Y55         FDRE                                         r  image_rotator_design_i/smartconnect_0/inst/switchboards/r_switchboard/inst/gen_mi[0].inst_opipe_payld/gen_pipe[1].pipe_reg[1][68]/C
                         clock pessimism             -0.035     1.155    
    SLICE_X49Y55         FDRE (Hold_fdre_C_D)         0.012     1.167    image_rotator_design_i/smartconnect_0/inst/switchboards/r_switchboard/inst/gen_mi[0].inst_opipe_payld/gen_pipe[1].pipe_reg[1][68]
  -------------------------------------------------------------------
                         required time                         -1.167    
                         arrival time                           1.193    
  -------------------------------------------------------------------
                         slack                                  0.026    

Slack (MET) :             0.035ns  (arrival time - required time)
  Source:                 image_rotator_design_i/axi_dma_0/U0/INCLUDE_S2MM_SOF_EOF_GENERATOR.I_S2MM_DMA_MNGR/GEN_S2MM_DMA_CONTROL.GEN_SIMPLE_DMA_MODE.I_S2MM_SMPL_SM/GEN_CMD_BTT_LESS_23.cmnd_data_reg[58]/C
                            (rising edge-triggered cell FDRE clocked by clk_fpga_0  {rise@0.000ns fall@5.000ns period=10.000ns})
  Destination:            image_rotator_design_i/axi_dma_0/U0/I_PRMRY_DATAMOVER/GEN_S2MM_FULL.I_S2MM_FULL_WRAPPER/I_CMD_STATUS/I_CMD_FIFO/USE_SINGLE_REG.sig_regfifo_dout_reg_reg[58]/D
                            (rising edge-triggered cell FDRE clocked by clk_fpga_0  {rise@0.000ns fall@5.000ns period=10.000ns})
  Path Group:             clk_fpga_0
  Path Type:              Hold (Min at Fast Process Corner)
  Requirement:            0.000ns  (clk_fpga_0 rise@0.000ns - clk_fpga_0 rise@0.000ns)
  Data Path Delay:        0.368ns  (logic 0.141ns (38.315%)  route 0.227ns (61.685%))
  Logic Levels:           0  
  Clock Path Skew:        0.255ns (DCD - SCD - CPR)
    Destination Clock Delay (DCD):    1.175ns
    Source Clock Delay      (SCD):    0.885ns
    Clock Pessimism Removal (CPR):    0.035ns

    Location             Delay type                Incr(ns)  Path(ns)    Netlist Resource(s)
  -------------------------------------------------------------------    -------------------
                         (clock clk_fpga_0 rise edge)
                                                      0.000     0.000 r  
    PS7_X0Y0             PS7                          0.000     0.000 r  image_rotator_design_i/processing_system7_0/inst/PS7_i/FCLKCLK[0]
                         net (fo=1, routed)           0.310     0.310    image_rotator_design_i/processing_system7_0/inst/FCLK_CLK_unbuffered[0]
    BUFGCTRL_X0Y16       BUFG (Prop_bufg_I_O)         0.026     0.336 r  image_rotator_design_i/processing_system7_0/inst/buffer_fclk_clk_0.FCLK_CLK_0_BUFG/O
                         net (fo=10075, routed)       0.549     0.885    image_rotator_design_i/axi_dma_0/U0/INCLUDE_S2MM_SOF_EOF_GENERATOR.I_S2MM_DMA_MNGR/GEN_S2MM_DMA_CONTROL.GEN_SIMPLE_DMA_MODE.I_S2MM_SMPL_SM/s_axi_lite_aclk
    SLICE_X43Y81         FDRE                                         r  image_rotator_design_i/axi_dma_0/U0/INCLUDE_S2MM_SOF_EOF_GENERATOR.I_S2MM_DMA_MNGR/GEN_S2MM_DMA_CONTROL.GEN_SIMPLE_DMA_MODE.I_S2MM_SMPL_SM/GEN_CMD_BTT_LESS_23.cmnd_data_reg[58]/C
  -------------------------------------------------------------------    -------------------
    SLICE_X43Y81         FDRE (Prop_fdre_C_Q)         0.141     1.026 r  image_rotator_design_i/axi_dma_0/U0/INCLUDE_S2MM_SOF_EOF_GENERATOR.I_S2MM_DMA_MNGR/GEN_S2MM_DMA_CONTROL.GEN_SIMPLE_DMA_MODE.I_S2MM_SMPL_SM/GEN_CMD_BTT_LESS_23.cmnd_data_reg[58]/Q
                         net (fo=1, routed)           0.227     1.253    image_rotator_design_i/axi_dma_0/U0/I_PRMRY_DATAMOVER/GEN_S2MM_FULL.I_S2MM_FULL_WRAPPER/I_CMD_STATUS/I_CMD_FIFO/USE_SINGLE_REG.sig_regfifo_dout_reg_reg[66]_0[48]
    SLICE_X52Y79         FDRE                                         r  image_rotator_design_i/axi_dma_0/U0/I_PRMRY_DATAMOVER/GEN_S2MM_FULL.I_S2MM_FULL_WRAPPER/I_CMD_STATUS/I_CMD_FIFO/USE_SINGLE_REG.sig_regfifo_dout_reg_reg[58]/D
  -------------------------------------------------------------------    -------------------

                         (clock clk_fpga_0 rise edge)
                                                      0.000     0.000 r  
    PS7_X0Y0             PS7                          0.000     0.000 r  image_rotator_design_i/processing_system7_0/inst/PS7_i/FCLKCLK[0]
                         net (fo=1, routed)           0.337     0.337    image_rotator_design_i/processing_system7_0/inst/FCLK_CLK_unbuffered[0]
    BUFGCTRL_X0Y16       BUFG (Prop_bufg_I_O)         0.029     0.366 r  image_rotator_design_i/processing_system7_0/inst/buffer_fclk_clk_0.FCLK_CLK_0_BUFG/O
                         net (fo=10075, routed)       0.809     1.175    image_rotator_design_i/axi_dma_0/U0/I_PRMRY_DATAMOVER/GEN_S2MM_FULL.I_S2MM_FULL_WRAPPER/I_CMD_STATUS/I_CMD_FIFO/m_axi_s2mm_aclk
    SLICE_X52Y79         FDRE                                         r  image_rotator_design_i/axi_dma_0/U0/I_PRMRY_DATAMOVER/GEN_S2MM_FULL.I_S2MM_FULL_WRAPPER/I_CMD_STATUS/I_CMD_FIFO/USE_SINGLE_REG.sig_regfifo_dout_reg_reg[58]/C
                         clock pessimism             -0.035     1.140    
    SLICE_X52Y79         FDRE (Hold_fdre_C_D)         0.078     1.218    image_rotator_design_i/axi_dma_0/U0/I_PRMRY_DATAMOVER/GEN_S2MM_FULL.I_S2MM_FULL_WRAPPER/I_CMD_STATUS/I_CMD_FIFO/USE_SINGLE_REG.sig_regfifo_dout_reg_reg[58]
  -------------------------------------------------------------------
                         required time                         -1.218    
                         arrival time                           1.253    
  -------------------------------------------------------------------
                         slack                                  0.035    

Slack (MET) :             0.037ns  (arrival time - required time)
  Source:                 image_rotator_design_i/smartconnect_0/inst/switchboards/aw_switchboard/inst/gen_mi[0].inst_opipe_payld/gen_pipe[1].pipe_reg[1][114]/C
                            (rising edge-triggered cell FDRE clocked by clk_fpga_0  {rise@0.000ns fall@5.000ns period=10.000ns})
  Destination:            image_rotator_design_i/smartconnect_0/inst/m00_nodes/m00_aw_node/inst/inst_mi_handler/gen_normal_area.inst_fifo_node_payld/gen_xpm_memory_fifo.inst_fifo/gen_mem_rep[0].inst_xpm_memory/xpm_memory_base_inst/gen_wr_a.gen_word_narrow.mem_reg_0_31_114_119/RAMA/I
                            (rising edge-triggered cell RAMD32 clocked by clk_fpga_0  {rise@0.000ns fall@5.000ns period=10.000ns})
  Path Group:             clk_fpga_0
  Path Type:              Hold (Min at Fast Process Corner)
  Requirement:            0.000ns  (clk_fpga_0 rise@0.000ns - clk_fpga_0 rise@0.000ns)
  Data Path Delay:        0.197ns  (logic 0.141ns (71.611%)  route 0.056ns (28.389%))
  Logic Levels:           0  
  Clock Path Skew:        0.013ns (DCD - SCD - CPR)
    Destination Clock Delay (DCD):    1.179ns
    Source Clock Delay      (SCD):    0.883ns
    Clock Pessimism Removal (CPR):    0.283ns

    Location             Delay type                Incr(ns)  Path(ns)    Netlist Resource(s)
  -------------------------------------------------------------------    -------------------
                         (clock clk_fpga_0 rise edge)
                                                      0.000     0.000 r  
    PS7_X0Y0             PS7                          0.000     0.000 r  image_rotator_design_i/processing_system7_0/inst/PS7_i/FCLKCLK[0]
                         net (fo=1, routed)           0.310     0.310    image_rotator_design_i/processing_system7_0/inst/FCLK_CLK_unbuffered[0]
    BUFGCTRL_X0Y16       BUFG (Prop_bufg_I_O)         0.026     0.336 r  image_rotator_design_i/processing_system7_0/inst/buffer_fclk_clk_0.FCLK_CLK_0_BUFG/O
                         net (fo=10075, routed)       0.547     0.883    image_rotator_design_i/smartconnect_0/inst/switchboards/aw_switchboard/inst/gen_mi[0].inst_opipe_payld/aclk
    SLICE_X51Y66         FDRE                                         r  image_rotator_design_i/smartconnect_0/inst/switchboards/aw_switchboard/inst/gen_mi[0].inst_opipe_payld/gen_pipe[1].pipe_reg[1][114]/C
  -------------------------------------------------------------------    -------------------
    SLICE_X51Y66         FDRE (Prop_fdre_C_Q)         0.141     1.024 r  image_rotator_design_i/smartconnect_0/inst/switchboards/aw_switchboard/inst/gen_mi[0].inst_opipe_payld/gen_pipe[1].pipe_reg[1][114]/Q
                         net (fo=1, routed)           0.056     1.079    image_rotator_design_i/smartconnect_0/inst/m00_nodes/m00_aw_node/inst/inst_mi_handler/gen_normal_area.inst_fifo_node_payld/gen_xpm_memory_fifo.inst_fifo/gen_mem_rep[0].inst_xpm_memory/xpm_memory_base_inst/gen_wr_a.gen_word_narrow.mem_reg_0_31_114_119/DIA0
    SLICE_X50Y66         RAMD32                                       r  image_rotator_design_i/smartconnect_0/inst/m00_nodes/m00_aw_node/inst/inst_mi_handler/gen_normal_area.inst_fifo_node_payld/gen_xpm_memory_fifo.inst_fifo/gen_mem_rep[0].inst_xpm_memory/xpm_memory_base_inst/gen_wr_a.gen_word_narrow.mem_reg_0_31_114_119/RAMA/I
  -------------------------------------------------------------------    -------------------

                         (clock clk_fpga_0 rise edge)
                                                      0.000     0.000 r  
    PS7_X0Y0             PS7                          0.000     0.000 r  image_rotator_design_i/processing_system7_0/inst/PS7_i/FCLKCLK[0]
                         net (fo=1, routed)           0.337     0.337    image_rotator_design_i/processing_system7_0/inst/FCLK_CLK_unbuffered[0]
    BUFGCTRL_X0Y16       BUFG (Prop_bufg_I_O)         0.029     0.366 r  image_rotator_design_i/processing_system7_0/inst/buffer_fclk_clk_0.FCLK_CLK_0_BUFG/O
                         net (fo=10075, routed)       0.813     1.179    image_rotator_design_i/smartconnect_0/inst/m00_nodes/m00_aw_node/inst/inst_mi_handler/gen_normal_area.inst_fifo_node_payld/gen_xpm_memory_fifo.inst_fifo/gen_mem_rep[0].inst_xpm_memory/xpm_memory_base_inst/gen_wr_a.gen_word_narrow.mem_reg_0_31_114_119/WCLK
    SLICE_X50Y66         RAMD32                                       r  image_rotator_design_i/smartconnect_0/inst/m00_nodes/m00_aw_node/inst/inst_mi_handler/gen_normal_area.inst_fifo_node_payld/gen_xpm_memory_fifo.inst_fifo/gen_mem_rep[0].inst_xpm_memory/xpm_memory_base_inst/gen_wr_a.gen_word_narrow.mem_reg_0_31_114_119/RAMA/CLK
                         clock pessimism             -0.283     0.896    
    SLICE_X50Y66         RAMD32 (Hold_ramd32_CLK_I)
                                                      0.147     1.043    image_rotator_design_i/smartconnect_0/inst/m00_nodes/m00_aw_node/inst/inst_mi_handler/gen_normal_area.inst_fifo_node_payld/gen_xpm_memory_fifo.inst_fifo/gen_mem_rep[0].inst_xpm_memory/xpm_memory_base_inst/gen_wr_a.gen_word_narrow.mem_reg_0_31_114_119/RAMA
  -------------------------------------------------------------------
                         required time                         -1.043    
                         arrival time                           1.079    
  -------------------------------------------------------------------
                         slack                                  0.037    

Slack (MET) :             0.037ns  (arrival time - required time)
  Source:                 image_rotator_design_i/smartconnect_0/inst/switchboards/aw_switchboard/inst/gen_mi[0].inst_opipe_payld/gen_pipe[1].pipe_reg[1][72]/C
                            (rising edge-triggered cell FDRE clocked by clk_fpga_0  {rise@0.000ns fall@5.000ns period=10.000ns})
  Destination:            image_rotator_design_i/smartconnect_0/inst/m00_nodes/m00_aw_node/inst/inst_mi_handler/gen_normal_area.inst_fifo_node_payld/gen_xpm_memory_fifo.inst_fifo/gen_mem_rep[0].inst_xpm_memory/xpm_memory_base_inst/gen_wr_a.gen_word_narrow.mem_reg_0_31_72_77/RAMA/I
                            (rising edge-triggered cell RAMD32 clocked by clk_fpga_0  {rise@0.000ns fall@5.000ns period=10.000ns})
  Path Group:             clk_fpga_0
  Path Type:              Hold (Min at Fast Process Corner)
  Requirement:            0.000ns  (clk_fpga_0 rise@0.000ns - clk_fpga_0 rise@0.000ns)
  Data Path Delay:        0.197ns  (logic 0.141ns (71.611%)  route 0.056ns (28.389%))
  Logic Levels:           0  
  Clock Path Skew:        0.013ns (DCD - SCD - CPR)
    Destination Clock Delay (DCD):    1.178ns
    Source Clock Delay      (SCD):    0.882ns
    Clock Pessimism Removal (CPR):    0.283ns

    Location             Delay type                Incr(ns)  Path(ns)    Netlist Resource(s)
  -------------------------------------------------------------------    -------------------
                         (clock clk_fpga_0 rise edge)
                                                      0.000     0.000 r  
    PS7_X0Y0             PS7                          0.000     0.000 r  image_rotator_design_i/processing_system7_0/inst/PS7_i/FCLKCLK[0]
                         net (fo=1, routed)           0.310     0.310    image_rotator_design_i/processing_system7_0/inst/FCLK_CLK_unbuffered[0]
    BUFGCTRL_X0Y16       BUFG (Prop_bufg_I_O)         0.026     0.336 r  image_rotator_design_i/processing_system7_0/inst/buffer_fclk_clk_0.FCLK_CLK_0_BUFG/O
                         net (fo=10075, routed)       0.546     0.882    image_rotator_design_i/smartconnect_0/inst/switchboards/aw_switchboard/inst/gen_mi[0].inst_opipe_payld/aclk
    SLICE_X51Y67         FDRE                                         r  image_rotator_design_i/smartconnect_0/inst/switchboards/aw_switchboard/inst/gen_mi[0].inst_opipe_payld/gen_pipe[1].pipe_reg[1][72]/C
  -------------------------------------------------------------------    -------------------
    SLICE_X51Y67         FDRE (Prop_fdre_C_Q)         0.141     1.023 r  image_rotator_design_i/smartconnect_0/inst/switchboards/aw_switchboard/inst/gen_mi[0].inst_opipe_payld/gen_pipe[1].pipe_reg[1][72]/Q
                         net (fo=1, routed)           0.056     1.078    image_rotator_design_i/smartconnect_0/inst/m00_nodes/m00_aw_node/inst/inst_mi_handler/gen_normal_area.inst_fifo_node_payld/gen_xpm_memory_fifo.inst_fifo/gen_mem_rep[0].inst_xpm_memory/xpm_memory_base_inst/gen_wr_a.gen_word_narrow.mem_reg_0_31_72_77/DIA0
    SLICE_X50Y67         RAMD32                                       r  image_rotator_design_i/smartconnect_0/inst/m00_nodes/m00_aw_node/inst/inst_mi_handler/gen_normal_area.inst_fifo_node_payld/gen_xpm_memory_fifo.inst_fifo/gen_mem_rep[0].inst_xpm_memory/xpm_memory_base_inst/gen_wr_a.gen_word_narrow.mem_reg_0_31_72_77/RAMA/I
  -------------------------------------------------------------------    -------------------

                         (clock clk_fpga_0 rise edge)
                                                      0.000     0.000 r  
    PS7_X0Y0             PS7                          0.000     0.000 r  image_rotator_design_i/processing_system7_0/inst/PS7_i/FCLKCLK[0]
                         net (fo=1, routed)           0.337     0.337    image_rotator_design_i/processing_system7_0/inst/FCLK_CLK_unbuffered[0]
    BUFGCTRL_X0Y16       BUFG (Prop_bufg_I_O)         0.029     0.366 r  image_rotator_design_i/processing_system7_0/inst/buffer_fclk_clk_0.FCLK_CLK_0_BUFG/O
                         net (fo=10075, routed)       0.812     1.178    image_rotator_design_i/smartconnect_0/inst/m00_nodes/m00_aw_node/inst/inst_mi_handler/gen_normal_area.inst_fifo_node_payld/gen_xpm_memory_fifo.inst_fifo/gen_mem_rep[0].inst_xpm_memory/xpm_memory_base_inst/gen_wr_a.gen_word_narrow.mem_reg_0_31_72_77/WCLK
    SLICE_X50Y67         RAMD32                                       r  image_rotator_design_i/smartconnect_0/inst/m00_nodes/m00_aw_node/inst/inst_mi_handler/gen_normal_area.inst_fifo_node_payld/gen_xpm_memory_fifo.inst_fifo/gen_mem_rep[0].inst_xpm_memory/xpm_memory_base_inst/gen_wr_a.gen_word_narrow.mem_reg_0_31_72_77/RAMA/CLK
                         clock pessimism             -0.283     0.895    
    SLICE_X50Y67         RAMD32 (Hold_ramd32_CLK_I)
                                                      0.147     1.042    image_rotator_design_i/smartconnect_0/inst/m00_nodes/m00_aw_node/inst/inst_mi_handler/gen_normal_area.inst_fifo_node_payld/gen_xpm_memory_fifo.inst_fifo/gen_mem_rep[0].inst_xpm_memory/xpm_memory_base_inst/gen_wr_a.gen_word_narrow.mem_reg_0_31_72_77/RAMA
  -------------------------------------------------------------------
                         required time                         -1.042    
                         arrival time                           1.078    
  -------------------------------------------------------------------
                         slack                                  0.037    

Slack (MET) :             0.037ns  (arrival time - required time)
  Source:                 image_rotator_design_i/smartconnect_0/inst/switchboards/r_switchboard/inst/gen_mi[0].inst_opipe_payld/gen_pipe[1].pipe_reg[1][36]/C
                            (rising edge-triggered cell FDRE clocked by clk_fpga_0  {rise@0.000ns fall@5.000ns period=10.000ns})
  Destination:            image_rotator_design_i/smartconnect_0/inst/s00_nodes/s00_r_node/inst/inst_mi_handler/gen_normal_area.inst_fifo_node_payld/gen_xpm_memory_fifo.inst_fifo/gen_mem_rep[0].inst_xpm_memory/xpm_memory_base_inst/gen_wr_a.gen_word_narrow.mem_reg_0_31_36_41/RAMA/I
                            (rising edge-triggered cell RAMD32 clocked by clk_fpga_0  {rise@0.000ns fall@5.000ns period=10.000ns})
  Path Group:             clk_fpga_0
  Path Type:              Hold (Min at Fast Process Corner)
  Requirement:            0.000ns  (clk_fpga_0 rise@0.000ns - clk_fpga_0 rise@0.000ns)
  Data Path Delay:        0.197ns  (logic 0.141ns (71.611%)  route 0.056ns (28.389%))
  Logic Levels:           0  
  Clock Path Skew:        0.013ns (DCD - SCD - CPR)
    Destination Clock Delay (DCD):    1.190ns
    Source Clock Delay      (SCD):    0.893ns
    Clock Pessimism Removal (CPR):    0.284ns

    Location             Delay type                Incr(ns)  Path(ns)    Netlist Resource(s)
  -------------------------------------------------------------------    -------------------
                         (clock clk_fpga_0 rise edge)
                                                      0.000     0.000 r  
    PS7_X0Y0             PS7                          0.000     0.000 r  image_rotator_design_i/processing_system7_0/inst/PS7_i/FCLKCLK[0]
                         net (fo=1, routed)           0.310     0.310    image_rotator_design_i/processing_system7_0/inst/FCLK_CLK_unbuffered[0]
    BUFGCTRL_X0Y16       BUFG (Prop_bufg_I_O)         0.026     0.336 r  image_rotator_design_i/processing_system7_0/inst/buffer_fclk_clk_0.FCLK_CLK_0_BUFG/O
                         net (fo=10075, routed)       0.557     0.893    image_rotator_design_i/smartconnect_0/inst/switchboards/r_switchboard/inst/gen_mi[0].inst_opipe_payld/aclk
    SLICE_X35Y59         FDRE                                         r  image_rotator_design_i/smartconnect_0/inst/switchboards/r_switchboard/inst/gen_mi[0].inst_opipe_payld/gen_pipe[1].pipe_reg[1][36]/C
  -------------------------------------------------------------------    -------------------
    SLICE_X35Y59         FDRE (Prop_fdre_C_Q)         0.141     1.034 r  image_rotator_design_i/smartconnect_0/inst/switchboards/r_switchboard/inst/gen_mi[0].inst_opipe_payld/gen_pipe[1].pipe_reg[1][36]/Q
                         net (fo=1, routed)           0.056     1.089    image_rotator_design_i/smartconnect_0/inst/s00_nodes/s00_r_node/inst/inst_mi_handler/gen_normal_area.inst_fifo_node_payld/gen_xpm_memory_fifo.inst_fifo/gen_mem_rep[0].inst_xpm_memory/xpm_memory_base_inst/gen_wr_a.gen_word_narrow.mem_reg_0_31_36_41/DIA0
    SLICE_X34Y59         RAMD32                                       r  image_rotator_design_i/smartconnect_0/inst/s00_nodes/s00_r_node/inst/inst_mi_handler/gen_normal_area.inst_fifo_node_payld/gen_xpm_memory_fifo.inst_fifo/gen_mem_rep[0].inst_xpm_memory/xpm_memory_base_inst/gen_wr_a.gen_word_narrow.mem_reg_0_31_36_41/RAMA/I
  -------------------------------------------------------------------    -------------------

                         (clock clk_fpga_0 rise edge)
                                                      0.000     0.000 r  
    PS7_X0Y0             PS7                          0.000     0.000 r  image_rotator_design_i/processing_system7_0/inst/PS7_i/FCLKCLK[0]
                         net (fo=1, routed)           0.337     0.337    image_rotator_design_i/processing_system7_0/inst/FCLK_CLK_unbuffered[0]
    BUFGCTRL_X0Y16       BUFG (Prop_bufg_I_O)         0.029     0.366 r  image_rotator_design_i/processing_system7_0/inst/buffer_fclk_clk_0.FCLK_CLK_0_BUFG/O
                         net (fo=10075, routed)       0.824     1.190    image_rotator_design_i/smartconnect_0/inst/s00_nodes/s00_r_node/inst/inst_mi_handler/gen_normal_area.inst_fifo_node_payld/gen_xpm_memory_fifo.inst_fifo/gen_mem_rep[0].inst_xpm_memory/xpm_memory_base_inst/gen_wr_a.gen_word_narrow.mem_reg_0_31_36_41/WCLK
    SLICE_X34Y59         RAMD32                                       r  image_rotator_design_i/smartconnect_0/inst/s00_nodes/s00_r_node/inst/inst_mi_handler/gen_normal_area.inst_fifo_node_payld/gen_xpm_memory_fifo.inst_fifo/gen_mem_rep[0].inst_xpm_memory/xpm_memory_base_inst/gen_wr_a.gen_word_narrow.mem_reg_0_31_36_41/RAMA/CLK
                         clock pessimism             -0.284     0.906    
    SLICE_X34Y59         RAMD32 (Hold_ramd32_CLK_I)
                                                      0.147     1.053    image_rotator_design_i/smartconnect_0/inst/s00_nodes/s00_r_node/inst/inst_mi_handler/gen_normal_area.inst_fifo_node_payld/gen_xpm_memory_fifo.inst_fifo/gen_mem_rep[0].inst_xpm_memory/xpm_memory_base_inst/gen_wr_a.gen_word_narrow.mem_reg_0_31_36_41/RAMA
  -------------------------------------------------------------------
                         required time                         -1.053    
                         arrival time                           1.089    
  -------------------------------------------------------------------
                         slack                                  0.037    

Slack (MET) :             0.037ns  (arrival time - required time)
  Source:                 image_rotator_design_i/smartconnect_0/inst/switchboards/r_switchboard/inst/gen_mi[0].inst_opipe_payld/gen_pipe[1].pipe_reg[1][42]/C
                            (rising edge-triggered cell FDRE clocked by clk_fpga_0  {rise@0.000ns fall@5.000ns period=10.000ns})
  Destination:            image_rotator_design_i/smartconnect_0/inst/s00_nodes/s00_r_node/inst/inst_mi_handler/gen_normal_area.inst_fifo_node_payld/gen_xpm_memory_fifo.inst_fifo/gen_mem_rep[0].inst_xpm_memory/xpm_memory_base_inst/gen_wr_a.gen_word_narrow.mem_reg_0_31_42_47/RAMA/I
                            (rising edge-triggered cell RAMD32 clocked by clk_fpga_0  {rise@0.000ns fall@5.000ns period=10.000ns})
  Path Group:             clk_fpga_0
  Path Type:              Hold (Min at Fast Process Corner)
  Requirement:            0.000ns  (clk_fpga_0 rise@0.000ns - clk_fpga_0 rise@0.000ns)
  Data Path Delay:        0.197ns  (logic 0.141ns (71.611%)  route 0.056ns (28.389%))
  Logic Levels:           0  
  Clock Path Skew:        0.013ns (DCD - SCD - CPR)
    Destination Clock Delay (DCD):    1.202ns
    Source Clock Delay      (SCD):    0.904ns
    Clock Pessimism Removal (CPR):    0.285ns

    Location             Delay type                Incr(ns)  Path(ns)    Netlist Resource(s)
  -------------------------------------------------------------------    -------------------
                         (clock clk_fpga_0 rise edge)
                                                      0.000     0.000 r  
    PS7_X0Y0             PS7                          0.000     0.000 r  image_rotator_design_i/processing_system7_0/inst/PS7_i/FCLKCLK[0]
                         net (fo=1, routed)           0.310     0.310    image_rotator_design_i/processing_system7_0/inst/FCLK_CLK_unbuffered[0]
    BUFGCTRL_X0Y16       BUFG (Prop_bufg_I_O)         0.026     0.336 r  image_rotator_design_i/processing_system7_0/inst/buffer_fclk_clk_0.FCLK_CLK_0_BUFG/O
                         net (fo=10075, routed)       0.568     0.904    image_rotator_design_i/smartconnect_0/inst/switchboards/r_switchboard/inst/gen_mi[0].inst_opipe_payld/aclk
    SLICE_X27Y66         FDRE                                         r  image_rotator_design_i/smartconnect_0/inst/switchboards/r_switchboard/inst/gen_mi[0].inst_opipe_payld/gen_pipe[1].pipe_reg[1][42]/C
  -------------------------------------------------------------------    -------------------
    SLICE_X27Y66         FDRE (Prop_fdre_C_Q)         0.141     1.045 r  image_rotator_design_i/smartconnect_0/inst/switchboards/r_switchboard/inst/gen_mi[0].inst_opipe_payld/gen_pipe[1].pipe_reg[1][42]/Q
                         net (fo=1, routed)           0.056     1.100    image_rotator_design_i/smartconnect_0/inst/s00_nodes/s00_r_node/inst/inst_mi_handler/gen_normal_area.inst_fifo_node_payld/gen_xpm_memory_fifo.inst_fifo/gen_mem_rep[0].inst_xpm_memory/xpm_memory_base_inst/gen_wr_a.gen_word_narrow.mem_reg_0_31_42_47/DIA0
    SLICE_X26Y66         RAMD32                                       r  image_rotator_design_i/smartconnect_0/inst/s00_nodes/s00_r_node/inst/inst_mi_handler/gen_normal_area.inst_fifo_node_payld/gen_xpm_memory_fifo.inst_fifo/gen_mem_rep[0].inst_xpm_memory/xpm_memory_base_inst/gen_wr_a.gen_word_narrow.mem_reg_0_31_42_47/RAMA/I
  -------------------------------------------------------------------    -------------------

                         (clock clk_fpga_0 rise edge)
                                                      0.000     0.000 r  
    PS7_X0Y0             PS7                          0.000     0.000 r  image_rotator_design_i/processing_system7_0/inst/PS7_i/FCLKCLK[0]
                         net (fo=1, routed)           0.337     0.337    image_rotator_design_i/processing_system7_0/inst/FCLK_CLK_unbuffered[0]
    BUFGCTRL_X0Y16       BUFG (Prop_bufg_I_O)         0.029     0.366 r  image_rotator_design_i/processing_system7_0/inst/buffer_fclk_clk_0.FCLK_CLK_0_BUFG/O
                         net (fo=10075, routed)       0.836     1.202    image_rotator_design_i/smartconnect_0/inst/s00_nodes/s00_r_node/inst/inst_mi_handler/gen_normal_area.inst_fifo_node_payld/gen_xpm_memory_fifo.inst_fifo/gen_mem_rep[0].inst_xpm_memory/xpm_memory_base_inst/gen_wr_a.gen_word_narrow.mem_reg_0_31_42_47/WCLK
    SLICE_X26Y66         RAMD32                                       r  image_rotator_design_i/smartconnect_0/inst/s00_nodes/s00_r_node/inst/inst_mi_handler/gen_normal_area.inst_fifo_node_payld/gen_xpm_memory_fifo.inst_fifo/gen_mem_rep[0].inst_xpm_memory/xpm_memory_base_inst/gen_wr_a.gen_word_narrow.mem_reg_0_31_42_47/RAMA/CLK
                         clock pessimism             -0.285     0.917    
    SLICE_X26Y66         RAMD32 (Hold_ramd32_CLK_I)
                                                      0.147     1.064    image_rotator_design_i/smartconnect_0/inst/s00_nodes/s00_r_node/inst/inst_mi_handler/gen_normal_area.inst_fifo_node_payld/gen_xpm_memory_fifo.inst_fifo/gen_mem_rep[0].inst_xpm_memory/xpm_memory_base_inst/gen_wr_a.gen_word_narrow.mem_reg_0_31_42_47/RAMA
  -------------------------------------------------------------------
                         required time                         -1.064    
                         arrival time                           1.100    
  -------------------------------------------------------------------
                         slack                                  0.037    

Slack (MET) :             0.038ns  (arrival time - required time)
  Source:                 image_rotator_design_i/smartconnect_0/inst/m00_nodes/m00_ar_node/inst/inst_mi_handler/gen_normal_area.inst_fifo_node_payld/gen_xpm_memory_fifo.inst_fifo/gen_wr.inst_wr_addra_p1/count_r_reg[1]/C
                            (rising edge-triggered cell FDRE clocked by clk_fpga_0  {rise@0.000ns fall@5.000ns period=10.000ns})
  Destination:            image_rotator_design_i/smartconnect_0/inst/m00_nodes/m00_ar_node/inst/inst_mi_handler/gen_normal_area.inst_fifo_node_payld/gen_xpm_memory_fifo.inst_fifo/gen_wr.inst_wr_addra_p1/count_r_reg[4]/D
                            (rising edge-triggered cell FDRE clocked by clk_fpga_0  {rise@0.000ns fall@5.000ns period=10.000ns})
  Path Group:             clk_fpga_0
  Path Type:              Hold (Min at Fast Process Corner)
  Requirement:            0.000ns  (clk_fpga_0 rise@0.000ns - clk_fpga_0 rise@0.000ns)
  Data Path Delay:        0.413ns  (logic 0.213ns (51.562%)  route 0.200ns (48.438%))
  Logic Levels:           1  (LUT5=1)
  Clock Path Skew:        0.268ns (DCD - SCD - CPR)
    Destination Clock Delay (DCD):    1.189ns
    Source Clock Delay      (SCD):    0.886ns
    Clock Pessimism Removal (CPR):    0.035ns

    Location             Delay type                Incr(ns)  Path(ns)    Netlist Resource(s)
  -------------------------------------------------------------------    -------------------
                         (clock clk_fpga_0 rise edge)
                                                      0.000     0.000 r  
    PS7_X0Y0             PS7                          0.000     0.000 r  image_rotator_design_i/processing_system7_0/inst/PS7_i/FCLKCLK[0]
                         net (fo=1, routed)           0.310     0.310    image_rotator_design_i/processing_system7_0/inst/FCLK_CLK_unbuffered[0]
    BUFGCTRL_X0Y16       BUFG (Prop_bufg_I_O)         0.026     0.336 r  image_rotator_design_i/processing_system7_0/inst/buffer_fclk_clk_0.FCLK_CLK_0_BUFG/O
                         net (fo=10075, routed)       0.550     0.886    image_rotator_design_i/smartconnect_0/inst/m00_nodes/m00_ar_node/inst/inst_mi_handler/gen_normal_area.inst_fifo_node_payld/gen_xpm_memory_fifo.inst_fifo/gen_wr.inst_wr_addra_p1/s_sc_aclk
    SLICE_X50Y60         FDRE                                         r  image_rotator_design_i/smartconnect_0/inst/m00_nodes/m00_ar_node/inst/inst_mi_handler/gen_normal_area.inst_fifo_node_payld/gen_xpm_memory_fifo.inst_fifo/gen_wr.inst_wr_addra_p1/count_r_reg[1]/C
  -------------------------------------------------------------------    -------------------
    SLICE_X50Y60         FDRE (Prop_fdre_C_Q)         0.164     1.050 r  image_rotator_design_i/smartconnect_0/inst/m00_nodes/m00_ar_node/inst/inst_mi_handler/gen_normal_area.inst_fifo_node_payld/gen_xpm_memory_fifo.inst_fifo/gen_wr.inst_wr_addra_p1/count_r_reg[1]/Q
                         net (fo=6, routed)           0.200     1.250    image_rotator_design_i/smartconnect_0/inst/m00_nodes/m00_ar_node/inst/inst_mi_handler/gen_normal_area.inst_fifo_node_payld/gen_xpm_memory_fifo.inst_fifo/gen_wr.inst_wr_addra_p1/gen_wr.wr_addra_p1[1]
    SLICE_X49Y59         LUT5 (Prop_lut5_I3_O)        0.049     1.299 r  image_rotator_design_i/smartconnect_0/inst/m00_nodes/m00_ar_node/inst/inst_mi_handler/gen_normal_area.inst_fifo_node_payld/gen_xpm_memory_fifo.inst_fifo/gen_wr.inst_wr_addra_p1/count_r[4]_i_1__2/O
                         net (fo=1, routed)           0.000     1.299    image_rotator_design_i/smartconnect_0/inst/m00_nodes/m00_ar_node/inst/inst_mi_handler/gen_normal_area.inst_fifo_node_payld/gen_xpm_memory_fifo.inst_fifo/gen_wr.inst_wr_addra_p1/count_r[4]_i_1__2_n_0
    SLICE_X49Y59         FDRE                                         r  image_rotator_design_i/smartconnect_0/inst/m00_nodes/m00_ar_node/inst/inst_mi_handler/gen_normal_area.inst_fifo_node_payld/gen_xpm_memory_fifo.inst_fifo/gen_wr.inst_wr_addra_p1/count_r_reg[4]/D
  -------------------------------------------------------------------    -------------------

                         (clock clk_fpga_0 rise edge)
                                                      0.000     0.000 r  
    PS7_X0Y0             PS7                          0.000     0.000 r  image_rotator_design_i/processing_system7_0/inst/PS7_i/FCLKCLK[0]
                         net (fo=1, routed)           0.337     0.337    image_rotator_design_i/processing_system7_0/inst/FCLK_CLK_unbuffered[0]
    BUFGCTRL_X0Y16       BUFG (Prop_bufg_I_O)         0.029     0.366 r  image_rotator_design_i/processing_system7_0/inst/buffer_fclk_clk_0.FCLK_CLK_0_BUFG/O
                         net (fo=10075, routed)       0.823     1.189    image_rotator_design_i/smartconnect_0/inst/m00_nodes/m00_ar_node/inst/inst_mi_handler/gen_normal_area.inst_fifo_node_payld/gen_xpm_memory_fifo.inst_fifo/gen_wr.inst_wr_addra_p1/s_sc_aclk
    SLICE_X49Y59         FDRE                                         r  image_rotator_design_i/smartconnect_0/inst/m00_nodes/m00_ar_node/inst/inst_mi_handler/gen_normal_area.inst_fifo_node_payld/gen_xpm_memory_fifo.inst_fifo/gen_wr.inst_wr_addra_p1/count_r_reg[4]/C
                         clock pessimism             -0.035     1.154    
    SLICE_X49Y59         FDRE (Hold_fdre_C_D)         0.107     1.261    image_rotator_design_i/smartconnect_0/inst/m00_nodes/m00_ar_node/inst/inst_mi_handler/gen_normal_area.inst_fifo_node_payld/gen_xpm_memory_fifo.inst_fifo/gen_wr.inst_wr_addra_p1/count_r_reg[4]
  -------------------------------------------------------------------
                         required time                         -1.261    
                         arrival time                           1.299    
  -------------------------------------------------------------------
                         slack                                  0.038    

Slack (MET) :             0.041ns  (arrival time - required time)
  Source:                 image_rotator_design_i/smartconnect_0/inst/m00_nodes/m00_r_node/inst/inst_mi_handler/gen_normal_area.inst_fifo_node_payld/gen_xpm_memory_fifo.inst_fifo/gen_mem_rep[0].inst_xpm_memory/xpm_memory_base_inst/gen_rd_b.doutb_reg_reg[65]/C
                            (rising edge-triggered cell FDRE clocked by clk_fpga_0  {rise@0.000ns fall@5.000ns period=10.000ns})
  Destination:            image_rotator_design_i/smartconnect_0/inst/switchboards/r_switchboard/inst/gen_mi[0].inst_opipe_payld/gen_pipe[1].pipe_reg[1][65]/D
                            (rising edge-triggered cell FDRE clocked by clk_fpga_0  {rise@0.000ns fall@5.000ns period=10.000ns})
  Path Group:             clk_fpga_0
  Path Type:              Hold (Min at Fast Process Corner)
  Requirement:            0.000ns  (clk_fpga_0 rise@0.000ns - clk_fpga_0 rise@0.000ns)
  Data Path Delay:        0.380ns  (logic 0.164ns (43.200%)  route 0.216ns (56.800%))
  Logic Levels:           0  
  Clock Path Skew:        0.267ns (DCD - SCD - CPR)
    Destination Clock Delay (DCD):    1.190ns
    Source Clock Delay      (SCD):    0.888ns
    Clock Pessimism Removal (CPR):    0.035ns

    Location             Delay type                Incr(ns)  Path(ns)    Netlist Resource(s)
  -------------------------------------------------------------------    -------------------
                         (clock clk_fpga_0 rise edge)
                                                      0.000     0.000 r  
    PS7_X0Y0             PS7                          0.000     0.000 r  image_rotator_design_i/processing_system7_0/inst/PS7_i/FCLKCLK[0]
                         net (fo=1, routed)           0.310     0.310    image_rotator_design_i/processing_system7_0/inst/FCLK_CLK_unbuffered[0]
    BUFGCTRL_X0Y16       BUFG (Prop_bufg_I_O)         0.026     0.336 r  image_rotator_design_i/processing_system7_0/inst/buffer_fclk_clk_0.FCLK_CLK_0_BUFG/O
                         net (fo=10075, routed)       0.552     0.888    image_rotator_design_i/smartconnect_0/inst/m00_nodes/m00_r_node/inst/inst_mi_handler/gen_normal_area.inst_fifo_node_payld/gen_xpm_memory_fifo.inst_fifo/gen_mem_rep[0].inst_xpm_memory/xpm_memory_base_inst/clka
    SLICE_X50Y54         FDRE                                         r  image_rotator_design_i/smartconnect_0/inst/m00_nodes/m00_r_node/inst/inst_mi_handler/gen_normal_area.inst_fifo_node_payld/gen_xpm_memory_fifo.inst_fifo/gen_mem_rep[0].inst_xpm_memory/xpm_memory_base_inst/gen_rd_b.doutb_reg_reg[65]/C
  -------------------------------------------------------------------    -------------------
    SLICE_X50Y54         FDRE (Prop_fdre_C_Q)         0.164     1.052 r  image_rotator_design_i/smartconnect_0/inst/m00_nodes/m00_r_node/inst/inst_mi_handler/gen_normal_area.inst_fifo_node_payld/gen_xpm_memory_fifo.inst_fifo/gen_mem_rep[0].inst_xpm_memory/xpm_memory_base_inst/gen_rd_b.doutb_reg_reg[65]/Q
                         net (fo=1, routed)           0.216     1.267    image_rotator_design_i/smartconnect_0/inst/switchboards/r_switchboard/inst/gen_mi[0].inst_opipe_payld/s_sc_payld[64]
    SLICE_X47Y53         FDRE                                         r  image_rotator_design_i/smartconnect_0/inst/switchboards/r_switchboard/inst/gen_mi[0].inst_opipe_payld/gen_pipe[1].pipe_reg[1][65]/D
  -------------------------------------------------------------------    -------------------

                         (clock clk_fpga_0 rise edge)
                                                      0.000     0.000 r  
    PS7_X0Y0             PS7                          0.000     0.000 r  image_rotator_design_i/processing_system7_0/inst/PS7_i/FCLKCLK[0]
                         net (fo=1, routed)           0.337     0.337    image_rotator_design_i/processing_system7_0/inst/FCLK_CLK_unbuffered[0]
    BUFGCTRL_X0Y16       BUFG (Prop_bufg_I_O)         0.029     0.366 r  image_rotator_design_i/processing_system7_0/inst/buffer_fclk_clk_0.FCLK_CLK_0_BUFG/O
                         net (fo=10075, routed)       0.824     1.190    image_rotator_design_i/smartconnect_0/inst/switchboards/r_switchboard/inst/gen_mi[0].inst_opipe_payld/aclk
    SLICE_X47Y53         FDRE                                         r  image_rotator_design_i/smartconnect_0/inst/switchboards/r_switchboard/inst/gen_mi[0].inst_opipe_payld/gen_pipe[1].pipe_reg[1][65]/C
                         clock pessimism             -0.035     1.155    
    SLICE_X47Y53         FDRE (Hold_fdre_C_D)         0.071     1.226    image_rotator_design_i/smartconnect_0/inst/switchboards/r_switchboard/inst/gen_mi[0].inst_opipe_payld/gen_pipe[1].pipe_reg[1][65]
  -------------------------------------------------------------------
                         required time                         -1.226    
                         arrival time                           1.267    
  -------------------------------------------------------------------
                         slack                                  0.041    

Slack (MET) :             0.043ns  (arrival time - required time)
  Source:                 image_rotator_design_i/smartconnect_0/inst/m00_nodes/m00_r_node/inst/inst_mi_handler/gen_normal_area.inst_fifo_node_payld/gen_xpm_memory_fifo.inst_fifo/gen_mem_rep[0].inst_xpm_memory/xpm_memory_base_inst/gen_rd_b.doutb_reg_reg[61]/C
                            (rising edge-triggered cell FDRE clocked by clk_fpga_0  {rise@0.000ns fall@5.000ns period=10.000ns})
  Destination:            image_rotator_design_i/smartconnect_0/inst/switchboards/r_switchboard/inst/gen_mi[0].inst_opipe_payld/gen_pipe[1].pipe_reg[1][61]/D
                            (rising edge-triggered cell FDRE clocked by clk_fpga_0  {rise@0.000ns fall@5.000ns period=10.000ns})
  Path Group:             clk_fpga_0
  Path Type:              Hold (Min at Fast Process Corner)
  Requirement:            0.000ns  (clk_fpga_0 rise@0.000ns - clk_fpga_0 rise@0.000ns)
  Data Path Delay:        0.380ns  (logic 0.164ns (43.161%)  route 0.216ns (56.839%))
  Logic Levels:           0  
  Clock Path Skew:        0.267ns (DCD - SCD - CPR)
    Destination Clock Delay (DCD):    1.190ns
    Source Clock Delay      (SCD):    0.888ns
    Clock Pessimism Removal (CPR):    0.035ns

    Location             Delay type                Incr(ns)  Path(ns)    Netlist Resource(s)
  -------------------------------------------------------------------    -------------------
                         (clock clk_fpga_0 rise edge)
                                                      0.000     0.000 r  
    PS7_X0Y0             PS7                          0.000     0.000 r  image_rotator_design_i/processing_system7_0/inst/PS7_i/FCLKCLK[0]
                         net (fo=1, routed)           0.310     0.310    image_rotator_design_i/processing_system7_0/inst/FCLK_CLK_unbuffered[0]
    BUFGCTRL_X0Y16       BUFG (Prop_bufg_I_O)         0.026     0.336 r  image_rotator_design_i/processing_system7_0/inst/buffer_fclk_clk_0.FCLK_CLK_0_BUFG/O
                         net (fo=10075, routed)       0.552     0.888    image_rotator_design_i/smartconnect_0/inst/m00_nodes/m00_r_node/inst/inst_mi_handler/gen_normal_area.inst_fifo_node_payld/gen_xpm_memory_fifo.inst_fifo/gen_mem_rep[0].inst_xpm_memory/xpm_memory_base_inst/clka
    SLICE_X50Y54         FDRE                                         r  image_rotator_design_i/smartconnect_0/inst/m00_nodes/m00_r_node/inst/inst_mi_handler/gen_normal_area.inst_fifo_node_payld/gen_xpm_memory_fifo.inst_fifo/gen_mem_rep[0].inst_xpm_memory/xpm_memory_base_inst/gen_rd_b.doutb_reg_reg[61]/C
  -------------------------------------------------------------------    -------------------
    SLICE_X50Y54         FDRE (Prop_fdre_C_Q)         0.164     1.052 r  image_rotator_design_i/smartconnect_0/inst/m00_nodes/m00_r_node/inst/inst_mi_handler/gen_normal_area.inst_fifo_node_payld/gen_xpm_memory_fifo.inst_fifo/gen_mem_rep[0].inst_xpm_memory/xpm_memory_base_inst/gen_rd_b.doutb_reg_reg[61]/Q
                         net (fo=1, routed)           0.216     1.268    image_rotator_design_i/smartconnect_0/inst/switchboards/r_switchboard/inst/gen_mi[0].inst_opipe_payld/s_sc_payld[60]
    SLICE_X47Y53         FDRE                                         r  image_rotator_design_i/smartconnect_0/inst/switchboards/r_switchboard/inst/gen_mi[0].inst_opipe_payld/gen_pipe[1].pipe_reg[1][61]/D
  -------------------------------------------------------------------    -------------------

                         (clock clk_fpga_0 rise edge)
                                                      0.000     0.000 r  
    PS7_X0Y0             PS7                          0.000     0.000 r  image_rotator_design_i/processing_system7_0/inst/PS7_i/FCLKCLK[0]
                         net (fo=1, routed)           0.337     0.337    image_rotator_design_i/processing_system7_0/inst/FCLK_CLK_unbuffered[0]
    BUFGCTRL_X0Y16       BUFG (Prop_bufg_I_O)         0.029     0.366 r  image_rotator_design_i/processing_system7_0/inst/buffer_fclk_clk_0.FCLK_CLK_0_BUFG/O
                         net (fo=10075, routed)       0.824     1.190    image_rotator_design_i/smartconnect_0/inst/switchboards/r_switchboard/inst/gen_mi[0].inst_opipe_payld/aclk
    SLICE_X47Y53         FDRE                                         r  image_rotator_design_i/smartconnect_0/inst/switchboards/r_switchboard/inst/gen_mi[0].inst_opipe_payld/gen_pipe[1].pipe_reg[1][61]/C
                         clock pessimism             -0.035     1.155    
    SLICE_X47Y53         FDRE (Hold_fdre_C_D)         0.070     1.225    image_rotator_design_i/smartconnect_0/inst/switchboards/r_switchboard/inst/gen_mi[0].inst_opipe_payld/gen_pipe[1].pipe_reg[1][61]
  -------------------------------------------------------------------
                         required time                         -1.225    
                         arrival time                           1.268    
  -------------------------------------------------------------------
                         slack                                  0.043    





Pulse Width Checks
--------------------------------------------------------------------------------------
Clock Name:         clk_fpga_0
Waveform(ns):       { 0.000 5.000 }
Period(ns):         10.000
Sources:            { image_rotator_design_i/processing_system7_0/inst/PS7_i/FCLKCLK[0] }

Check Type        Corner  Lib Pin             Reference Pin  Required(ns)  Actual(ns)  Slack(ns)  Location        Pin
Min Period        n/a     RAMB36E1/CLKARDCLK  n/a            2.576         10.000      7.424      RAMB36_X0Y9     image_rotator_design_i/axi_dma_0/U0/I_PRMRY_DATAMOVER/GEN_MM2S_FULL.I_MM2S_FULL_WRAPPER/GEN_INCLUDE_MM2S_SF.I_RD_SF/I_DATA_FIFO/BLK_MEM.I_SYNC_FIFOGEN_FIFO/xpm_fifo_instance.xpm_fifo_sync_inst/xpm_fifo_base_inst/gen_sdpram.xpm_memory_base_inst/gen_wr_a.gen_word_narrow.mem_reg/CLKARDCLK
Min Period        n/a     RAMB36E1/CLKBWRCLK  n/a            2.576         10.000      7.424      RAMB36_X0Y9     image_rotator_design_i/axi_dma_0/U0/I_PRMRY_DATAMOVER/GEN_MM2S_FULL.I_MM2S_FULL_WRAPPER/GEN_INCLUDE_MM2S_SF.I_RD_SF/I_DATA_FIFO/BLK_MEM.I_SYNC_FIFOGEN_FIFO/xpm_fifo_instance.xpm_fifo_sync_inst/xpm_fifo_base_inst/gen_sdpram.xpm_memory_base_inst/gen_wr_a.gen_word_narrow.mem_reg/CLKBWRCLK
Min Period        n/a     RAMB36E1/CLKARDCLK  n/a            2.576         10.000      7.424      RAMB36_X0Y8     image_rotator_design_i/axi_dma_0/U0/I_PRMRY_DATAMOVER/GEN_S2MM_FULL.I_S2MM_FULL_WRAPPER/GEN_ENABLE_INDET_BTT_SF.I_INDET_BTT/I_DATA_FIFO/BLK_MEM.I_SYNC_FIFOGEN_FIFO/xpm_fifo_instance.xpm_fifo_sync_inst/xpm_fifo_base_inst/gen_sdpram.xpm_memory_base_inst/gen_wr_a.gen_word_narrow.mem_reg/CLKARDCLK
Min Period        n/a     RAMB36E1/CLKBWRCLK  n/a            2.576         10.000      7.424      RAMB36_X0Y8     image_rotator_design_i/axi_dma_0/U0/I_PRMRY_DATAMOVER/GEN_S2MM_FULL.I_S2MM_FULL_WRAPPER/GEN_ENABLE_INDET_BTT_SF.I_INDET_BTT/I_DATA_FIFO/BLK_MEM.I_SYNC_FIFOGEN_FIFO/xpm_fifo_instance.xpm_fifo_sync_inst/xpm_fifo_base_inst/gen_sdpram.xpm_memory_base_inst/gen_wr_a.gen_word_narrow.mem_reg/CLKBWRCLK
Min Period        n/a     BUFG/I              n/a            2.155         10.000      7.845      BUFGCTRL_X0Y16  image_rotator_design_i/processing_system7_0/inst/buffer_fclk_clk_0.FCLK_CLK_0_BUFG/I
Min Period        n/a     FDRE/C              n/a            1.000         10.000      9.000      SLICE_X35Y80    image_rotator_design_i/axi_dma_0/U0/INCLUDE_MM2S_SOF_EOF_GENERATOR.I_MM2S_DMA_MNGR/GEN_MM2S_DMA_CONTROL.GEN_SIMPLE_DMA_MODE.I_MM2S_SMPL_SM/FSM_sequential_smpl_cs_reg[0]/C
Min Period        n/a     FDRE/C              n/a            1.000         10.000      9.000      SLICE_X35Y80    image_rotator_design_i/axi_dma_0/U0/INCLUDE_MM2S_SOF_EOF_GENERATOR.I_MM2S_DMA_MNGR/GEN_MM2S_DMA_CONTROL.GEN_SIMPLE_DMA_MODE.I_MM2S_SMPL_SM/FSM_sequential_smpl_cs_reg[1]/C
Min Period        n/a     FDRE/C              n/a            1.000         10.000      9.000      SLICE_X42Y83    image_rotator_design_i/axi_dma_0/U0/INCLUDE_MM2S_SOF_EOF_GENERATOR.I_MM2S_DMA_MNGR/GEN_MM2S_DMA_CONTROL.GEN_SIMPLE_DMA_MODE.I_MM2S_SMPL_SM/GEN_CMD_BTT_LESS_23.cmnd_data_reg[0]/C
Min Period        n/a     FDRE/C              n/a            1.000         10.000      9.000      SLICE_X39Y81    image_rotator_design_i/axi_dma_0/U0/INCLUDE_MM2S_SOF_EOF_GENERATOR.I_MM2S_DMA_MNGR/GEN_MM2S_DMA_CONTROL.GEN_SIMPLE_DMA_MODE.I_MM2S_SMPL_SM/GEN_CMD_BTT_LESS_23.cmnd_data_reg[10]/C
Min Period        n/a     FDRE/C              n/a            1.000         10.000      9.000      SLICE_X40Y80    image_rotator_design_i/axi_dma_0/U0/INCLUDE_MM2S_SOF_EOF_GENERATOR.I_MM2S_DMA_MNGR/GEN_MM2S_DMA_CONTROL.GEN_SIMPLE_DMA_MODE.I_MM2S_SMPL_SM/GEN_CMD_BTT_LESS_23.cmnd_data_reg[11]/C
Low Pulse Width   Slow    RAMD64E/CLK         n/a            1.250         5.000       3.750      SLICE_X36Y35    image_rotator_design_i/axi_image_rotator_0/inst/bram_bank1_reg_3904_3967_6_6/DP/CLK
Low Pulse Width   Slow    RAMD64E/CLK         n/a            1.250         5.000       3.750      SLICE_X36Y35    image_rotator_design_i/axi_image_rotator_0/inst/bram_bank1_reg_3904_3967_6_6/SP/CLK
Low Pulse Width   Slow    RAMD64E/CLK         n/a            1.250         5.000       3.750      SLICE_X50Y28    image_rotator_design_i/axi_image_rotator_0/inst/bram_bank1_reg_3968_4031_0_2/RAMA/CLK
Low Pulse Width   Slow    RAMD64E/CLK         n/a            1.250         5.000       3.750      SLICE_X50Y28    image_rotator_design_i/axi_image_rotator_0/inst/bram_bank1_reg_3968_4031_0_2/RAMB/CLK
Low Pulse Width   Slow    RAMD64E/CLK         n/a            1.250         5.000       3.750      SLICE_X50Y28    image_rotator_design_i/axi_image_rotator_0/inst/bram_bank1_reg_3968_4031_0_2/RAMC/CLK
Low Pulse Width   Slow    RAMD64E/CLK         n/a            1.250         5.000       3.750      SLICE_X50Y28    image_rotator_design_i/axi_image_rotator_0/inst/bram_bank1_reg_3968_4031_0_2/RAMD/CLK
Low Pulse Width   Slow    RAMD64E/CLK         n/a            1.250         5.000       3.750      SLICE_X32Y35    image_rotator_design_i/axi_image_rotator_0/inst/bram_bank1_reg_4032_4095_0_2/RAMA/CLK
Low Pulse Width   Slow    RAMD64E/CLK         n/a            1.250         5.000       3.750      SLICE_X32Y35    image_rotator_design_i/axi_image_rotator_0/inst/bram_bank1_reg_4032_4095_0_2/RAMB/CLK
Low Pulse Width   Slow    RAMD64E/CLK         n/a            1.250         5.000       3.750      SLICE_X32Y35    image_rotator_design_i/axi_image_rotator_0/inst/bram_bank1_reg_4032_4095_0_2/RAMC/CLK
Low Pulse Width   Slow    RAMD64E/CLK         n/a            1.250         5.000       3.750      SLICE_X32Y35    image_rotator_design_i/axi_image_rotator_0/inst/bram_bank1_reg_4032_4095_0_2/RAMD/CLK
High Pulse Width  Slow    RAMD64E/CLK         n/a            1.250         5.000       3.750      SLICE_X20Y7     image_rotator_design_i/axi_image_rotator_0/inst/bram_bank0_reg_3328_3391_7_7/DP/CLK
High Pulse Width  Slow    RAMD64E/CLK         n/a            1.250         5.000       3.750      SLICE_X20Y7     image_rotator_design_i/axi_image_rotator_0/inst/bram_bank0_reg_3328_3391_7_7/SP/CLK
High Pulse Width  Slow    RAMD64E/CLK         n/a            1.250         5.000       3.750      SLICE_X10Y18    image_rotator_design_i/axi_image_rotator_0/inst/bram_bank2_reg_384_447_0_2/RAMA/CLK
High Pulse Width  Slow    RAMD64E/CLK         n/a            1.250         5.000       3.750      SLICE_X10Y18    image_rotator_design_i/axi_image_rotator_0/inst/bram_bank2_reg_384_447_0_2/RAMB/CLK
High Pulse Width  Slow    RAMD64E/CLK         n/a            1.250         5.000       3.750      SLICE_X10Y18    image_rotator_design_i/axi_image_rotator_0/inst/bram_bank2_reg_384_447_0_2/RAMC/CLK
High Pulse Width  Slow    RAMD64E/CLK         n/a            1.250         5.000       3.750      SLICE_X10Y18    image_rotator_design_i/axi_image_rotator_0/inst/bram_bank2_reg_384_447_0_2/RAMD/CLK
High Pulse Width  Slow    RAMD64E/CLK         n/a            1.250         5.000       3.750      SLICE_X36Y54    image_rotator_design_i/axi_image_rotator_0/inst/bram_bank3_reg_448_511_3_5/RAMA/CLK
High Pulse Width  Slow    RAMD64E/CLK         n/a            1.250         5.000       3.750      SLICE_X36Y54    image_rotator_design_i/axi_image_rotator_0/inst/bram_bank3_reg_448_511_3_5/RAMB/CLK
High Pulse Width  Slow    RAMD64E/CLK         n/a            1.250         5.000       3.750      SLICE_X22Y34    image_rotator_design_i/axi_image_rotator_0/inst/bram_bank1_reg_3648_3711_3_5/RAMA/CLK
High Pulse Width  Slow    RAMD64E/CLK         n/a            1.250         5.000       3.750      SLICE_X22Y34    image_rotator_design_i/axi_image_rotator_0/inst/bram_bank1_reg_3648_3711_3_5/RAMB/CLK



---------------------------------------------------------------------------------------------------
Path Group:  **async_default**
From Clock:  clk_fpga_0
  To Clock:  clk_fpga_0

Setup :            0  Failing Endpoints,  Worst Slack        1.875ns,  Total Violation        0.000ns
Hold  :            0  Failing Endpoints,  Worst Slack        1.501ns,  Total Violation        0.000ns
---------------------------------------------------------------------------------------------------


Max Delay Paths
--------------------------------------------------------------------------------------
Slack (MET) :             1.875ns  (required time - arrival time)
  Source:                 image_rotator_design_i/proc_sys_reset_0/U0/ACTIVE_LOW_PR_OUT_DFF[0].FDRE_PER_N/C
                            (rising edge-triggered cell FDRE clocked by clk_fpga_0  {rise@0.000ns fall@5.000ns period=10.000ns})
  Destination:            image_rotator_design_i/axi_image_rotator_0/inst/wr_ptr_reg[5]_rep__2/CLR
                            (recovery check against rising-edge clock clk_fpga_0  {rise@0.000ns fall@5.000ns period=10.000ns})
  Path Group:             **async_default**
  Path Type:              Recovery (Max at Slow Process Corner)
  Requirement:            10.000ns  (clk_fpga_0 rise@10.000ns - clk_fpga_0 rise@0.000ns)
  Data Path Delay:        7.402ns  (logic 0.642ns (8.674%)  route 6.760ns (91.326%))
  Logic Levels:           1  (LUT1=1)
  Clock Path Skew:        -0.165ns (DCD - SCD + CPR)
    Destination Clock Delay (DCD):    2.667ns = ( 12.667 - 10.000 ) 
    Source Clock Delay      (SCD):    2.947ns
    Clock Pessimism Removal (CPR):    0.115ns
  Clock Uncertainty:      0.154ns  ((TSJ^2 + TIJ^2)^1/2 + DJ) / 2 + PE
    Total System Jitter     (TSJ):    0.071ns
    Total Input Jitter      (TIJ):    0.300ns
    Discrete Jitter          (DJ):    0.000ns
    Phase Error              (PE):    0.000ns

    Location             Delay type                Incr(ns)  Path(ns)    Netlist Resource(s)
  -------------------------------------------------------------------    -------------------
                         (clock clk_fpga_0 rise edge)
                                                      0.000     0.000 r  
    PS7_X0Y0             PS7                          0.000     0.000 r  image_rotator_design_i/processing_system7_0/inst/PS7_i/FCLKCLK[0]
                         net (fo=1, routed)           1.193     1.193    image_rotator_design_i/processing_system7_0/inst/FCLK_CLK_unbuffered[0]
    BUFGCTRL_X0Y16       BUFG (Prop_bufg_I_O)         0.101     1.294 r  image_rotator_design_i/processing_system7_0/inst/buffer_fclk_clk_0.FCLK_CLK_0_BUFG/O
                         net (fo=10075, routed)       1.653     2.947    image_rotator_design_i/proc_sys_reset_0/U0/slowest_sync_clk
    SLICE_X36Y97         FDRE                                         r  image_rotator_design_i/proc_sys_reset_0/U0/ACTIVE_LOW_PR_OUT_DFF[0].FDRE_PER_N/C
  -------------------------------------------------------------------    -------------------
    SLICE_X36Y97         FDRE (Prop_fdre_C_Q)         0.518     3.465 r  image_rotator_design_i/proc_sys_reset_0/U0/ACTIVE_LOW_PR_OUT_DFF[0].FDRE_PER_N/Q
                         net (fo=11, routed)          2.981     6.446    image_rotator_design_i/axi_image_rotator_0/inst/aresetn
    SLICE_X45Y42         LUT1 (Prop_lut1_I0_O)        0.124     6.570 f  image_rotator_design_i/axi_image_rotator_0/inst/s_axis_tready_i_2/O
                         net (fo=105, routed)         3.778    10.349    image_rotator_design_i/axi_image_rotator_0/inst/s_axis_tready_i_2_n_0
    SLICE_X39Y16         FDCE                                         f  image_rotator_design_i/axi_image_rotator_0/inst/wr_ptr_reg[5]_rep__2/CLR
  -------------------------------------------------------------------    -------------------

                         (clock clk_fpga_0 rise edge)
                                                     10.000    10.000 r  
    PS7_X0Y0             PS7                          0.000    10.000 r  image_rotator_design_i/processing_system7_0/inst/PS7_i/FCLKCLK[0]
                         net (fo=1, routed)           1.088    11.088    image_rotator_design_i/processing_system7_0/inst/FCLK_CLK_unbuffered[0]
    BUFGCTRL_X0Y16       BUFG (Prop_bufg_I_O)         0.091    11.179 r  image_rotator_design_i/processing_system7_0/inst/buffer_fclk_clk_0.FCLK_CLK_0_BUFG/O
                         net (fo=10075, routed)       1.488    12.667    image_rotator_design_i/axi_image_rotator_0/inst/aclk
    SLICE_X39Y16         FDCE                                         r  image_rotator_design_i/axi_image_rotator_0/inst/wr_ptr_reg[5]_rep__2/C
                         clock pessimism              0.115    12.782    
                         clock uncertainty           -0.154    12.628    
    SLICE_X39Y16         FDCE (Recov_fdce_C_CLR)     -0.405    12.223    image_rotator_design_i/axi_image_rotator_0/inst/wr_ptr_reg[5]_rep__2
  -------------------------------------------------------------------
                         required time                         12.223    
                         arrival time                         -10.349    
  -------------------------------------------------------------------
                         slack                                  1.875    

Slack (MET) :             1.875ns  (required time - arrival time)
  Source:                 image_rotator_design_i/proc_sys_reset_0/U0/ACTIVE_LOW_PR_OUT_DFF[0].FDRE_PER_N/C
                            (rising edge-triggered cell FDRE clocked by clk_fpga_0  {rise@0.000ns fall@5.000ns period=10.000ns})
  Destination:            image_rotator_design_i/axi_image_rotator_0/inst/wr_ptr_reg[6]_rep__2/CLR
                            (recovery check against rising-edge clock clk_fpga_0  {rise@0.000ns fall@5.000ns period=10.000ns})
  Path Group:             **async_default**
  Path Type:              Recovery (Max at Slow Process Corner)
  Requirement:            10.000ns  (clk_fpga_0 rise@10.000ns - clk_fpga_0 rise@0.000ns)
  Data Path Delay:        7.402ns  (logic 0.642ns (8.674%)  route 6.760ns (91.326%))
  Logic Levels:           1  (LUT1=1)
  Clock Path Skew:        -0.165ns (DCD - SCD + CPR)
    Destination Clock Delay (DCD):    2.667ns = ( 12.667 - 10.000 ) 
    Source Clock Delay      (SCD):    2.947ns
    Clock Pessimism Removal (CPR):    0.115ns
  Clock Uncertainty:      0.154ns  ((TSJ^2 + TIJ^2)^1/2 + DJ) / 2 + PE
    Total System Jitter     (TSJ):    0.071ns
    Total Input Jitter      (TIJ):    0.300ns
    Discrete Jitter          (DJ):    0.000ns
    Phase Error              (PE):    0.000ns

    Location             Delay type                Incr(ns)  Path(ns)    Netlist Resource(s)
  -------------------------------------------------------------------    -------------------
                         (clock clk_fpga_0 rise edge)
                                                      0.000     0.000 r  
    PS7_X0Y0             PS7                          0.000     0.000 r  image_rotator_design_i/processing_system7_0/inst/PS7_i/FCLKCLK[0]
                         net (fo=1, routed)           1.193     1.193    image_rotator_design_i/processing_system7_0/inst/FCLK_CLK_unbuffered[0]
    BUFGCTRL_X0Y16       BUFG (Prop_bufg_I_O)         0.101     1.294 r  image_rotator_design_i/processing_system7_0/inst/buffer_fclk_clk_0.FCLK_CLK_0_BUFG/O
                         net (fo=10075, routed)       1.653     2.947    image_rotator_design_i/proc_sys_reset_0/U0/slowest_sync_clk
    SLICE_X36Y97         FDRE                                         r  image_rotator_design_i/proc_sys_reset_0/U0/ACTIVE_LOW_PR_OUT_DFF[0].FDRE_PER_N/C
  -------------------------------------------------------------------    -------------------
    SLICE_X36Y97         FDRE (Prop_fdre_C_Q)         0.518     3.465 r  image_rotator_design_i/proc_sys_reset_0/U0/ACTIVE_LOW_PR_OUT_DFF[0].FDRE_PER_N/Q
                         net (fo=11, routed)          2.981     6.446    image_rotator_design_i/axi_image_rotator_0/inst/aresetn
    SLICE_X45Y42         LUT1 (Prop_lut1_I0_O)        0.124     6.570 f  image_rotator_design_i/axi_image_rotator_0/inst/s_axis_tready_i_2/O
                         net (fo=105, routed)         3.778    10.349    image_rotator_design_i/axi_image_rotator_0/inst/s_axis_tready_i_2_n_0
    SLICE_X39Y16         FDCE                                         f  image_rotator_design_i/axi_image_rotator_0/inst/wr_ptr_reg[6]_rep__2/CLR
  -------------------------------------------------------------------    -------------------

                         (clock clk_fpga_0 rise edge)
                                                     10.000    10.000 r  
    PS7_X0Y0             PS7                          0.000    10.000 r  image_rotator_design_i/processing_system7_0/inst/PS7_i/FCLKCLK[0]
                         net (fo=1, routed)           1.088    11.088    image_rotator_design_i/processing_system7_0/inst/FCLK_CLK_unbuffered[0]
    BUFGCTRL_X0Y16       BUFG (Prop_bufg_I_O)         0.091    11.179 r  image_rotator_design_i/processing_system7_0/inst/buffer_fclk_clk_0.FCLK_CLK_0_BUFG/O
                         net (fo=10075, routed)       1.488    12.667    image_rotator_design_i/axi_image_rotator_0/inst/aclk
    SLICE_X39Y16         FDCE                                         r  image_rotator_design_i/axi_image_rotator_0/inst/wr_ptr_reg[6]_rep__2/C
                         clock pessimism              0.115    12.782    
                         clock uncertainty           -0.154    12.628    
    SLICE_X39Y16         FDCE (Recov_fdce_C_CLR)     -0.405    12.223    image_rotator_design_i/axi_image_rotator_0/inst/wr_ptr_reg[6]_rep__2
  -------------------------------------------------------------------
                         required time                         12.223    
                         arrival time                         -10.349    
  -------------------------------------------------------------------
                         slack                                  1.875    

Slack (MET) :             2.112ns  (required time - arrival time)
  Source:                 image_rotator_design_i/proc_sys_reset_0/U0/ACTIVE_LOW_PR_OUT_DFF[0].FDRE_PER_N/C
                            (rising edge-triggered cell FDRE clocked by clk_fpga_0  {rise@0.000ns fall@5.000ns period=10.000ns})
  Destination:            image_rotator_design_i/axi_image_rotator_0/inst/wr_ptr_reg[23]/CLR
                            (recovery check against rising-edge clock clk_fpga_0  {rise@0.000ns fall@5.000ns period=10.000ns})
  Path Group:             **async_default**
  Path Type:              Recovery (Max at Slow Process Corner)
  Requirement:            10.000ns  (clk_fpga_0 rise@10.000ns - clk_fpga_0 rise@0.000ns)
  Data Path Delay:        7.169ns  (logic 0.642ns (8.956%)  route 6.527ns (91.044%))
  Logic Levels:           1  (LUT1=1)
  Clock Path Skew:        -0.161ns (DCD - SCD + CPR)
    Destination Clock Delay (DCD):    2.671ns = ( 12.672 - 10.000 ) 
    Source Clock Delay      (SCD):    2.947ns
    Clock Pessimism Removal (CPR):    0.115ns
  Clock Uncertainty:      0.154ns  ((TSJ^2 + TIJ^2)^1/2 + DJ) / 2 + PE
    Total System Jitter     (TSJ):    0.071ns
    Total Input Jitter      (TIJ):    0.300ns
    Discrete Jitter          (DJ):    0.000ns
    Phase Error              (PE):    0.000ns

    Location             Delay type                Incr(ns)  Path(ns)    Netlist Resource(s)
  -------------------------------------------------------------------    -------------------
                         (clock clk_fpga_0 rise edge)
                                                      0.000     0.000 r  
    PS7_X0Y0             PS7                          0.000     0.000 r  image_rotator_design_i/processing_system7_0/inst/PS7_i/FCLKCLK[0]
                         net (fo=1, routed)           1.193     1.193    image_rotator_design_i/processing_system7_0/inst/FCLK_CLK_unbuffered[0]
    BUFGCTRL_X0Y16       BUFG (Prop_bufg_I_O)         0.101     1.294 r  image_rotator_design_i/processing_system7_0/inst/buffer_fclk_clk_0.FCLK_CLK_0_BUFG/O
                         net (fo=10075, routed)       1.653     2.947    image_rotator_design_i/proc_sys_reset_0/U0/slowest_sync_clk
    SLICE_X36Y97         FDRE                                         r  image_rotator_design_i/proc_sys_reset_0/U0/ACTIVE_LOW_PR_OUT_DFF[0].FDRE_PER_N/C
  -------------------------------------------------------------------    -------------------
    SLICE_X36Y97         FDRE (Prop_fdre_C_Q)         0.518     3.465 r  image_rotator_design_i/proc_sys_reset_0/U0/ACTIVE_LOW_PR_OUT_DFF[0].FDRE_PER_N/Q
                         net (fo=11, routed)          2.981     6.446    image_rotator_design_i/axi_image_rotator_0/inst/aresetn
    SLICE_X45Y42         LUT1 (Prop_lut1_I0_O)        0.124     6.570 f  image_rotator_design_i/axi_image_rotator_0/inst/s_axis_tready_i_2/O
                         net (fo=105, routed)         3.545    10.116    image_rotator_design_i/axi_image_rotator_0/inst/s_axis_tready_i_2_n_0
    SLICE_X48Y7          FDCE                                         f  image_rotator_design_i/axi_image_rotator_0/inst/wr_ptr_reg[23]/CLR
  -------------------------------------------------------------------    -------------------

                         (clock clk_fpga_0 rise edge)
                                                     10.000    10.000 r  
    PS7_X0Y0             PS7                          0.000    10.000 r  image_rotator_design_i/processing_system7_0/inst/PS7_i/FCLKCLK[0]
                         net (fo=1, routed)           1.088    11.088    image_rotator_design_i/processing_system7_0/inst/FCLK_CLK_unbuffered[0]
    BUFGCTRL_X0Y16       BUFG (Prop_bufg_I_O)         0.091    11.179 r  image_rotator_design_i/processing_system7_0/inst/buffer_fclk_clk_0.FCLK_CLK_0_BUFG/O
                         net (fo=10075, routed)       1.492    12.672    image_rotator_design_i/axi_image_rotator_0/inst/aclk
    SLICE_X48Y7          FDCE                                         r  image_rotator_design_i/axi_image_rotator_0/inst/wr_ptr_reg[23]/C
                         clock pessimism              0.115    12.786    
                         clock uncertainty           -0.154    12.632    
    SLICE_X48Y7          FDCE (Recov_fdce_C_CLR)     -0.405    12.227    image_rotator_design_i/axi_image_rotator_0/inst/wr_ptr_reg[23]
  -------------------------------------------------------------------
                         required time                         12.227    
                         arrival time                         -10.116    
  -------------------------------------------------------------------
                         slack                                  2.112    

Slack (MET) :             2.112ns  (required time - arrival time)
  Source:                 image_rotator_design_i/proc_sys_reset_0/U0/ACTIVE_LOW_PR_OUT_DFF[0].FDRE_PER_N/C
                            (rising edge-triggered cell FDRE clocked by clk_fpga_0  {rise@0.000ns fall@5.000ns period=10.000ns})
  Destination:            image_rotator_design_i/axi_image_rotator_0/inst/wr_ptr_reg[24]/CLR
                            (recovery check against rising-edge clock clk_fpga_0  {rise@0.000ns fall@5.000ns period=10.000ns})
  Path Group:             **async_default**
  Path Type:              Recovery (Max at Slow Process Corner)
  Requirement:            10.000ns  (clk_fpga_0 rise@10.000ns - clk_fpga_0 rise@0.000ns)
  Data Path Delay:        7.169ns  (logic 0.642ns (8.956%)  route 6.527ns (91.044%))
  Logic Levels:           1  (LUT1=1)
  Clock Path Skew:        -0.161ns (DCD - SCD + CPR)
    Destination Clock Delay (DCD):    2.671ns = ( 12.672 - 10.000 ) 
    Source Clock Delay      (SCD):    2.947ns
    Clock Pessimism Removal (CPR):    0.115ns
  Clock Uncertainty:      0.154ns  ((TSJ^2 + TIJ^2)^1/2 + DJ) / 2 + PE
    Total System Jitter     (TSJ):    0.071ns
    Total Input Jitter      (TIJ):    0.300ns
    Discrete Jitter          (DJ):    0.000ns
    Phase Error              (PE):    0.000ns

    Location             Delay type                Incr(ns)  Path(ns)    Netlist Resource(s)
  -------------------------------------------------------------------    -------------------
                         (clock clk_fpga_0 rise edge)
                                                      0.000     0.000 r  
    PS7_X0Y0             PS7                          0.000     0.000 r  image_rotator_design_i/processing_system7_0/inst/PS7_i/FCLKCLK[0]
                         net (fo=1, routed)           1.193     1.193    image_rotator_design_i/processing_system7_0/inst/FCLK_CLK_unbuffered[0]
    BUFGCTRL_X0Y16       BUFG (Prop_bufg_I_O)         0.101     1.294 r  image_rotator_design_i/processing_system7_0/inst/buffer_fclk_clk_0.FCLK_CLK_0_BUFG/O
                         net (fo=10075, routed)       1.653     2.947    image_rotator_design_i/proc_sys_reset_0/U0/slowest_sync_clk
    SLICE_X36Y97         FDRE                                         r  image_rotator_design_i/proc_sys_reset_0/U0/ACTIVE_LOW_PR_OUT_DFF[0].FDRE_PER_N/C
  -------------------------------------------------------------------    -------------------
    SLICE_X36Y97         FDRE (Prop_fdre_C_Q)         0.518     3.465 r  image_rotator_design_i/proc_sys_reset_0/U0/ACTIVE_LOW_PR_OUT_DFF[0].FDRE_PER_N/Q
                         net (fo=11, routed)          2.981     6.446    image_rotator_design_i/axi_image_rotator_0/inst/aresetn
    SLICE_X45Y42         LUT1 (Prop_lut1_I0_O)        0.124     6.570 f  image_rotator_design_i/axi_image_rotator_0/inst/s_axis_tready_i_2/O
                         net (fo=105, routed)         3.545    10.116    image_rotator_design_i/axi_image_rotator_0/inst/s_axis_tready_i_2_n_0
    SLICE_X48Y7          FDCE                                         f  image_rotator_design_i/axi_image_rotator_0/inst/wr_ptr_reg[24]/CLR
  -------------------------------------------------------------------    -------------------

                         (clock clk_fpga_0 rise edge)
                                                     10.000    10.000 r  
    PS7_X0Y0             PS7                          0.000    10.000 r  image_rotator_design_i/processing_system7_0/inst/PS7_i/FCLKCLK[0]
                         net (fo=1, routed)           1.088    11.088    image_rotator_design_i/processing_system7_0/inst/FCLK_CLK_unbuffered[0]
    BUFGCTRL_X0Y16       BUFG (Prop_bufg_I_O)         0.091    11.179 r  image_rotator_design_i/processing_system7_0/inst/buffer_fclk_clk_0.FCLK_CLK_0_BUFG/O
                         net (fo=10075, routed)       1.492    12.672    image_rotator_design_i/axi_image_rotator_0/inst/aclk
    SLICE_X48Y7          FDCE                                         r  image_rotator_design_i/axi_image_rotator_0/inst/wr_ptr_reg[24]/C
                         clock pessimism              0.115    12.786    
                         clock uncertainty           -0.154    12.632    
    SLICE_X48Y7          FDCE (Recov_fdce_C_CLR)     -0.405    12.227    image_rotator_design_i/axi_image_rotator_0/inst/wr_ptr_reg[24]
  -------------------------------------------------------------------
                         required time                         12.227    
                         arrival time                         -10.116    
  -------------------------------------------------------------------
                         slack                                  2.112    

Slack (MET) :             2.247ns  (required time - arrival time)
  Source:                 image_rotator_design_i/proc_sys_reset_0/U0/ACTIVE_LOW_PR_OUT_DFF[0].FDRE_PER_N/C
                            (rising edge-triggered cell FDRE clocked by clk_fpga_0  {rise@0.000ns fall@5.000ns period=10.000ns})
  Destination:            image_rotator_design_i/axi_image_rotator_0/inst/wr_ptr_reg[5]/CLR
                            (recovery check against rising-edge clock clk_fpga_0  {rise@0.000ns fall@5.000ns period=10.000ns})
  Path Group:             **async_default**
  Path Type:              Recovery (Max at Slow Process Corner)
  Requirement:            10.000ns  (clk_fpga_0 rise@10.000ns - clk_fpga_0 rise@0.000ns)
  Data Path Delay:        7.034ns  (logic 0.642ns (9.127%)  route 6.392ns (90.873%))
  Logic Levels:           1  (LUT1=1)
  Clock Path Skew:        -0.160ns (DCD - SCD + CPR)
    Destination Clock Delay (DCD):    2.672ns = ( 12.672 - 10.000 ) 
    Source Clock Delay      (SCD):    2.947ns
    Clock Pessimism Removal (CPR):    0.115ns
  Clock Uncertainty:      0.154ns  ((TSJ^2 + TIJ^2)^1/2 + DJ) / 2 + PE
    Total System Jitter     (TSJ):    0.071ns
    Total Input Jitter      (TIJ):    0.300ns
    Discrete Jitter          (DJ):    0.000ns
    Phase Error              (PE):    0.000ns

    Location             Delay type                Incr(ns)  Path(ns)    Netlist Resource(s)
  -------------------------------------------------------------------    -------------------
                         (clock clk_fpga_0 rise edge)
                                                      0.000     0.000 r  
    PS7_X0Y0             PS7                          0.000     0.000 r  image_rotator_design_i/processing_system7_0/inst/PS7_i/FCLKCLK[0]
                         net (fo=1, routed)           1.193     1.193    image_rotator_design_i/processing_system7_0/inst/FCLK_CLK_unbuffered[0]
    BUFGCTRL_X0Y16       BUFG (Prop_bufg_I_O)         0.101     1.294 r  image_rotator_design_i/processing_system7_0/inst/buffer_fclk_clk_0.FCLK_CLK_0_BUFG/O
                         net (fo=10075, routed)       1.653     2.947    image_rotator_design_i/proc_sys_reset_0/U0/slowest_sync_clk
    SLICE_X36Y97         FDRE                                         r  image_rotator_design_i/proc_sys_reset_0/U0/ACTIVE_LOW_PR_OUT_DFF[0].FDRE_PER_N/C
  -------------------------------------------------------------------    -------------------
    SLICE_X36Y97         FDRE (Prop_fdre_C_Q)         0.518     3.465 r  image_rotator_design_i/proc_sys_reset_0/U0/ACTIVE_LOW_PR_OUT_DFF[0].FDRE_PER_N/Q
                         net (fo=11, routed)          2.981     6.446    image_rotator_design_i/axi_image_rotator_0/inst/aresetn
    SLICE_X45Y42         LUT1 (Prop_lut1_I0_O)        0.124     6.570 f  image_rotator_design_i/axi_image_rotator_0/inst/s_axis_tready_i_2/O
                         net (fo=105, routed)         3.411     9.981    image_rotator_design_i/axi_image_rotator_0/inst/s_axis_tready_i_2_n_0
    SLICE_X44Y8          FDCE                                         f  image_rotator_design_i/axi_image_rotator_0/inst/wr_ptr_reg[5]/CLR
  -------------------------------------------------------------------    -------------------

                         (clock clk_fpga_0 rise edge)
                                                     10.000    10.000 r  
    PS7_X0Y0             PS7                          0.000    10.000 r  image_rotator_design_i/processing_system7_0/inst/PS7_i/FCLKCLK[0]
                         net (fo=1, routed)           1.088    11.088    image_rotator_design_i/processing_system7_0/inst/FCLK_CLK_unbuffered[0]
    BUFGCTRL_X0Y16       BUFG (Prop_bufg_I_O)         0.091    11.179 r  image_rotator_design_i/processing_system7_0/inst/buffer_fclk_clk_0.FCLK_CLK_0_BUFG/O
                         net (fo=10075, routed)       1.493    12.672    image_rotator_design_i/axi_image_rotator_0/inst/aclk
    SLICE_X44Y8          FDCE                                         r  image_rotator_design_i/axi_image_rotator_0/inst/wr_ptr_reg[5]/C
                         clock pessimism              0.115    12.787    
                         clock uncertainty           -0.154    12.633    
    SLICE_X44Y8          FDCE (Recov_fdce_C_CLR)     -0.405    12.228    image_rotator_design_i/axi_image_rotator_0/inst/wr_ptr_reg[5]
  -------------------------------------------------------------------
                         required time                         12.228    
                         arrival time                          -9.981    
  -------------------------------------------------------------------
                         slack                                  2.247    

Slack (MET) :             2.251ns  (required time - arrival time)
  Source:                 image_rotator_design_i/proc_sys_reset_0/U0/ACTIVE_LOW_PR_OUT_DFF[0].FDRE_PER_N/C
                            (rising edge-triggered cell FDRE clocked by clk_fpga_0  {rise@0.000ns fall@5.000ns period=10.000ns})
  Destination:            image_rotator_design_i/axi_image_rotator_0/inst/wr_ptr_reg[0]/CLR
                            (recovery check against rising-edge clock clk_fpga_0  {rise@0.000ns fall@5.000ns period=10.000ns})
  Path Group:             **async_default**
  Path Type:              Recovery (Max at Slow Process Corner)
  Requirement:            10.000ns  (clk_fpga_0 rise@10.000ns - clk_fpga_0 rise@0.000ns)
  Data Path Delay:        7.030ns  (logic 0.642ns (9.132%)  route 6.388ns (90.868%))
  Logic Levels:           1  (LUT1=1)
  Clock Path Skew:        -0.160ns (DCD - SCD + CPR)
    Destination Clock Delay (DCD):    2.672ns = ( 12.672 - 10.000 ) 
    Source Clock Delay      (SCD):    2.947ns
    Clock Pessimism Removal (CPR):    0.115ns
  Clock Uncertainty:      0.154ns  ((TSJ^2 + TIJ^2)^1/2 + DJ) / 2 + PE
    Total System Jitter     (TSJ):    0.071ns
    Total Input Jitter      (TIJ):    0.300ns
    Discrete Jitter          (DJ):    0.000ns
    Phase Error              (PE):    0.000ns

    Location             Delay type                Incr(ns)  Path(ns)    Netlist Resource(s)
  -------------------------------------------------------------------    -------------------
                         (clock clk_fpga_0 rise edge)
                                                      0.000     0.000 r  
    PS7_X0Y0             PS7                          0.000     0.000 r  image_rotator_design_i/processing_system7_0/inst/PS7_i/FCLKCLK[0]
                         net (fo=1, routed)           1.193     1.193    image_rotator_design_i/processing_system7_0/inst/FCLK_CLK_unbuffered[0]
    BUFGCTRL_X0Y16       BUFG (Prop_bufg_I_O)         0.101     1.294 r  image_rotator_design_i/processing_system7_0/inst/buffer_fclk_clk_0.FCLK_CLK_0_BUFG/O
                         net (fo=10075, routed)       1.653     2.947    image_rotator_design_i/proc_sys_reset_0/U0/slowest_sync_clk
    SLICE_X36Y97         FDRE                                         r  image_rotator_design_i/proc_sys_reset_0/U0/ACTIVE_LOW_PR_OUT_DFF[0].FDRE_PER_N/C
  -------------------------------------------------------------------    -------------------
    SLICE_X36Y97         FDRE (Prop_fdre_C_Q)         0.518     3.465 r  image_rotator_design_i/proc_sys_reset_0/U0/ACTIVE_LOW_PR_OUT_DFF[0].FDRE_PER_N/Q
                         net (fo=11, routed)          2.981     6.446    image_rotator_design_i/axi_image_rotator_0/inst/aresetn
    SLICE_X45Y42         LUT1 (Prop_lut1_I0_O)        0.124     6.570 f  image_rotator_design_i/axi_image_rotator_0/inst/s_axis_tready_i_2/O
                         net (fo=105, routed)         3.407     9.977    image_rotator_design_i/axi_image_rotator_0/inst/s_axis_tready_i_2_n_0
    SLICE_X45Y8          FDCE                                         f  image_rotator_design_i/axi_image_rotator_0/inst/wr_ptr_reg[0]/CLR
  -------------------------------------------------------------------    -------------------

                         (clock clk_fpga_0 rise edge)
                                                     10.000    10.000 r  
    PS7_X0Y0             PS7                          0.000    10.000 r  image_rotator_design_i/processing_system7_0/inst/PS7_i/FCLKCLK[0]
                         net (fo=1, routed)           1.088    11.088    image_rotator_design_i/processing_system7_0/inst/FCLK_CLK_unbuffered[0]
    BUFGCTRL_X0Y16       BUFG (Prop_bufg_I_O)         0.091    11.179 r  image_rotator_design_i/processing_system7_0/inst/buffer_fclk_clk_0.FCLK_CLK_0_BUFG/O
                         net (fo=10075, routed)       1.493    12.672    image_rotator_design_i/axi_image_rotator_0/inst/aclk
    SLICE_X45Y8          FDCE                                         r  image_rotator_design_i/axi_image_rotator_0/inst/wr_ptr_reg[0]/C
                         clock pessimism              0.115    12.787    
                         clock uncertainty           -0.154    12.633    
    SLICE_X45Y8          FDCE (Recov_fdce_C_CLR)     -0.405    12.228    image_rotator_design_i/axi_image_rotator_0/inst/wr_ptr_reg[0]
  -------------------------------------------------------------------
                         required time                         12.228    
                         arrival time                          -9.977    
  -------------------------------------------------------------------
                         slack                                  2.251    

Slack (MET) :             2.251ns  (required time - arrival time)
  Source:                 image_rotator_design_i/proc_sys_reset_0/U0/ACTIVE_LOW_PR_OUT_DFF[0].FDRE_PER_N/C
                            (rising edge-triggered cell FDRE clocked by clk_fpga_0  {rise@0.000ns fall@5.000ns period=10.000ns})
  Destination:            image_rotator_design_i/axi_image_rotator_0/inst/wr_ptr_reg[1]/CLR
                            (recovery check against rising-edge clock clk_fpga_0  {rise@0.000ns fall@5.000ns period=10.000ns})
  Path Group:             **async_default**
  Path Type:              Recovery (Max at Slow Process Corner)
  Requirement:            10.000ns  (clk_fpga_0 rise@10.000ns - clk_fpga_0 rise@0.000ns)
  Data Path Delay:        7.030ns  (logic 0.642ns (9.132%)  route 6.388ns (90.868%))
  Logic Levels:           1  (LUT1=1)
  Clock Path Skew:        -0.160ns (DCD - SCD + CPR)
    Destination Clock Delay (DCD):    2.672ns = ( 12.672 - 10.000 ) 
    Source Clock Delay      (SCD):    2.947ns
    Clock Pessimism Removal (CPR):    0.115ns
  Clock Uncertainty:      0.154ns  ((TSJ^2 + TIJ^2)^1/2 + DJ) / 2 + PE
    Total System Jitter     (TSJ):    0.071ns
    Total Input Jitter      (TIJ):    0.300ns
    Discrete Jitter          (DJ):    0.000ns
    Phase Error              (PE):    0.000ns

    Location             Delay type                Incr(ns)  Path(ns)    Netlist Resource(s)
  -------------------------------------------------------------------    -------------------
                         (clock clk_fpga_0 rise edge)
                                                      0.000     0.000 r  
    PS7_X0Y0             PS7                          0.000     0.000 r  image_rotator_design_i/processing_system7_0/inst/PS7_i/FCLKCLK[0]
                         net (fo=1, routed)           1.193     1.193    image_rotator_design_i/processing_system7_0/inst/FCLK_CLK_unbuffered[0]
    BUFGCTRL_X0Y16       BUFG (Prop_bufg_I_O)         0.101     1.294 r  image_rotator_design_i/processing_system7_0/inst/buffer_fclk_clk_0.FCLK_CLK_0_BUFG/O
                         net (fo=10075, routed)       1.653     2.947    image_rotator_design_i/proc_sys_reset_0/U0/slowest_sync_clk
    SLICE_X36Y97         FDRE                                         r  image_rotator_design_i/proc_sys_reset_0/U0/ACTIVE_LOW_PR_OUT_DFF[0].FDRE_PER_N/C
  -------------------------------------------------------------------    -------------------
    SLICE_X36Y97         FDRE (Prop_fdre_C_Q)         0.518     3.465 r  image_rotator_design_i/proc_sys_reset_0/U0/ACTIVE_LOW_PR_OUT_DFF[0].FDRE_PER_N/Q
                         net (fo=11, routed)          2.981     6.446    image_rotator_design_i/axi_image_rotator_0/inst/aresetn
    SLICE_X45Y42         LUT1 (Prop_lut1_I0_O)        0.124     6.570 f  image_rotator_design_i/axi_image_rotator_0/inst/s_axis_tready_i_2/O
                         net (fo=105, routed)         3.407     9.977    image_rotator_design_i/axi_image_rotator_0/inst/s_axis_tready_i_2_n_0
    SLICE_X45Y8          FDCE                                         f  image_rotator_design_i/axi_image_rotator_0/inst/wr_ptr_reg[1]/CLR
  -------------------------------------------------------------------    -------------------

                         (clock clk_fpga_0 rise edge)
                                                     10.000    10.000 r  
    PS7_X0Y0             PS7                          0.000    10.000 r  image_rotator_design_i/processing_system7_0/inst/PS7_i/FCLKCLK[0]
                         net (fo=1, routed)           1.088    11.088    image_rotator_design_i/processing_system7_0/inst/FCLK_CLK_unbuffered[0]
    BUFGCTRL_X0Y16       BUFG (Prop_bufg_I_O)         0.091    11.179 r  image_rotator_design_i/processing_system7_0/inst/buffer_fclk_clk_0.FCLK_CLK_0_BUFG/O
                         net (fo=10075, routed)       1.493    12.672    image_rotator_design_i/axi_image_rotator_0/inst/aclk
    SLICE_X45Y8          FDCE                                         r  image_rotator_design_i/axi_image_rotator_0/inst/wr_ptr_reg[1]/C
                         clock pessimism              0.115    12.787    
                         clock uncertainty           -0.154    12.633    
    SLICE_X45Y8          FDCE (Recov_fdce_C_CLR)     -0.405    12.228    image_rotator_design_i/axi_image_rotator_0/inst/wr_ptr_reg[1]
  -------------------------------------------------------------------
                         required time                         12.228    
                         arrival time                          -9.977    
  -------------------------------------------------------------------
                         slack                                  2.251    

Slack (MET) :             2.251ns  (required time - arrival time)
  Source:                 image_rotator_design_i/proc_sys_reset_0/U0/ACTIVE_LOW_PR_OUT_DFF[0].FDRE_PER_N/C
                            (rising edge-triggered cell FDRE clocked by clk_fpga_0  {rise@0.000ns fall@5.000ns period=10.000ns})
  Destination:            image_rotator_design_i/axi_image_rotator_0/inst/wr_ptr_reg[25]/CLR
                            (recovery check against rising-edge clock clk_fpga_0  {rise@0.000ns fall@5.000ns period=10.000ns})
  Path Group:             **async_default**
  Path Type:              Recovery (Max at Slow Process Corner)
  Requirement:            10.000ns  (clk_fpga_0 rise@10.000ns - clk_fpga_0 rise@0.000ns)
  Data Path Delay:        7.030ns  (logic 0.642ns (9.132%)  route 6.388ns (90.868%))
  Logic Levels:           1  (LUT1=1)
  Clock Path Skew:        -0.160ns (DCD - SCD + CPR)
    Destination Clock Delay (DCD):    2.672ns = ( 12.672 - 10.000 ) 
    Source Clock Delay      (SCD):    2.947ns
    Clock Pessimism Removal (CPR):    0.115ns
  Clock Uncertainty:      0.154ns  ((TSJ^2 + TIJ^2)^1/2 + DJ) / 2 + PE
    Total System Jitter     (TSJ):    0.071ns
    Total Input Jitter      (TIJ):    0.300ns
    Discrete Jitter          (DJ):    0.000ns
    Phase Error              (PE):    0.000ns

    Location             Delay type                Incr(ns)  Path(ns)    Netlist Resource(s)
  -------------------------------------------------------------------    -------------------
                         (clock clk_fpga_0 rise edge)
                                                      0.000     0.000 r  
    PS7_X0Y0             PS7                          0.000     0.000 r  image_rotator_design_i/processing_system7_0/inst/PS7_i/FCLKCLK[0]
                         net (fo=1, routed)           1.193     1.193    image_rotator_design_i/processing_system7_0/inst/FCLK_CLK_unbuffered[0]
    BUFGCTRL_X0Y16       BUFG (Prop_bufg_I_O)         0.101     1.294 r  image_rotator_design_i/processing_system7_0/inst/buffer_fclk_clk_0.FCLK_CLK_0_BUFG/O
                         net (fo=10075, routed)       1.653     2.947    image_rotator_design_i/proc_sys_reset_0/U0/slowest_sync_clk
    SLICE_X36Y97         FDRE                                         r  image_rotator_design_i/proc_sys_reset_0/U0/ACTIVE_LOW_PR_OUT_DFF[0].FDRE_PER_N/C
  -------------------------------------------------------------------    -------------------
    SLICE_X36Y97         FDRE (Prop_fdre_C_Q)         0.518     3.465 r  image_rotator_design_i/proc_sys_reset_0/U0/ACTIVE_LOW_PR_OUT_DFF[0].FDRE_PER_N/Q
                         net (fo=11, routed)          2.981     6.446    image_rotator_design_i/axi_image_rotator_0/inst/aresetn
    SLICE_X45Y42         LUT1 (Prop_lut1_I0_O)        0.124     6.570 f  image_rotator_design_i/axi_image_rotator_0/inst/s_axis_tready_i_2/O
                         net (fo=105, routed)         3.407     9.977    image_rotator_design_i/axi_image_rotator_0/inst/s_axis_tready_i_2_n_0
    SLICE_X45Y8          FDCE                                         f  image_rotator_design_i/axi_image_rotator_0/inst/wr_ptr_reg[25]/CLR
  -------------------------------------------------------------------    -------------------

                         (clock clk_fpga_0 rise edge)
                                                     10.000    10.000 r  
    PS7_X0Y0             PS7                          0.000    10.000 r  image_rotator_design_i/processing_system7_0/inst/PS7_i/FCLKCLK[0]
                         net (fo=1, routed)           1.088    11.088    image_rotator_design_i/processing_system7_0/inst/FCLK_CLK_unbuffered[0]
    BUFGCTRL_X0Y16       BUFG (Prop_bufg_I_O)         0.091    11.179 r  image_rotator_design_i/processing_system7_0/inst/buffer_fclk_clk_0.FCLK_CLK_0_BUFG/O
                         net (fo=10075, routed)       1.493    12.672    image_rotator_design_i/axi_image_rotator_0/inst/aclk
    SLICE_X45Y8          FDCE                                         r  image_rotator_design_i/axi_image_rotator_0/inst/wr_ptr_reg[25]/C
                         clock pessimism              0.115    12.787    
                         clock uncertainty           -0.154    12.633    
    SLICE_X45Y8          FDCE (Recov_fdce_C_CLR)     -0.405    12.228    image_rotator_design_i/axi_image_rotator_0/inst/wr_ptr_reg[25]
  -------------------------------------------------------------------
                         required time                         12.228    
                         arrival time                          -9.977    
  -------------------------------------------------------------------
                         slack                                  2.251    

Slack (MET) :             2.251ns  (required time - arrival time)
  Source:                 image_rotator_design_i/proc_sys_reset_0/U0/ACTIVE_LOW_PR_OUT_DFF[0].FDRE_PER_N/C
                            (rising edge-triggered cell FDRE clocked by clk_fpga_0  {rise@0.000ns fall@5.000ns period=10.000ns})
  Destination:            image_rotator_design_i/axi_image_rotator_0/inst/wr_ptr_reg[27]/CLR
                            (recovery check against rising-edge clock clk_fpga_0  {rise@0.000ns fall@5.000ns period=10.000ns})
  Path Group:             **async_default**
  Path Type:              Recovery (Max at Slow Process Corner)
  Requirement:            10.000ns  (clk_fpga_0 rise@10.000ns - clk_fpga_0 rise@0.000ns)
  Data Path Delay:        7.030ns  (logic 0.642ns (9.132%)  route 6.388ns (90.868%))
  Logic Levels:           1  (LUT1=1)
  Clock Path Skew:        -0.160ns (DCD - SCD + CPR)
    Destination Clock Delay (DCD):    2.672ns = ( 12.672 - 10.000 ) 
    Source Clock Delay      (SCD):    2.947ns
    Clock Pessimism Removal (CPR):    0.115ns
  Clock Uncertainty:      0.154ns  ((TSJ^2 + TIJ^2)^1/2 + DJ) / 2 + PE
    Total System Jitter     (TSJ):    0.071ns
    Total Input Jitter      (TIJ):    0.300ns
    Discrete Jitter          (DJ):    0.000ns
    Phase Error              (PE):    0.000ns

    Location             Delay type                Incr(ns)  Path(ns)    Netlist Resource(s)
  -------------------------------------------------------------------    -------------------
                         (clock clk_fpga_0 rise edge)
                                                      0.000     0.000 r  
    PS7_X0Y0             PS7                          0.000     0.000 r  image_rotator_design_i/processing_system7_0/inst/PS7_i/FCLKCLK[0]
                         net (fo=1, routed)           1.193     1.193    image_rotator_design_i/processing_system7_0/inst/FCLK_CLK_unbuffered[0]
    BUFGCTRL_X0Y16       BUFG (Prop_bufg_I_O)         0.101     1.294 r  image_rotator_design_i/processing_system7_0/inst/buffer_fclk_clk_0.FCLK_CLK_0_BUFG/O
                         net (fo=10075, routed)       1.653     2.947    image_rotator_design_i/proc_sys_reset_0/U0/slowest_sync_clk
    SLICE_X36Y97         FDRE                                         r  image_rotator_design_i/proc_sys_reset_0/U0/ACTIVE_LOW_PR_OUT_DFF[0].FDRE_PER_N/C
  -------------------------------------------------------------------    -------------------
    SLICE_X36Y97         FDRE (Prop_fdre_C_Q)         0.518     3.465 r  image_rotator_design_i/proc_sys_reset_0/U0/ACTIVE_LOW_PR_OUT_DFF[0].FDRE_PER_N/Q
                         net (fo=11, routed)          2.981     6.446    image_rotator_design_i/axi_image_rotator_0/inst/aresetn
    SLICE_X45Y42         LUT1 (Prop_lut1_I0_O)        0.124     6.570 f  image_rotator_design_i/axi_image_rotator_0/inst/s_axis_tready_i_2/O
                         net (fo=105, routed)         3.407     9.977    image_rotator_design_i/axi_image_rotator_0/inst/s_axis_tready_i_2_n_0
    SLICE_X45Y8          FDCE                                         f  image_rotator_design_i/axi_image_rotator_0/inst/wr_ptr_reg[27]/CLR
  -------------------------------------------------------------------    -------------------

                         (clock clk_fpga_0 rise edge)
                                                     10.000    10.000 r  
    PS7_X0Y0             PS7                          0.000    10.000 r  image_rotator_design_i/processing_system7_0/inst/PS7_i/FCLKCLK[0]
                         net (fo=1, routed)           1.088    11.088    image_rotator_design_i/processing_system7_0/inst/FCLK_CLK_unbuffered[0]
    BUFGCTRL_X0Y16       BUFG (Prop_bufg_I_O)         0.091    11.179 r  image_rotator_design_i/processing_system7_0/inst/buffer_fclk_clk_0.FCLK_CLK_0_BUFG/O
                         net (fo=10075, routed)       1.493    12.672    image_rotator_design_i/axi_image_rotator_0/inst/aclk
    SLICE_X45Y8          FDCE                                         r  image_rotator_design_i/axi_image_rotator_0/inst/wr_ptr_reg[27]/C
                         clock pessimism              0.115    12.787    
                         clock uncertainty           -0.154    12.633    
    SLICE_X45Y8          FDCE (Recov_fdce_C_CLR)     -0.405    12.228    image_rotator_design_i/axi_image_rotator_0/inst/wr_ptr_reg[27]
  -------------------------------------------------------------------
                         required time                         12.228    
                         arrival time                          -9.977    
  -------------------------------------------------------------------
                         slack                                  2.251    

Slack (MET) :             2.251ns  (required time - arrival time)
  Source:                 image_rotator_design_i/proc_sys_reset_0/U0/ACTIVE_LOW_PR_OUT_DFF[0].FDRE_PER_N/C
                            (rising edge-triggered cell FDRE clocked by clk_fpga_0  {rise@0.000ns fall@5.000ns period=10.000ns})
  Destination:            image_rotator_design_i/axi_image_rotator_0/inst/wr_ptr_reg[28]/CLR
                            (recovery check against rising-edge clock clk_fpga_0  {rise@0.000ns fall@5.000ns period=10.000ns})
  Path Group:             **async_default**
  Path Type:              Recovery (Max at Slow Process Corner)
  Requirement:            10.000ns  (clk_fpga_0 rise@10.000ns - clk_fpga_0 rise@0.000ns)
  Data Path Delay:        7.030ns  (logic 0.642ns (9.132%)  route 6.388ns (90.868%))
  Logic Levels:           1  (LUT1=1)
  Clock Path Skew:        -0.160ns (DCD - SCD + CPR)
    Destination Clock Delay (DCD):    2.672ns = ( 12.672 - 10.000 ) 
    Source Clock Delay      (SCD):    2.947ns
    Clock Pessimism Removal (CPR):    0.115ns
  Clock Uncertainty:      0.154ns  ((TSJ^2 + TIJ^2)^1/2 + DJ) / 2 + PE
    Total System Jitter     (TSJ):    0.071ns
    Total Input Jitter      (TIJ):    0.300ns
    Discrete Jitter          (DJ):    0.000ns
    Phase Error              (PE):    0.000ns

    Location             Delay type                Incr(ns)  Path(ns)    Netlist Resource(s)
  -------------------------------------------------------------------    -------------------
                         (clock clk_fpga_0 rise edge)
                                                      0.000     0.000 r  
    PS7_X0Y0             PS7                          0.000     0.000 r  image_rotator_design_i/processing_system7_0/inst/PS7_i/FCLKCLK[0]
                         net (fo=1, routed)           1.193     1.193    image_rotator_design_i/processing_system7_0/inst/FCLK_CLK_unbuffered[0]
    BUFGCTRL_X0Y16       BUFG (Prop_bufg_I_O)         0.101     1.294 r  image_rotator_design_i/processing_system7_0/inst/buffer_fclk_clk_0.FCLK_CLK_0_BUFG/O
                         net (fo=10075, routed)       1.653     2.947    image_rotator_design_i/proc_sys_reset_0/U0/slowest_sync_clk
    SLICE_X36Y97         FDRE                                         r  image_rotator_design_i/proc_sys_reset_0/U0/ACTIVE_LOW_PR_OUT_DFF[0].FDRE_PER_N/C
  -------------------------------------------------------------------    -------------------
    SLICE_X36Y97         FDRE (Prop_fdre_C_Q)         0.518     3.465 r  image_rotator_design_i/proc_sys_reset_0/U0/ACTIVE_LOW_PR_OUT_DFF[0].FDRE_PER_N/Q
                         net (fo=11, routed)          2.981     6.446    image_rotator_design_i/axi_image_rotator_0/inst/aresetn
    SLICE_X45Y42         LUT1 (Prop_lut1_I0_O)        0.124     6.570 f  image_rotator_design_i/axi_image_rotator_0/inst/s_axis_tready_i_2/O
                         net (fo=105, routed)         3.407     9.977    image_rotator_design_i/axi_image_rotator_0/inst/s_axis_tready_i_2_n_0
    SLICE_X45Y8          FDCE                                         f  image_rotator_design_i/axi_image_rotator_0/inst/wr_ptr_reg[28]/CLR
  -------------------------------------------------------------------    -------------------

                         (clock clk_fpga_0 rise edge)
                                                     10.000    10.000 r  
    PS7_X0Y0             PS7                          0.000    10.000 r  image_rotator_design_i/processing_system7_0/inst/PS7_i/FCLKCLK[0]
                         net (fo=1, routed)           1.088    11.088    image_rotator_design_i/processing_system7_0/inst/FCLK_CLK_unbuffered[0]
    BUFGCTRL_X0Y16       BUFG (Prop_bufg_I_O)         0.091    11.179 r  image_rotator_design_i/processing_system7_0/inst/buffer_fclk_clk_0.FCLK_CLK_0_BUFG/O
                         net (fo=10075, routed)       1.493    12.672    image_rotator_design_i/axi_image_rotator_0/inst/aclk
    SLICE_X45Y8          FDCE                                         r  image_rotator_design_i/axi_image_rotator_0/inst/wr_ptr_reg[28]/C
                         clock pessimism              0.115    12.787    
                         clock uncertainty           -0.154    12.633    
    SLICE_X45Y8          FDCE (Recov_fdce_C_CLR)     -0.405    12.228    image_rotator_design_i/axi_image_rotator_0/inst/wr_ptr_reg[28]
  -------------------------------------------------------------------
                         required time                         12.228    
                         arrival time                          -9.977    
  -------------------------------------------------------------------
                         slack                                  2.251    





Min Delay Paths
--------------------------------------------------------------------------------------
Slack (MET) :             1.501ns  (arrival time - required time)
  Source:                 image_rotator_design_i/proc_sys_reset_0/U0/ACTIVE_LOW_PR_OUT_DFF[0].FDRE_PER_N/C
                            (rising edge-triggered cell FDRE clocked by clk_fpga_0  {rise@0.000ns fall@5.000ns period=10.000ns})
  Destination:            image_rotator_design_i/axi_image_rotator_0/inst/m_axis_tlast_reg/CLR
                            (removal check against rising-edge clock clk_fpga_0  {rise@0.000ns fall@5.000ns period=10.000ns})
  Path Group:             **async_default**
  Path Type:              Removal (Min at Fast Process Corner)
  Requirement:            0.000ns  (clk_fpga_0 rise@0.000ns - clk_fpga_0 rise@0.000ns)
  Data Path Delay:        1.679ns  (logic 0.209ns (12.448%)  route 1.470ns (87.552%))
  Logic Levels:           1  (LUT1=1)
  Clock Path Skew:        0.270ns (DCD - SCD - CPR)
    Destination Clock Delay (DCD):    1.193ns
    Source Clock Delay      (SCD):    0.893ns
    Clock Pessimism Removal (CPR):    0.030ns

    Location             Delay type                Incr(ns)  Path(ns)    Netlist Resource(s)
  -------------------------------------------------------------------    -------------------
                         (clock clk_fpga_0 rise edge)
                                                      0.000     0.000 r  
    PS7_X0Y0             PS7                          0.000     0.000 r  image_rotator_design_i/processing_system7_0/inst/PS7_i/FCLKCLK[0]
                         net (fo=1, routed)           0.310     0.310    image_rotator_design_i/processing_system7_0/inst/FCLK_CLK_unbuffered[0]
    BUFGCTRL_X0Y16       BUFG (Prop_bufg_I_O)         0.026     0.336 r  image_rotator_design_i/processing_system7_0/inst/buffer_fclk_clk_0.FCLK_CLK_0_BUFG/O
                         net (fo=10075, routed)       0.557     0.893    image_rotator_design_i/proc_sys_reset_0/U0/slowest_sync_clk
    SLICE_X36Y97         FDRE                                         r  image_rotator_design_i/proc_sys_reset_0/U0/ACTIVE_LOW_PR_OUT_DFF[0].FDRE_PER_N/C
  -------------------------------------------------------------------    -------------------
    SLICE_X36Y97         FDRE (Prop_fdre_C_Q)         0.164     1.057 r  image_rotator_design_i/proc_sys_reset_0/U0/ACTIVE_LOW_PR_OUT_DFF[0].FDRE_PER_N/Q
                         net (fo=11, routed)          1.228     2.285    image_rotator_design_i/axi_image_rotator_0/inst/aresetn
    SLICE_X45Y42         LUT1 (Prop_lut1_I0_O)        0.045     2.330 f  image_rotator_design_i/axi_image_rotator_0/inst/s_axis_tready_i_2/O
                         net (fo=105, routed)         0.242     2.572    image_rotator_design_i/axi_image_rotator_0/inst/s_axis_tready_i_2_n_0
    SLICE_X45Y38         FDCE                                         f  image_rotator_design_i/axi_image_rotator_0/inst/m_axis_tlast_reg/CLR
  -------------------------------------------------------------------    -------------------

                         (clock clk_fpga_0 rise edge)
                                                      0.000     0.000 r  
    PS7_X0Y0             PS7                          0.000     0.000 r  image_rotator_design_i/processing_system7_0/inst/PS7_i/FCLKCLK[0]
                         net (fo=1, routed)           0.337     0.337    image_rotator_design_i/processing_system7_0/inst/FCLK_CLK_unbuffered[0]
    BUFGCTRL_X0Y16       BUFG (Prop_bufg_I_O)         0.029     0.366 r  image_rotator_design_i/processing_system7_0/inst/buffer_fclk_clk_0.FCLK_CLK_0_BUFG/O
                         net (fo=10075, routed)       0.827     1.193    image_rotator_design_i/axi_image_rotator_0/inst/aclk
    SLICE_X45Y38         FDCE                                         r  image_rotator_design_i/axi_image_rotator_0/inst/m_axis_tlast_reg/C
                         clock pessimism             -0.030     1.163    
    SLICE_X45Y38         FDCE (Remov_fdce_C_CLR)     -0.092     1.071    image_rotator_design_i/axi_image_rotator_0/inst/m_axis_tlast_reg
  -------------------------------------------------------------------
                         required time                         -1.071    
                         arrival time                           2.572    
  -------------------------------------------------------------------
                         slack                                  1.501    

Slack (MET) :             1.501ns  (arrival time - required time)
  Source:                 image_rotator_design_i/proc_sys_reset_0/U0/ACTIVE_LOW_PR_OUT_DFF[0].FDRE_PER_N/C
                            (rising edge-triggered cell FDRE clocked by clk_fpga_0  {rise@0.000ns fall@5.000ns period=10.000ns})
  Destination:            image_rotator_design_i/axi_image_rotator_0/inst/m_axis_tvalid_reg/CLR
                            (removal check against rising-edge clock clk_fpga_0  {rise@0.000ns fall@5.000ns period=10.000ns})
  Path Group:             **async_default**
  Path Type:              Removal (Min at Fast Process Corner)
  Requirement:            0.000ns  (clk_fpga_0 rise@0.000ns - clk_fpga_0 rise@0.000ns)
  Data Path Delay:        1.679ns  (logic 0.209ns (12.448%)  route 1.470ns (87.552%))
  Logic Levels:           1  (LUT1=1)
  Clock Path Skew:        0.270ns (DCD - SCD - CPR)
    Destination Clock Delay (DCD):    1.193ns
    Source Clock Delay      (SCD):    0.893ns
    Clock Pessimism Removal (CPR):    0.030ns

    Location             Delay type                Incr(ns)  Path(ns)    Netlist Resource(s)
  -------------------------------------------------------------------    -------------------
                         (clock clk_fpga_0 rise edge)
                                                      0.000     0.000 r  
    PS7_X0Y0             PS7                          0.000     0.000 r  image_rotator_design_i/processing_system7_0/inst/PS7_i/FCLKCLK[0]
                         net (fo=1, routed)           0.310     0.310    image_rotator_design_i/processing_system7_0/inst/FCLK_CLK_unbuffered[0]
    BUFGCTRL_X0Y16       BUFG (Prop_bufg_I_O)         0.026     0.336 r  image_rotator_design_i/processing_system7_0/inst/buffer_fclk_clk_0.FCLK_CLK_0_BUFG/O
                         net (fo=10075, routed)       0.557     0.893    image_rotator_design_i/proc_sys_reset_0/U0/slowest_sync_clk
    SLICE_X36Y97         FDRE                                         r  image_rotator_design_i/proc_sys_reset_0/U0/ACTIVE_LOW_PR_OUT_DFF[0].FDRE_PER_N/C
  -------------------------------------------------------------------    -------------------
    SLICE_X36Y97         FDRE (Prop_fdre_C_Q)         0.164     1.057 r  image_rotator_design_i/proc_sys_reset_0/U0/ACTIVE_LOW_PR_OUT_DFF[0].FDRE_PER_N/Q
                         net (fo=11, routed)          1.228     2.285    image_rotator_design_i/axi_image_rotator_0/inst/aresetn
    SLICE_X45Y42         LUT1 (Prop_lut1_I0_O)        0.045     2.330 f  image_rotator_design_i/axi_image_rotator_0/inst/s_axis_tready_i_2/O
                         net (fo=105, routed)         0.242     2.572    image_rotator_design_i/axi_image_rotator_0/inst/s_axis_tready_i_2_n_0
    SLICE_X45Y38         FDCE                                         f  image_rotator_design_i/axi_image_rotator_0/inst/m_axis_tvalid_reg/CLR
  -------------------------------------------------------------------    -------------------

                         (clock clk_fpga_0 rise edge)
                                                      0.000     0.000 r  
    PS7_X0Y0             PS7                          0.000     0.000 r  image_rotator_design_i/processing_system7_0/inst/PS7_i/FCLKCLK[0]
                         net (fo=1, routed)           0.337     0.337    image_rotator_design_i/processing_system7_0/inst/FCLK_CLK_unbuffered[0]
    BUFGCTRL_X0Y16       BUFG (Prop_bufg_I_O)         0.029     0.366 r  image_rotator_design_i/processing_system7_0/inst/buffer_fclk_clk_0.FCLK_CLK_0_BUFG/O
                         net (fo=10075, routed)       0.827     1.193    image_rotator_design_i/axi_image_rotator_0/inst/aclk
    SLICE_X45Y38         FDCE                                         r  image_rotator_design_i/axi_image_rotator_0/inst/m_axis_tvalid_reg/C
                         clock pessimism             -0.030     1.163    
    SLICE_X45Y38         FDCE (Remov_fdce_C_CLR)     -0.092     1.071    image_rotator_design_i/axi_image_rotator_0/inst/m_axis_tvalid_reg
  -------------------------------------------------------------------
                         required time                         -1.071    
                         arrival time                           2.572    
  -------------------------------------------------------------------
                         slack                                  1.501    

Slack (MET) :             1.501ns  (arrival time - required time)
  Source:                 image_rotator_design_i/proc_sys_reset_0/U0/ACTIVE_LOW_PR_OUT_DFF[0].FDRE_PER_N/C
                            (rising edge-triggered cell FDRE clocked by clk_fpga_0  {rise@0.000ns fall@5.000ns period=10.000ns})
  Destination:            image_rotator_design_i/axi_image_rotator_0/inst/state_reg[0]/CLR
                            (removal check against rising-edge clock clk_fpga_0  {rise@0.000ns fall@5.000ns period=10.000ns})
  Path Group:             **async_default**
  Path Type:              Removal (Min at Fast Process Corner)
  Requirement:            0.000ns  (clk_fpga_0 rise@0.000ns - clk_fpga_0 rise@0.000ns)
  Data Path Delay:        1.679ns  (logic 0.209ns (12.448%)  route 1.470ns (87.552%))
  Logic Levels:           1  (LUT1=1)
  Clock Path Skew:        0.270ns (DCD - SCD - CPR)
    Destination Clock Delay (DCD):    1.193ns
    Source Clock Delay      (SCD):    0.893ns
    Clock Pessimism Removal (CPR):    0.030ns

    Location             Delay type                Incr(ns)  Path(ns)    Netlist Resource(s)
  -------------------------------------------------------------------    -------------------
                         (clock clk_fpga_0 rise edge)
                                                      0.000     0.000 r  
    PS7_X0Y0             PS7                          0.000     0.000 r  image_rotator_design_i/processing_system7_0/inst/PS7_i/FCLKCLK[0]
                         net (fo=1, routed)           0.310     0.310    image_rotator_design_i/processing_system7_0/inst/FCLK_CLK_unbuffered[0]
    BUFGCTRL_X0Y16       BUFG (Prop_bufg_I_O)         0.026     0.336 r  image_rotator_design_i/processing_system7_0/inst/buffer_fclk_clk_0.FCLK_CLK_0_BUFG/O
                         net (fo=10075, routed)       0.557     0.893    image_rotator_design_i/proc_sys_reset_0/U0/slowest_sync_clk
    SLICE_X36Y97         FDRE                                         r  image_rotator_design_i/proc_sys_reset_0/U0/ACTIVE_LOW_PR_OUT_DFF[0].FDRE_PER_N/C
  -------------------------------------------------------------------    -------------------
    SLICE_X36Y97         FDRE (Prop_fdre_C_Q)         0.164     1.057 r  image_rotator_design_i/proc_sys_reset_0/U0/ACTIVE_LOW_PR_OUT_DFF[0].FDRE_PER_N/Q
                         net (fo=11, routed)          1.228     2.285    image_rotator_design_i/axi_image_rotator_0/inst/aresetn
    SLICE_X45Y42         LUT1 (Prop_lut1_I0_O)        0.045     2.330 f  image_rotator_design_i/axi_image_rotator_0/inst/s_axis_tready_i_2/O
                         net (fo=105, routed)         0.242     2.572    image_rotator_design_i/axi_image_rotator_0/inst/s_axis_tready_i_2_n_0
    SLICE_X45Y38         FDCE                                         f  image_rotator_design_i/axi_image_rotator_0/inst/state_reg[0]/CLR
  -------------------------------------------------------------------    -------------------

                         (clock clk_fpga_0 rise edge)
                                                      0.000     0.000 r  
    PS7_X0Y0             PS7                          0.000     0.000 r  image_rotator_design_i/processing_system7_0/inst/PS7_i/FCLKCLK[0]
                         net (fo=1, routed)           0.337     0.337    image_rotator_design_i/processing_system7_0/inst/FCLK_CLK_unbuffered[0]
    BUFGCTRL_X0Y16       BUFG (Prop_bufg_I_O)         0.029     0.366 r  image_rotator_design_i/processing_system7_0/inst/buffer_fclk_clk_0.FCLK_CLK_0_BUFG/O
                         net (fo=10075, routed)       0.827     1.193    image_rotator_design_i/axi_image_rotator_0/inst/aclk
    SLICE_X45Y38         FDCE                                         r  image_rotator_design_i/axi_image_rotator_0/inst/state_reg[0]/C
                         clock pessimism             -0.030     1.163    
    SLICE_X45Y38         FDCE (Remov_fdce_C_CLR)     -0.092     1.071    image_rotator_design_i/axi_image_rotator_0/inst/state_reg[0]
  -------------------------------------------------------------------
                         required time                         -1.071    
                         arrival time                           2.572    
  -------------------------------------------------------------------
                         slack                                  1.501    

Slack (MET) :             1.761ns  (arrival time - required time)
  Source:                 image_rotator_design_i/proc_sys_reset_0/U0/ACTIVE_LOW_PR_OUT_DFF[0].FDRE_PER_N/C
                            (rising edge-triggered cell FDRE clocked by clk_fpga_0  {rise@0.000ns fall@5.000ns period=10.000ns})
  Destination:            image_rotator_design_i/axi_image_rotator_0/inst/wr_ptr_reg[5]_rep/CLR
                            (removal check against rising-edge clock clk_fpga_0  {rise@0.000ns fall@5.000ns period=10.000ns})
  Path Group:             **async_default**
  Path Type:              Removal (Min at Fast Process Corner)
  Requirement:            0.000ns  (clk_fpga_0 rise@0.000ns - clk_fpga_0 rise@0.000ns)
  Data Path Delay:        1.928ns  (logic 0.209ns (10.841%)  route 1.719ns (89.159%))
  Logic Levels:           1  (LUT1=1)
  Clock Path Skew:        0.259ns (DCD - SCD - CPR)
    Destination Clock Delay (DCD):    1.182ns
    Source Clock Delay      (SCD):    0.893ns
    Clock Pessimism Removal (CPR):    0.030ns

    Location             Delay type                Incr(ns)  Path(ns)    Netlist Resource(s)
  -------------------------------------------------------------------    -------------------
                         (clock clk_fpga_0 rise edge)
                                                      0.000     0.000 r  
    PS7_X0Y0             PS7                          0.000     0.000 r  image_rotator_design_i/processing_system7_0/inst/PS7_i/FCLKCLK[0]
                         net (fo=1, routed)           0.310     0.310    image_rotator_design_i/processing_system7_0/inst/FCLK_CLK_unbuffered[0]
    BUFGCTRL_X0Y16       BUFG (Prop_bufg_I_O)         0.026     0.336 r  image_rotator_design_i/processing_system7_0/inst/buffer_fclk_clk_0.FCLK_CLK_0_BUFG/O
                         net (fo=10075, routed)       0.557     0.893    image_rotator_design_i/proc_sys_reset_0/U0/slowest_sync_clk
    SLICE_X36Y97         FDRE                                         r  image_rotator_design_i/proc_sys_reset_0/U0/ACTIVE_LOW_PR_OUT_DFF[0].FDRE_PER_N/C
  -------------------------------------------------------------------    -------------------
    SLICE_X36Y97         FDRE (Prop_fdre_C_Q)         0.164     1.057 r  image_rotator_design_i/proc_sys_reset_0/U0/ACTIVE_LOW_PR_OUT_DFF[0].FDRE_PER_N/Q
                         net (fo=11, routed)          1.228     2.285    image_rotator_design_i/axi_image_rotator_0/inst/aresetn
    SLICE_X45Y42         LUT1 (Prop_lut1_I0_O)        0.045     2.330 f  image_rotator_design_i/axi_image_rotator_0/inst/s_axis_tready_i_2/O
                         net (fo=105, routed)         0.491     2.821    image_rotator_design_i/axi_image_rotator_0/inst/s_axis_tready_i_2_n_0
    SLICE_X39Y27         FDCE                                         f  image_rotator_design_i/axi_image_rotator_0/inst/wr_ptr_reg[5]_rep/CLR
  -------------------------------------------------------------------    -------------------

                         (clock clk_fpga_0 rise edge)
                                                      0.000     0.000 r  
    PS7_X0Y0             PS7                          0.000     0.000 r  image_rotator_design_i/processing_system7_0/inst/PS7_i/FCLKCLK[0]
                         net (fo=1, routed)           0.337     0.337    image_rotator_design_i/processing_system7_0/inst/FCLK_CLK_unbuffered[0]
    BUFGCTRL_X0Y16       BUFG (Prop_bufg_I_O)         0.029     0.366 r  image_rotator_design_i/processing_system7_0/inst/buffer_fclk_clk_0.FCLK_CLK_0_BUFG/O
                         net (fo=10075, routed)       0.816     1.182    image_rotator_design_i/axi_image_rotator_0/inst/aclk
    SLICE_X39Y27         FDCE                                         r  image_rotator_design_i/axi_image_rotator_0/inst/wr_ptr_reg[5]_rep/C
                         clock pessimism             -0.030     1.152    
    SLICE_X39Y27         FDCE (Remov_fdce_C_CLR)     -0.092     1.060    image_rotator_design_i/axi_image_rotator_0/inst/wr_ptr_reg[5]_rep
  -------------------------------------------------------------------
                         required time                         -1.060    
                         arrival time                           2.821    
  -------------------------------------------------------------------
                         slack                                  1.761    

Slack (MET) :             1.761ns  (arrival time - required time)
  Source:                 image_rotator_design_i/proc_sys_reset_0/U0/ACTIVE_LOW_PR_OUT_DFF[0].FDRE_PER_N/C
                            (rising edge-triggered cell FDRE clocked by clk_fpga_0  {rise@0.000ns fall@5.000ns period=10.000ns})
  Destination:            image_rotator_design_i/axi_image_rotator_0/inst/wr_ptr_reg[5]_rep__6/CLR
                            (removal check against rising-edge clock clk_fpga_0  {rise@0.000ns fall@5.000ns period=10.000ns})
  Path Group:             **async_default**
  Path Type:              Removal (Min at Fast Process Corner)
  Requirement:            0.000ns  (clk_fpga_0 rise@0.000ns - clk_fpga_0 rise@0.000ns)
  Data Path Delay:        1.928ns  (logic 0.209ns (10.841%)  route 1.719ns (89.159%))
  Logic Levels:           1  (LUT1=1)
  Clock Path Skew:        0.259ns (DCD - SCD - CPR)
    Destination Clock Delay (DCD):    1.182ns
    Source Clock Delay      (SCD):    0.893ns
    Clock Pessimism Removal (CPR):    0.030ns

    Location             Delay type                Incr(ns)  Path(ns)    Netlist Resource(s)
  -------------------------------------------------------------------    -------------------
                         (clock clk_fpga_0 rise edge)
                                                      0.000     0.000 r  
    PS7_X0Y0             PS7                          0.000     0.000 r  image_rotator_design_i/processing_system7_0/inst/PS7_i/FCLKCLK[0]
                         net (fo=1, routed)           0.310     0.310    image_rotator_design_i/processing_system7_0/inst/FCLK_CLK_unbuffered[0]
    BUFGCTRL_X0Y16       BUFG (Prop_bufg_I_O)         0.026     0.336 r  image_rotator_design_i/processing_system7_0/inst/buffer_fclk_clk_0.FCLK_CLK_0_BUFG/O
                         net (fo=10075, routed)       0.557     0.893    image_rotator_design_i/proc_sys_reset_0/U0/slowest_sync_clk
    SLICE_X36Y97         FDRE                                         r  image_rotator_design_i/proc_sys_reset_0/U0/ACTIVE_LOW_PR_OUT_DFF[0].FDRE_PER_N/C
  -------------------------------------------------------------------    -------------------
    SLICE_X36Y97         FDRE (Prop_fdre_C_Q)         0.164     1.057 r  image_rotator_design_i/proc_sys_reset_0/U0/ACTIVE_LOW_PR_OUT_DFF[0].FDRE_PER_N/Q
                         net (fo=11, routed)          1.228     2.285    image_rotator_design_i/axi_image_rotator_0/inst/aresetn
    SLICE_X45Y42         LUT1 (Prop_lut1_I0_O)        0.045     2.330 f  image_rotator_design_i/axi_image_rotator_0/inst/s_axis_tready_i_2/O
                         net (fo=105, routed)         0.491     2.821    image_rotator_design_i/axi_image_rotator_0/inst/s_axis_tready_i_2_n_0
    SLICE_X39Y27         FDCE                                         f  image_rotator_design_i/axi_image_rotator_0/inst/wr_ptr_reg[5]_rep__6/CLR
  -------------------------------------------------------------------    -------------------

                         (clock clk_fpga_0 rise edge)
                                                      0.000     0.000 r  
    PS7_X0Y0             PS7                          0.000     0.000 r  image_rotator_design_i/processing_system7_0/inst/PS7_i/FCLKCLK[0]
                         net (fo=1, routed)           0.337     0.337    image_rotator_design_i/processing_system7_0/inst/FCLK_CLK_unbuffered[0]
    BUFGCTRL_X0Y16       BUFG (Prop_bufg_I_O)         0.029     0.366 r  image_rotator_design_i/processing_system7_0/inst/buffer_fclk_clk_0.FCLK_CLK_0_BUFG/O
                         net (fo=10075, routed)       0.816     1.182    image_rotator_design_i/axi_image_rotator_0/inst/aclk
    SLICE_X39Y27         FDCE                                         r  image_rotator_design_i/axi_image_rotator_0/inst/wr_ptr_reg[5]_rep__6/C
                         clock pessimism             -0.030     1.152    
    SLICE_X39Y27         FDCE (Remov_fdce_C_CLR)     -0.092     1.060    image_rotator_design_i/axi_image_rotator_0/inst/wr_ptr_reg[5]_rep__6
  -------------------------------------------------------------------
                         required time                         -1.060    
                         arrival time                           2.821    
  -------------------------------------------------------------------
                         slack                                  1.761    

Slack (MET) :             1.761ns  (arrival time - required time)
  Source:                 image_rotator_design_i/proc_sys_reset_0/U0/ACTIVE_LOW_PR_OUT_DFF[0].FDRE_PER_N/C
                            (rising edge-triggered cell FDRE clocked by clk_fpga_0  {rise@0.000ns fall@5.000ns period=10.000ns})
  Destination:            image_rotator_design_i/axi_image_rotator_0/inst/wr_ptr_reg[6]_rep/CLR
                            (removal check against rising-edge clock clk_fpga_0  {rise@0.000ns fall@5.000ns period=10.000ns})
  Path Group:             **async_default**
  Path Type:              Removal (Min at Fast Process Corner)
  Requirement:            0.000ns  (clk_fpga_0 rise@0.000ns - clk_fpga_0 rise@0.000ns)
  Data Path Delay:        1.928ns  (logic 0.209ns (10.841%)  route 1.719ns (89.159%))
  Logic Levels:           1  (LUT1=1)
  Clock Path Skew:        0.259ns (DCD - SCD - CPR)
    Destination Clock Delay (DCD):    1.182ns
    Source Clock Delay      (SCD):    0.893ns
    Clock Pessimism Removal (CPR):    0.030ns

    Location             Delay type                Incr(ns)  Path(ns)    Netlist Resource(s)
  -------------------------------------------------------------------    -------------------
                         (clock clk_fpga_0 rise edge)
                                                      0.000     0.000 r  
    PS7_X0Y0             PS7                          0.000     0.000 r  image_rotator_design_i/processing_system7_0/inst/PS7_i/FCLKCLK[0]
                         net (fo=1, routed)           0.310     0.310    image_rotator_design_i/processing_system7_0/inst/FCLK_CLK_unbuffered[0]
    BUFGCTRL_X0Y16       BUFG (Prop_bufg_I_O)         0.026     0.336 r  image_rotator_design_i/processing_system7_0/inst/buffer_fclk_clk_0.FCLK_CLK_0_BUFG/O
                         net (fo=10075, routed)       0.557     0.893    image_rotator_design_i/proc_sys_reset_0/U0/slowest_sync_clk
    SLICE_X36Y97         FDRE                                         r  image_rotator_design_i/proc_sys_reset_0/U0/ACTIVE_LOW_PR_OUT_DFF[0].FDRE_PER_N/C
  -------------------------------------------------------------------    -------------------
    SLICE_X36Y97         FDRE (Prop_fdre_C_Q)         0.164     1.057 r  image_rotator_design_i/proc_sys_reset_0/U0/ACTIVE_LOW_PR_OUT_DFF[0].FDRE_PER_N/Q
                         net (fo=11, routed)          1.228     2.285    image_rotator_design_i/axi_image_rotator_0/inst/aresetn
    SLICE_X45Y42         LUT1 (Prop_lut1_I0_O)        0.045     2.330 f  image_rotator_design_i/axi_image_rotator_0/inst/s_axis_tready_i_2/O
                         net (fo=105, routed)         0.491     2.821    image_rotator_design_i/axi_image_rotator_0/inst/s_axis_tready_i_2_n_0
    SLICE_X39Y27         FDCE                                         f  image_rotator_design_i/axi_image_rotator_0/inst/wr_ptr_reg[6]_rep/CLR
  -------------------------------------------------------------------    -------------------

                         (clock clk_fpga_0 rise edge)
                                                      0.000     0.000 r  
    PS7_X0Y0             PS7                          0.000     0.000 r  image_rotator_design_i/processing_system7_0/inst/PS7_i/FCLKCLK[0]
                         net (fo=1, routed)           0.337     0.337    image_rotator_design_i/processing_system7_0/inst/FCLK_CLK_unbuffered[0]
    BUFGCTRL_X0Y16       BUFG (Prop_bufg_I_O)         0.029     0.366 r  image_rotator_design_i/processing_system7_0/inst/buffer_fclk_clk_0.FCLK_CLK_0_BUFG/O
                         net (fo=10075, routed)       0.816     1.182    image_rotator_design_i/axi_image_rotator_0/inst/aclk
    SLICE_X39Y27         FDCE                                         r  image_rotator_design_i/axi_image_rotator_0/inst/wr_ptr_reg[6]_rep/C
                         clock pessimism             -0.030     1.152    
    SLICE_X39Y27         FDCE (Remov_fdce_C_CLR)     -0.092     1.060    image_rotator_design_i/axi_image_rotator_0/inst/wr_ptr_reg[6]_rep
  -------------------------------------------------------------------
                         required time                         -1.060    
                         arrival time                           2.821    
  -------------------------------------------------------------------
                         slack                                  1.761    

Slack (MET) :             1.761ns  (arrival time - required time)
  Source:                 image_rotator_design_i/proc_sys_reset_0/U0/ACTIVE_LOW_PR_OUT_DFF[0].FDRE_PER_N/C
                            (rising edge-triggered cell FDRE clocked by clk_fpga_0  {rise@0.000ns fall@5.000ns period=10.000ns})
  Destination:            image_rotator_design_i/axi_image_rotator_0/inst/wr_ptr_reg[6]_rep__5/CLR
                            (removal check against rising-edge clock clk_fpga_0  {rise@0.000ns fall@5.000ns period=10.000ns})
  Path Group:             **async_default**
  Path Type:              Removal (Min at Fast Process Corner)
  Requirement:            0.000ns  (clk_fpga_0 rise@0.000ns - clk_fpga_0 rise@0.000ns)
  Data Path Delay:        1.928ns  (logic 0.209ns (10.841%)  route 1.719ns (89.159%))
  Logic Levels:           1  (LUT1=1)
  Clock Path Skew:        0.259ns (DCD - SCD - CPR)
    Destination Clock Delay (DCD):    1.182ns
    Source Clock Delay      (SCD):    0.893ns
    Clock Pessimism Removal (CPR):    0.030ns

    Location             Delay type                Incr(ns)  Path(ns)    Netlist Resource(s)
  -------------------------------------------------------------------    -------------------
                         (clock clk_fpga_0 rise edge)
                                                      0.000     0.000 r  
    PS7_X0Y0             PS7                          0.000     0.000 r  image_rotator_design_i/processing_system7_0/inst/PS7_i/FCLKCLK[0]
                         net (fo=1, routed)           0.310     0.310    image_rotator_design_i/processing_system7_0/inst/FCLK_CLK_unbuffered[0]
    BUFGCTRL_X0Y16       BUFG (Prop_bufg_I_O)         0.026     0.336 r  image_rotator_design_i/processing_system7_0/inst/buffer_fclk_clk_0.FCLK_CLK_0_BUFG/O
                         net (fo=10075, routed)       0.557     0.893    image_rotator_design_i/proc_sys_reset_0/U0/slowest_sync_clk
    SLICE_X36Y97         FDRE                                         r  image_rotator_design_i/proc_sys_reset_0/U0/ACTIVE_LOW_PR_OUT_DFF[0].FDRE_PER_N/C
  -------------------------------------------------------------------    -------------------
    SLICE_X36Y97         FDRE (Prop_fdre_C_Q)         0.164     1.057 r  image_rotator_design_i/proc_sys_reset_0/U0/ACTIVE_LOW_PR_OUT_DFF[0].FDRE_PER_N/Q
                         net (fo=11, routed)          1.228     2.285    image_rotator_design_i/axi_image_rotator_0/inst/aresetn
    SLICE_X45Y42         LUT1 (Prop_lut1_I0_O)        0.045     2.330 f  image_rotator_design_i/axi_image_rotator_0/inst/s_axis_tready_i_2/O
                         net (fo=105, routed)         0.491     2.821    image_rotator_design_i/axi_image_rotator_0/inst/s_axis_tready_i_2_n_0
    SLICE_X39Y27         FDCE                                         f  image_rotator_design_i/axi_image_rotator_0/inst/wr_ptr_reg[6]_rep__5/CLR
  -------------------------------------------------------------------    -------------------

                         (clock clk_fpga_0 rise edge)
                                                      0.000     0.000 r  
    PS7_X0Y0             PS7                          0.000     0.000 r  image_rotator_design_i/processing_system7_0/inst/PS7_i/FCLKCLK[0]
                         net (fo=1, routed)           0.337     0.337    image_rotator_design_i/processing_system7_0/inst/FCLK_CLK_unbuffered[0]
    BUFGCTRL_X0Y16       BUFG (Prop_bufg_I_O)         0.029     0.366 r  image_rotator_design_i/processing_system7_0/inst/buffer_fclk_clk_0.FCLK_CLK_0_BUFG/O
                         net (fo=10075, routed)       0.816     1.182    image_rotator_design_i/axi_image_rotator_0/inst/aclk
    SLICE_X39Y27         FDCE                                         r  image_rotator_design_i/axi_image_rotator_0/inst/wr_ptr_reg[6]_rep__5/C
                         clock pessimism             -0.030     1.152    
    SLICE_X39Y27         FDCE (Remov_fdce_C_CLR)     -0.092     1.060    image_rotator_design_i/axi_image_rotator_0/inst/wr_ptr_reg[6]_rep__5
  -------------------------------------------------------------------
                         required time                         -1.060    
                         arrival time                           2.821    
  -------------------------------------------------------------------
                         slack                                  1.761    

Slack (MET) :             1.761ns  (arrival time - required time)
  Source:                 image_rotator_design_i/proc_sys_reset_0/U0/ACTIVE_LOW_PR_OUT_DFF[0].FDRE_PER_N/C
                            (rising edge-triggered cell FDRE clocked by clk_fpga_0  {rise@0.000ns fall@5.000ns period=10.000ns})
  Destination:            image_rotator_design_i/axi_image_rotator_0/inst/wr_ptr_reg[7]_rep__2/CLR
                            (removal check against rising-edge clock clk_fpga_0  {rise@0.000ns fall@5.000ns period=10.000ns})
  Path Group:             **async_default**
  Path Type:              Removal (Min at Fast Process Corner)
  Requirement:            0.000ns  (clk_fpga_0 rise@0.000ns - clk_fpga_0 rise@0.000ns)
  Data Path Delay:        1.928ns  (logic 0.209ns (10.841%)  route 1.719ns (89.159%))
  Logic Levels:           1  (LUT1=1)
  Clock Path Skew:        0.259ns (DCD - SCD - CPR)
    Destination Clock Delay (DCD):    1.182ns
    Source Clock Delay      (SCD):    0.893ns
    Clock Pessimism Removal (CPR):    0.030ns

    Location             Delay type                Incr(ns)  Path(ns)    Netlist Resource(s)
  -------------------------------------------------------------------    -------------------
                         (clock clk_fpga_0 rise edge)
                                                      0.000     0.000 r  
    PS7_X0Y0             PS7                          0.000     0.000 r  image_rotator_design_i/processing_system7_0/inst/PS7_i/FCLKCLK[0]
                         net (fo=1, routed)           0.310     0.310    image_rotator_design_i/processing_system7_0/inst/FCLK_CLK_unbuffered[0]
    BUFGCTRL_X0Y16       BUFG (Prop_bufg_I_O)         0.026     0.336 r  image_rotator_design_i/processing_system7_0/inst/buffer_fclk_clk_0.FCLK_CLK_0_BUFG/O
                         net (fo=10075, routed)       0.557     0.893    image_rotator_design_i/proc_sys_reset_0/U0/slowest_sync_clk
    SLICE_X36Y97         FDRE                                         r  image_rotator_design_i/proc_sys_reset_0/U0/ACTIVE_LOW_PR_OUT_DFF[0].FDRE_PER_N/C
  -------------------------------------------------------------------    -------------------
    SLICE_X36Y97         FDRE (Prop_fdre_C_Q)         0.164     1.057 r  image_rotator_design_i/proc_sys_reset_0/U0/ACTIVE_LOW_PR_OUT_DFF[0].FDRE_PER_N/Q
                         net (fo=11, routed)          1.228     2.285    image_rotator_design_i/axi_image_rotator_0/inst/aresetn
    SLICE_X45Y42         LUT1 (Prop_lut1_I0_O)        0.045     2.330 f  image_rotator_design_i/axi_image_rotator_0/inst/s_axis_tready_i_2/O
                         net (fo=105, routed)         0.491     2.821    image_rotator_design_i/axi_image_rotator_0/inst/s_axis_tready_i_2_n_0
    SLICE_X39Y27         FDCE                                         f  image_rotator_design_i/axi_image_rotator_0/inst/wr_ptr_reg[7]_rep__2/CLR
  -------------------------------------------------------------------    -------------------

                         (clock clk_fpga_0 rise edge)
                                                      0.000     0.000 r  
    PS7_X0Y0             PS7                          0.000     0.000 r  image_rotator_design_i/processing_system7_0/inst/PS7_i/FCLKCLK[0]
                         net (fo=1, routed)           0.337     0.337    image_rotator_design_i/processing_system7_0/inst/FCLK_CLK_unbuffered[0]
    BUFGCTRL_X0Y16       BUFG (Prop_bufg_I_O)         0.029     0.366 r  image_rotator_design_i/processing_system7_0/inst/buffer_fclk_clk_0.FCLK_CLK_0_BUFG/O
                         net (fo=10075, routed)       0.816     1.182    image_rotator_design_i/axi_image_rotator_0/inst/aclk
    SLICE_X39Y27         FDCE                                         r  image_rotator_design_i/axi_image_rotator_0/inst/wr_ptr_reg[7]_rep__2/C
                         clock pessimism             -0.030     1.152    
    SLICE_X39Y27         FDCE (Remov_fdce_C_CLR)     -0.092     1.060    image_rotator_design_i/axi_image_rotator_0/inst/wr_ptr_reg[7]_rep__2
  -------------------------------------------------------------------
                         required time                         -1.060    
                         arrival time                           2.821    
  -------------------------------------------------------------------
                         slack                                  1.761    

Slack (MET) :             1.893ns  (arrival time - required time)
  Source:                 image_rotator_design_i/proc_sys_reset_0/U0/ACTIVE_LOW_PR_OUT_DFF[0].FDRE_PER_N/C
                            (rising edge-triggered cell FDRE clocked by clk_fpga_0  {rise@0.000ns fall@5.000ns period=10.000ns})
  Destination:            image_rotator_design_i/axi_image_rotator_0/inst/m_axis_tdata_reg[3]/CLR
                            (removal check against rising-edge clock clk_fpga_0  {rise@0.000ns fall@5.000ns period=10.000ns})
  Path Group:             **async_default**
  Path Type:              Removal (Min at Fast Process Corner)
  Requirement:            0.000ns  (clk_fpga_0 rise@0.000ns - clk_fpga_0 rise@0.000ns)
  Data Path Delay:        2.097ns  (logic 0.209ns (9.967%)  route 1.888ns (90.033%))
  Logic Levels:           1  (LUT1=1)
  Clock Path Skew:        0.296ns (DCD - SCD - CPR)
    Destination Clock Delay (DCD):    1.219ns
    Source Clock Delay      (SCD):    0.893ns
    Clock Pessimism Removal (CPR):    0.030ns

    Location             Delay type                Incr(ns)  Path(ns)    Netlist Resource(s)
  -------------------------------------------------------------------    -------------------
                         (clock clk_fpga_0 rise edge)
                                                      0.000     0.000 r  
    PS7_X0Y0             PS7                          0.000     0.000 r  image_rotator_design_i/processing_system7_0/inst/PS7_i/FCLKCLK[0]
                         net (fo=1, routed)           0.310     0.310    image_rotator_design_i/processing_system7_0/inst/FCLK_CLK_unbuffered[0]
    BUFGCTRL_X0Y16       BUFG (Prop_bufg_I_O)         0.026     0.336 r  image_rotator_design_i/processing_system7_0/inst/buffer_fclk_clk_0.FCLK_CLK_0_BUFG/O
                         net (fo=10075, routed)       0.557     0.893    image_rotator_design_i/proc_sys_reset_0/U0/slowest_sync_clk
    SLICE_X36Y97         FDRE                                         r  image_rotator_design_i/proc_sys_reset_0/U0/ACTIVE_LOW_PR_OUT_DFF[0].FDRE_PER_N/C
  -------------------------------------------------------------------    -------------------
    SLICE_X36Y97         FDRE (Prop_fdre_C_Q)         0.164     1.057 r  image_rotator_design_i/proc_sys_reset_0/U0/ACTIVE_LOW_PR_OUT_DFF[0].FDRE_PER_N/Q
                         net (fo=11, routed)          1.228     2.285    image_rotator_design_i/axi_image_rotator_0/inst/aresetn
    SLICE_X45Y42         LUT1 (Prop_lut1_I0_O)        0.045     2.330 f  image_rotator_design_i/axi_image_rotator_0/inst/s_axis_tready_i_2/O
                         net (fo=105, routed)         0.660     2.990    image_rotator_design_i/axi_image_rotator_0/inst/s_axis_tready_i_2_n_0
    SLICE_X29Y36         FDCE                                         f  image_rotator_design_i/axi_image_rotator_0/inst/m_axis_tdata_reg[3]/CLR
  -------------------------------------------------------------------    -------------------

                         (clock clk_fpga_0 rise edge)
                                                      0.000     0.000 r  
    PS7_X0Y0             PS7                          0.000     0.000 r  image_rotator_design_i/processing_system7_0/inst/PS7_i/FCLKCLK[0]
                         net (fo=1, routed)           0.337     0.337    image_rotator_design_i/processing_system7_0/inst/FCLK_CLK_unbuffered[0]
    BUFGCTRL_X0Y16       BUFG (Prop_bufg_I_O)         0.029     0.366 r  image_rotator_design_i/processing_system7_0/inst/buffer_fclk_clk_0.FCLK_CLK_0_BUFG/O
                         net (fo=10075, routed)       0.853     1.219    image_rotator_design_i/axi_image_rotator_0/inst/aclk
    SLICE_X29Y36         FDCE                                         r  image_rotator_design_i/axi_image_rotator_0/inst/m_axis_tdata_reg[3]/C
                         clock pessimism             -0.030     1.189    
    SLICE_X29Y36         FDCE (Remov_fdce_C_CLR)     -0.092     1.097    image_rotator_design_i/axi_image_rotator_0/inst/m_axis_tdata_reg[3]
  -------------------------------------------------------------------
                         required time                         -1.097    
                         arrival time                           2.990    
  -------------------------------------------------------------------
                         slack                                  1.893    

Slack (MET) :             1.910ns  (arrival time - required time)
  Source:                 image_rotator_design_i/proc_sys_reset_0/U0/ACTIVE_LOW_PR_OUT_DFF[0].FDRE_PER_N/C
                            (rising edge-triggered cell FDRE clocked by clk_fpga_0  {rise@0.000ns fall@5.000ns period=10.000ns})
  Destination:            image_rotator_design_i/axi_image_rotator_0/inst/wr_ptr_reg[5]_rep__4/CLR
                            (removal check against rising-edge clock clk_fpga_0  {rise@0.000ns fall@5.000ns period=10.000ns})
  Path Group:             **async_default**
  Path Type:              Removal (Min at Fast Process Corner)
  Requirement:            0.000ns  (clk_fpga_0 rise@0.000ns - clk_fpga_0 rise@0.000ns)
  Data Path Delay:        2.078ns  (logic 0.209ns (10.059%)  route 1.869ns (89.941%))
  Logic Levels:           1  (LUT1=1)
  Clock Path Skew:        0.259ns (DCD - SCD - CPR)
    Destination Clock Delay (DCD):    1.182ns
    Source Clock Delay      (SCD):    0.893ns
    Clock Pessimism Removal (CPR):    0.030ns

    Location             Delay type                Incr(ns)  Path(ns)    Netlist Resource(s)
  -------------------------------------------------------------------    -------------------
                         (clock clk_fpga_0 rise edge)
                                                      0.000     0.000 r  
    PS7_X0Y0             PS7                          0.000     0.000 r  image_rotator_design_i/processing_system7_0/inst/PS7_i/FCLKCLK[0]
                         net (fo=1, routed)           0.310     0.310    image_rotator_design_i/processing_system7_0/inst/FCLK_CLK_unbuffered[0]
    BUFGCTRL_X0Y16       BUFG (Prop_bufg_I_O)         0.026     0.336 r  image_rotator_design_i/processing_system7_0/inst/buffer_fclk_clk_0.FCLK_CLK_0_BUFG/O
                         net (fo=10075, routed)       0.557     0.893    image_rotator_design_i/proc_sys_reset_0/U0/slowest_sync_clk
    SLICE_X36Y97         FDRE                                         r  image_rotator_design_i/proc_sys_reset_0/U0/ACTIVE_LOW_PR_OUT_DFF[0].FDRE_PER_N/C
  -------------------------------------------------------------------    -------------------
    SLICE_X36Y97         FDRE (Prop_fdre_C_Q)         0.164     1.057 r  image_rotator_design_i/proc_sys_reset_0/U0/ACTIVE_LOW_PR_OUT_DFF[0].FDRE_PER_N/Q
                         net (fo=11, routed)          1.228     2.285    image_rotator_design_i/axi_image_rotator_0/inst/aresetn
    SLICE_X45Y42         LUT1 (Prop_lut1_I0_O)        0.045     2.330 f  image_rotator_design_i/axi_image_rotator_0/inst/s_axis_tready_i_2/O
                         net (fo=105, routed)         0.640     2.970    image_rotator_design_i/axi_image_rotator_0/inst/s_axis_tready_i_2_n_0
    SLICE_X40Y27         FDCE                                         f  image_rotator_design_i/axi_image_rotator_0/inst/wr_ptr_reg[5]_rep__4/CLR
  -------------------------------------------------------------------    -------------------

                         (clock clk_fpga_0 rise edge)
                                                      0.000     0.000 r  
    PS7_X0Y0             PS7                          0.000     0.000 r  image_rotator_design_i/processing_system7_0/inst/PS7_i/FCLKCLK[0]
                         net (fo=1, routed)           0.337     0.337    image_rotator_design_i/processing_system7_0/inst/FCLK_CLK_unbuffered[0]
    BUFGCTRL_X0Y16       BUFG (Prop_bufg_I_O)         0.029     0.366 r  image_rotator_design_i/processing_system7_0/inst/buffer_fclk_clk_0.FCLK_CLK_0_BUFG/O
                         net (fo=10075, routed)       0.816     1.182    image_rotator_design_i/axi_image_rotator_0/inst/aclk
    SLICE_X40Y27         FDCE                                         r  image_rotator_design_i/axi_image_rotator_0/inst/wr_ptr_reg[5]_rep__4/C
                         clock pessimism             -0.030     1.152    
    SLICE_X40Y27         FDCE (Remov_fdce_C_CLR)     -0.092     1.060    image_rotator_design_i/axi_image_rotator_0/inst/wr_ptr_reg[5]_rep__4
  -------------------------------------------------------------------
                         required time                         -1.060    
                         arrival time                           2.970    
  -------------------------------------------------------------------
                         slack                                  1.910    





