Vivado Simulator 2018.3
Time resolution is 1 ps
=== Sending 6468 pixels ===
Sending pixel[0] = 0
Sending pixel[1] = 3
Sending pixel[2] = 7
Sending pixel[3] = 11
Sending pixel[4] = 15
Sending pixel[5] = 19
Sending pixel[6] = 23
Sending pixel[7] = 27
Sending pixel[8] = 31
Sending pixel[9] = 35
Sending pixel[10] = 39
Sending pixel[11] = 43
Sending pixel[12] = 47
Sending pixel[13] = 51
Sending pixel[14] = 54
Sending pixel[15] = 58
Sending pixel[16] = 62
Sending pixel[17] = 66
Sending pixel[18] = 70
Sending pixel[19] = 74
Sending pixel[20] = 78
Sending pixel[21] = 82
Sending pixel[22] = 86
Sending pixel[23] = 90
Sending pixel[24] = 94
Sending pixel[25] = 98
Sending pixel[26] = 102
Sending pixel[27] = 105
Sending pixel[28] = 109
Sending pixel[29] = 113
Sending pixel[30] = 117
Sending pixel[31] = 121
Sending pixel[32] = 125
Sending pixel[33] = 129
Sending pixel[34] = 133
Sending pixel[35] = 137
Sending pixel[36] = 141
Sending pixel[37] = 145
Sending pixel[38] = 149
Sending pixel[39] = 153
Sending pixel[40] = 156
Sending pixel[41] = 160
Sending pixel[42] = 164
Sending pixel[43] = 168
Sending pixel[44] = 172
Sending pixel[45] = 176
Sending pixel[46] = 180
Sending pixel[47] = 184
Sending pixel[48] = 188
Sending pixel[49] = 192
Sending pixel[50] = 196
Sending pixel[51] = 200
Sending pixel[52] = 204
Sending pixel[53] = 207
Sending pixel[54] = 211
Sending pixel[55] = 215
Sending pixel[56] = 219
Sending pixel[57] = 223
Sending pixel[58] = 227
Sending pixel[59] = 231
Sending pixel[60] = 235
Sending pixel[61] = 239
Sending pixel[62] = 243
Sending pixel[63] = 247
Sending pixel[64] = 251
Sending pixel[65] = 255
Sending pixel[66] = 0
Sending pixel[67] = 3
Sending pixel[68] = 7
Sending pixel[69] = 11
Sending pixel[70] = 15
Sending pixel[71] = 19
Sending pixel[72] = 23
Sending pixel[73] = 27
Sending pixel[74] = 31
Sending pixel[75] = 35
Sending pixel[76] = 39
Sending pixel[77] = 43
Sending pixel[78] = 47
Sending pixel[79] = 51
Sending pixel[80] = 54
Sending pixel[81] = 58
Sending pixel[82] = 62
Sending pixel[83] = 66
Sending pixel[84] = 70
Sending pixel[85] = 74
Sending pixel[86] = 78
Sending pixel[87] = 82
Sending pixel[88] = 86
Sending pixel[89] = 90
Sending pixel[90] = 94
Sending pixel[91] = 98
Sending pixel[92] = 102
Sending pixel[93] = 105
Sending pixel[94] = 109
Sending pixel[95] = 113
Sending pixel[96] = 117
Sending pixel[97] = 121
Sending pixel[98] = 125
Sending pixel[99] = 129
Sending pixel[100] = 133
Sending pixel[101] = 137
Sending pixel[102] = 141
Sending pixel[103] = 145
Sending pixel[104] = 149
Sending pixel[105] = 153
Sending pixel[106] = 156
Sending pixel[107] = 160
Sending pixel[108] = 164
Sending pixel[109] = 168
Sending pixel[110] = 172
Sending pixel[111] = 176
Sending pixel[112] = 180
Sending pixel[113] = 184
Sending pixel[114] = 188
Sending pixel[115] = 192
Sending pixel[116] = 196
Sending pixel[117] = 200
Sending pixel[118] = 204
Sending pixel[119] = 207
Sending pixel[120] = 211
Sending pixel[121] = 215
Sending pixel[122] = 219
Sending pixel[123] = 223
Sending pixel[124] = 227
Sending pixel[125] = 231
Sending pixel[126] = 235
Sending pixel[127] = 239
Sending pixel[128] = 243
Sending pixel[129] = 247
Sending pixel[130] = 251
Sending pixel[131] = 255
Sending pixel[132] = 0
Sending pixel[133] = 3
Sending pixel[134] = 7
Sending pixel[135] = 11
Sending pixel[136] = 15
Sending pixel[137] = 19
Sending pixel[138] = 23
Sending pixel[139] = 27
Sending pixel[140] = 31
Sending pixel[141] = 35
Sending pixel[142] = 39
Sending pixel[143] = 43
Sending pixel[144] = 47
Sending pixel[145] = 51
Sending pixel[146] = 54
Sending pixel[147] = 58
Sending pixel[148] = 62
Sending pixel[149] = 66
Sending pixel[150] = 70
Sending pixel[151] = 74
Sending pixel[152] = 78
Sending pixel[153] = 82
Sending pixel[154] = 86
Sending pixel[155] = 90
Sending pixel[156] = 94
Sending pixel[157] = 98
Sending pixel[158] = 102
Sending pixel[159] = 105
Sending pixel[160] = 109
Sending pixel[161] = 113
Sending pixel[162] = 117
Sending pixel[163] = 121
Sending pixel[164] = 125
Sending pixel[165] = 129
Sending pixel[166] = 133
Sending pixel[167] = 137
Sending pixel[168] = 141
Sending pixel[169] = 145
Sending pixel[170] = 149
Sending pixel[171] = 153
Sending pixel[172] = 156
Sending pixel[173] = 160
Sending pixel[174] = 164
Sending pixel[175] = 168
Sending pixel[176] = 172
Sending pixel[177] = 176
Sending pixel[178] = 180
Sending pixel[179] = 184
Sending pixel[180] = 188
Sending pixel[181] = 192
Sending pixel[182] = 196
Sending pixel[183] = 200
Sending pixel[184] = 204
Sending pixel[185] = 207
Sending pixel[186] = 211
Sending pixel[187] = 215
Sending pixel[188] = 219
Sending pixel[189] = 223
Sending pixel[190] = 227
Sending pixel[191] = 231
Sending pixel[192] = 235
Sending pixel[193] = 239
Sending pixel[194] = 243
Sending pixel[195] = 247
Sending pixel[196] = 251
Sending pixel[197] = 255
Sending pixel[198] = 0
Sending pixel[199] = 3
Sending pixel[200] = 7
Sending pixel[201] = 11
Sending pixel[202] = 15
Sending pixel[203] = 19
Sending pixel[204] = 23
Sending pixel[205] = 27
Sending pixel[206] = 31
Sending pixel[207] = 35
Sending pixel[208] = 39
Sending pixel[209] = 43
Sending pixel[210] = 47
Sending pixel[211] = 51
Sending pixel[212] = 54
Sending pixel[213] = 58
Sending pixel[214] = 62
Sending pixel[215] = 66
Sending pixel[216] = 70
Sending pixel[217] = 74
Sending pixel[218] = 78
Sending pixel[219] = 82
Sending pixel[220] = 86
Sending pixel[221] = 90
Sending pixel[222] = 94
Sending pixel[223] = 98
Sending pixel[224] = 102
Sending pixel[225] = 105
Sending pixel[226] = 109
Sending pixel[227] = 113
Sending pixel[228] = 117
Sending pixel[229] = 121
Sending pixel[230] = 125
Sending pixel[231] = 129
Sending pixel[232] = 133
Sending pixel[233] = 137
Sending pixel[234] = 141
Sending pixel[235] = 145
Sending pixel[236] = 149
Sending pixel[237] = 153
Sending pixel[238] = 156
Sending pixel[239] = 160
Sending pixel[240] = 164
Sending pixel[241] = 168
Sending pixel[242] = 172
Sending pixel[243] = 176
Sending pixel[244] = 180
Sending pixel[245] = 184
Sending pixel[246] = 188
Sending pixel[247] = 192
Sending pixel[248] = 196
Sending pixel[249] = 200
Sending pixel[250] = 204
Sending pixel[251] = 207
Sending pixel[252] = 211
Sending pixel[253] = 215
Sending pixel[254] = 219
Sending pixel[255] = 223
Sending pixel[256] = 227
Sending pixel[257] = 231
Sending pixel[258] = 235
Sending pixel[259] = 239
Sending pixel[260] = 243
Sending pixel[261] = 247
Sending pixel[262] = 251
Sending pixel[263] = 255
Sending pixel[264] = 0
Sending pixel[265] = 3
Sending pixel[266] = 7
Sending pixel[267] = 11
Sending pixel[268] = 15
Sending pixel[269] = 19
Sending pixel[270] = 23
Sending pixel[271] = 27
Sending pixel[272] = 31
Sending pixel[273] = 35
Sending pixel[274] = 39
Sending pixel[275] = 43
Sending pixel[276] = 47
Sending pixel[277] = 51
Sending pixel[278] = 54
Sending pixel[279] = 58
Sending pixel[280] = 62
Sending pixel[281] = 66
Sending pixel[282] = 70
Sending pixel[283] = 74
Sending pixel[284] = 78
Sending pixel[285] = 82
Sending pixel[286] = 86
Sending pixel[287] = 90
Sending pixel[288] = 94
Sending pixel[289] = 98
Sending pixel[290] = 102
Sending pixel[291] = 105
Sending pixel[292] = 109
Sending pixel[293] = 113
Sending pixel[294] = 117
Sending pixel[295] = 121
Sending pixel[296] = 125
Sending pixel[297] = 129
Sending pixel[298] = 133
Sending pixel[299] = 137
Sending pixel[300] = 141
Sending pixel[301] = 145
Sending pixel[302] = 149
Sending pixel[303] = 153
Sending pixel[304] = 156
Sending pixel[305] = 160
Sending pixel[306] = 164
Sending pixel[307] = 168
Sending pixel[308] = 172
Sending pixel[309] = 176
Sending pixel[310] = 180
Sending pixel[311] = 184
Sending pixel[312] = 188
Sending pixel[313] = 192
Sending pixel[314] = 196
Sending pixel[315] = 200
Sending pixel[316] = 204
Sending pixel[317] = 207
Sending pixel[318] = 211
Sending pixel[319] = 215
Sending pixel[320] = 219
Sending pixel[321] = 223
Sending pixel[322] = 227
Sending pixel[323] = 231
Sending pixel[324] = 235
Sending pixel[325] = 239
Sending pixel[326] = 243
Sending pixel[327] = 247
Sending pixel[328] = 251
Sending pixel[329] = 255
Sending pixel[330] = 0
Sending pixel[331] = 3
Sending pixel[332] = 7
Sending pixel[333] = 11
Sending pixel[334] = 15
Sending pixel[335] = 19
Sending pixel[336] = 23
Sending pixel[337] = 27
Sending pixel[338] = 31
Sending pixel[339] = 35
Sending pixel[340] = 39
Sending pixel[341] = 43
Sending pixel[342] = 47
Sending pixel[343] = 51
Sending pixel[344] = 54
Sending pixel[345] = 58
Sending pixel[346] = 62
Sending pixel[347] = 66
Sending pixel[348] = 70
Sending pixel[349] = 74
Sending pixel[350] = 78
Sending pixel[351] = 82
Sending pixel[352] = 86
Sending pixel[353] = 90
Sending pixel[354] = 94
Sending pixel[355] = 98
Sending pixel[356] = 102
Sending pixel[357] = 105
Sending pixel[358] = 109
Sending pixel[359] = 113
Sending pixel[360] = 117
Sending pixel[361] = 121
Sending pixel[362] = 125
Sending pixel[363] = 129
Sending pixel[364] = 133
Sending pixel[365] = 137
Sending pixel[366] = 141
Sending pixel[367] = 145
Sending pixel[368] = 149
Sending pixel[369] = 153
Sending pixel[370] = 156
Sending pixel[371] = 160
Sending pixel[372] = 164
Sending pixel[373] = 168
Sending pixel[374] = 172
Sending pixel[375] = 176
Sending pixel[376] = 180
Sending pixel[377] = 184
Sending pixel[378] = 188
Sending pixel[379] = 192
Sending pixel[380] = 196
Sending pixel[381] = 200
Sending pixel[382] = 204
Sending pixel[383] = 207
Sending pixel[384] = 211
Sending pixel[385] = 215
Sending pixel[386] = 219
Sending pixel[387] = 223
Sending pixel[388] = 227
Sending pixel[389] = 231
Sending pixel[390] = 235
Sending pixel[391] = 239
Sending pixel[392] = 243
Sending pixel[393] = 247
Sending pixel[394] = 251
Sending pixel[395] = 255
Sending pixel[396] = 0
Sending pixel[397] = 3
Sending pixel[398] = 7
Sending pixel[399] = 11
Sending pixel[400] = 15
Sending pixel[401] = 19
Sending pixel[402] = 23
Sending pixel[403] = 27
Sending pixel[404] = 31
Sending pixel[405] = 35
Sending pixel[406] = 39
Sending pixel[407] = 43
Sending pixel[408] = 47
Sending pixel[409] = 51
Sending pixel[410] = 54
Sending pixel[411] = 58
Sending pixel[412] = 62
Sending pixel[413] = 66
Sending pixel[414] = 70
Sending pixel[415] = 74
Sending pixel[416] = 78
Sending pixel[417] = 82
Sending pixel[418] = 86
Sending pixel[419] = 90
Sending pixel[420] = 94
Sending pixel[421] = 98
Sending pixel[422] = 102
Sending pixel[423] = 105
Sending pixel[424] = 109
Sending pixel[425] = 113
Sending pixel[426] = 117
Sending pixel[427] = 121
Sending pixel[428] = 125
Sending pixel[429] = 129
Sending pixel[430] = 133
Sending pixel[431] = 137
Sending pixel[432] = 141
Sending pixel[433] = 145
Sending pixel[434] = 149
Sending pixel[435] = 153
Sending pixel[436] = 156
Sending pixel[437] = 160
Sending pixel[438] = 164
Sending pixel[439] = 168
Sending pixel[440] = 172
Sending pixel[441] = 176
Sending pixel[442] = 180
Sending pixel[443] = 184
Sending pixel[444] = 188
Sending pixel[445] = 192
Sending pixel[446] = 196
Sending pixel[447] = 200
Sending pixel[448] = 204
Sending pixel[449] = 207
Sending pixel[450] = 211
Sending pixel[451] = 215
Sending pixel[452] = 219
Sending pixel[453] = 223
Sending pixel[454] = 227
Sending pixel[455] = 231
Sending pixel[456] = 235
Sending pixel[457] = 239
Sending pixel[458] = 243
Sending pixel[459] = 247
Sending pixel[460] = 251
Sending pixel[461] = 255
Sending pixel[462] = 0
Sending pixel[463] = 3
Sending pixel[464] = 7
Sending pixel[465] = 11
Sending pixel[466] = 15
Sending pixel[467] = 19
Sending pixel[468] = 23
Sending pixel[469] = 27
Sending pixel[470] = 31
Sending pixel[471] = 35
Sending pixel[472] = 39
Sending pixel[473] = 43
Sending pixel[474] = 47
Sending pixel[475] = 51
Sending pixel[476] = 54
Sending pixel[477] = 58
Sending pixel[478] = 62
Sending pixel[479] = 66
Sending pixel[480] = 70
Sending pixel[481] = 74
Sending pixel[482] = 78
Sending pixel[483] = 82
Sending pixel[484] = 86
Sending pixel[485] = 90
Sending pixel[486] = 94
Sending pixel[487] = 98
Sending pixel[488] = 102
Sending pixel[489] = 105
Sending pixel[490] = 109
Sending pixel[491] = 113
Sending pixel[492] = 117
Sending pixel[493] = 121
Sending pixel[494] = 125
Sending pixel[495] = 129
Sending pixel[496] = 133
Sending pixel[497] = 137
Sending pixel[498] = 141
Sending pixel[499] = 145
Sending pixel[500] = 149
Sending pixel[501] = 153
Sending pixel[502] = 156
Sending pixel[503] = 160
Sending pixel[504] = 164
Sending pixel[505] = 168
Sending pixel[506] = 172
Sending pixel[507] = 176
Sending pixel[508] = 180
Sending pixel[509] = 184
Sending pixel[510] = 188
Sending pixel[511] = 192
Sending pixel[512] = 196
Sending pixel[513] = 200
Sending pixel[514] = 204
Sending pixel[515] = 207
Sending pixel[516] = 211
Sending pixel[517] = 215
Sending pixel[518] = 219
Sending pixel[519] = 223
Sending pixel[520] = 227
Sending pixel[521] = 231
Sending pixel[522] = 235
Sending pixel[523] = 239
Sending pixel[524] = 243
Sending pixel[525] = 247
Sending pixel[526] = 251
Sending pixel[527] = 255
Sending pixel[528] = 0
Sending pixel[529] = 3
Sending pixel[530] = 7
Sending pixel[531] = 11
Sending pixel[532] = 15
Sending pixel[533] = 19
Sending pixel[534] = 23
Sending pixel[535] = 27
Sending pixel[536] = 31
Sending pixel[537] = 35
Sending pixel[538] = 39
Sending pixel[539] = 43
Sending pixel[540] = 47
Sending pixel[541] = 51
Sending pixel[542] = 54
Sending pixel[543] = 58
Sending pixel[544] = 62
Sending pixel[545] = 66
Sending pixel[546] = 70
Sending pixel[547] = 74
Sending pixel[548] = 78
Sending pixel[549] = 82
Sending pixel[550] = 86
Sending pixel[551] = 90
Sending pixel[552] = 94
Sending pixel[553] = 98
Sending pixel[554] = 102
Sending pixel[555] = 105
Sending pixel[556] = 109
Sending pixel[557] = 113
Sending pixel[558] = 117
Sending pixel[559] = 121
Sending pixel[560] = 125
Sending pixel[561] = 129
Sending pixel[562] = 133
Sending pixel[563] = 137
Sending pixel[564] = 141
Sending pixel[565] = 145
Sending pixel[566] = 149
Sending pixel[567] = 153
Sending pixel[568] = 156
Sending pixel[569] = 160
Sending pixel[570] = 164
Sending pixel[571] = 168
Sending pixel[572] = 172
Sending pixel[573] = 176
Sending pixel[574] = 180
Sending pixel[575] = 184
Sending pixel[576] = 188
Sending pixel[577] = 192
Sending pixel[578] = 196
Sending pixel[579] = 200
Sending pixel[580] = 204
Sending pixel[581] = 207
Sending pixel[582] = 211
Sending pixel[583] = 215
Sending pixel[584] = 219
Sending pixel[585] = 223
Sending pixel[586] = 227
Sending pixel[587] = 231
Sending pixel[588] = 235
Sending pixel[589] = 239
Sending pixel[590] = 243
Sending pixel[591] = 247
Sending pixel[592] = 251
Sending pixel[593] = 255
Sending pixel[594] = 0
Sending pixel[595] = 3
Sending pixel[596] = 7
Sending pixel[597] = 11
Sending pixel[598] = 15
Sending pixel[599] = 19
Sending pixel[600] = 23
Sending pixel[601] = 27
Sending pixel[602] = 31
Sending pixel[603] = 35
Sending pixel[604] = 39
Sending pixel[605] = 43
Sending pixel[606] = 47
Sending pixel[607] = 51
Sending pixel[608] = 54
Sending pixel[609] = 58
Sending pixel[610] = 62
Sending pixel[611] = 66
Sending pixel[612] = 70
Sending pixel[613] = 74
Sending pixel[614] = 78
Sending pixel[615] = 82
Sending pixel[616] = 86
Sending pixel[617] = 90
Sending pixel[618] = 94
Sending pixel[619] = 98
Sending pixel[620] = 102
Sending pixel[621] = 105
Sending pixel[622] = 109
Sending pixel[623] = 113
Sending pixel[624] = 117
Sending pixel[625] = 121
Sending pixel[626] = 125
Sending pixel[627] = 129
Sending pixel[628] = 133
Sending pixel[629] = 137
Sending pixel[630] = 141
Sending pixel[631] = 145
Sending pixel[632] = 149
Sending pixel[633] = 153
Sending pixel[634] = 156
Sending pixel[635] = 160
Sending pixel[636] = 164
Sending pixel[637] = 168
Sending pixel[638] = 172
Sending pixel[639] = 176
Sending pixel[640] = 180
Sending pixel[641] = 184
Sending pixel[642] = 188
Sending pixel[643] = 192
Sending pixel[644] = 196
Sending pixel[645] = 200
Sending pixel[646] = 204
Sending pixel[647] = 207
Sending pixel[648] = 211
Sending pixel[649] = 215
Sending pixel[650] = 219
Sending pixel[651] = 223
Sending pixel[652] = 227
Sending pixel[653] = 231
Sending pixel[654] = 235
Sending pixel[655] = 239
Sending pixel[656] = 243
Sending pixel[657] = 247
Sending pixel[658] = 251
Sending pixel[659] = 255
Sending pixel[660] = 0
Sending pixel[661] = 3
Sending pixel[662] = 7
Sending pixel[663] = 11
Sending pixel[664] = 15
Sending pixel[665] = 19
Sending pixel[666] = 23
Sending pixel[667] = 27
Sending pixel[668] = 31
Sending pixel[669] = 35
Sending pixel[670] = 39
Sending pixel[671] = 43
Sending pixel[672] = 47
Sending pixel[673] = 51
Sending pixel[674] = 54
Sending pixel[675] = 58
Sending pixel[676] = 62
Sending pixel[677] = 66
Sending pixel[678] = 70
Sending pixel[679] = 74
Sending pixel[680] = 78
Sending pixel[681] = 82
Sending pixel[682] = 86
Sending pixel[683] = 90
Sending pixel[684] = 94
Sending pixel[685] = 98
Sending pixel[686] = 102
Sending pixel[687] = 105
Sending pixel[688] = 109
Sending pixel[689] = 113
Sending pixel[690] = 117
Sending pixel[691] = 121
Sending pixel[692] = 125
Sending pixel[693] = 129
Sending pixel[694] = 133
Sending pixel[695] = 137
Sending pixel[696] = 141
Sending pixel[697] = 145
Sending pixel[698] = 149
Sending pixel[699] = 153
Sending pixel[700] = 156
Sending pixel[701] = 160
Sending pixel[702] = 164
Sending pixel[703] = 168
Sending pixel[704] = 172
Sending pixel[705] = 176
Sending pixel[706] = 180
Sending pixel[707] = 184
Sending pixel[708] = 188
Sending pixel[709] = 192
Sending pixel[710] = 196
Sending pixel[711] = 200
Sending pixel[712] = 204
Sending pixel[713] = 207
Sending pixel[714] = 211
Sending pixel[715] = 215
Sending pixel[716] = 219
Sending pixel[717] = 223
Sending pixel[718] = 227
Sending pixel[719] = 231
Sending pixel[720] = 235
Sending pixel[721] = 239
Sending pixel[722] = 243
Sending pixel[723] = 247
Sending pixel[724] = 251
Sending pixel[725] = 255
Sending pixel[726] = 0
Sending pixel[727] = 3
Sending pixel[728] = 7
Sending pixel[729] = 11
Sending pixel[730] = 15
Sending pixel[731] = 19
Sending pixel[732] = 23
Sending pixel[733] = 27
Sending pixel[734] = 31
Sending pixel[735] = 35
Sending pixel[736] = 39
Sending pixel[737] = 43
Sending pixel[738] = 47
Sending pixel[739] = 51
Sending pixel[740] = 54
Sending pixel[741] = 58
Sending pixel[742] = 62
Sending pixel[743] = 66
Sending pixel[744] = 70
Sending pixel[745] = 74
Sending pixel[746] = 78
Sending pixel[747] = 82
Sending pixel[748] = 86
Sending pixel[749] = 90
Sending pixel[750] = 94
Sending pixel[751] = 98
Sending pixel[752] = 102
Sending pixel[753] = 105
Sending pixel[754] = 109
Sending pixel[755] = 113
Sending pixel[756] = 117
Sending pixel[757] = 121
Sending pixel[758] = 125
Sending pixel[759] = 129
Sending pixel[760] = 133
Sending pixel[761] = 137
Sending pixel[762] = 141
Sending pixel[763] = 145
Sending pixel[764] = 149
Sending pixel[765] = 153
Sending pixel[766] = 156
Sending pixel[767] = 160
Sending pixel[768] = 164
Sending pixel[769] = 168
Sending pixel[770] = 172
Sending pixel[771] = 176
Sending pixel[772] = 180
Sending pixel[773] = 184
Sending pixel[774] = 188
Sending pixel[775] = 192
Sending pixel[776] = 196
Sending pixel[777] = 200
Sending pixel[778] = 204
Sending pixel[779] = 207
Sending pixel[780] = 211
Sending pixel[781] = 215
Sending pixel[782] = 219
Sending pixel[783] = 223
Sending pixel[784] = 227
Sending pixel[785] = 231
Sending pixel[786] = 235
Sending pixel[787] = 239
Sending pixel[788] = 243
Sending pixel[789] = 247
Sending pixel[790] = 251
Sending pixel[791] = 255
Sending pixel[792] = 0
Sending pixel[793] = 3
Sending pixel[794] = 7
Sending pixel[795] = 11
Sending pixel[796] = 15
Sending pixel[797] = 19
Sending pixel[798] = 23
Sending pixel[799] = 27
Sending pixel[800] = 31
Sending pixel[801] = 35
Sending pixel[802] = 39
Sending pixel[803] = 43
Sending pixel[804] = 47
Sending pixel[805] = 51
Sending pixel[806] = 54
Sending pixel[807] = 58
Sending pixel[808] = 62
Sending pixel[809] = 66
Sending pixel[810] = 70
Sending pixel[811] = 74
Sending pixel[812] = 78
Sending pixel[813] = 82
Sending pixel[814] = 86
Sending pixel[815] = 90
Sending pixel[816] = 94
Sending pixel[817] = 98
Sending pixel[818] = 102
Sending pixel[819] = 105
Sending pixel[820] = 109
Sending pixel[821] = 113
Sending pixel[822] = 117
Sending pixel[823] = 121
Sending pixel[824] = 125
Sending pixel[825] = 129
Sending pixel[826] = 133
Sending pixel[827] = 137
Sending pixel[828] = 141
Sending pixel[829] = 145
Sending pixel[830] = 149
Sending pixel[831] = 153
Sending pixel[832] = 156
Sending pixel[833] = 160
Sending pixel[834] = 164
Sending pixel[835] = 168
Sending pixel[836] = 172
Sending pixel[837] = 176
Sending pixel[838] = 180
Sending pixel[839] = 184
Sending pixel[840] = 188
Sending pixel[841] = 192
Sending pixel[842] = 196
Sending pixel[843] = 200
Sending pixel[844] = 204
Sending pixel[845] = 207
Sending pixel[846] = 211
Sending pixel[847] = 215
Sending pixel[848] = 219
Sending pixel[849] = 223
Sending pixel[850] = 227
Sending pixel[851] = 231
Sending pixel[852] = 235
Sending pixel[853] = 239
Sending pixel[854] = 243
Sending pixel[855] = 247
Sending pixel[856] = 251
Sending pixel[857] = 255
Sending pixel[858] = 0
Sending pixel[859] = 3
Sending pixel[860] = 7
Sending pixel[861] = 11
Sending pixel[862] = 15
Sending pixel[863] = 19
Sending pixel[864] = 23
Sending pixel[865] = 27
Sending pixel[866] = 31
Sending pixel[867] = 35
Sending pixel[868] = 39
Sending pixel[869] = 43
Sending pixel[870] = 47
Sending pixel[871] = 51
Sending pixel[872] = 54
Sending pixel[873] = 58
Sending pixel[874] = 62
Sending pixel[875] = 66
Sending pixel[876] = 70
Sending pixel[877] = 74
Sending pixel[878] = 78
Sending pixel[879] = 82
Sending pixel[880] = 86
Sending pixel[881] = 90
Sending pixel[882] = 94
Sending pixel[883] = 98
Sending pixel[884] = 102
Sending pixel[885] = 105
Sending pixel[886] = 109
Sending pixel[887] = 113
Sending pixel[888] = 117
Sending pixel[889] = 121
Sending pixel[890] = 125
Sending pixel[891] = 129
Sending pixel[892] = 133
Sending pixel[893] = 137
Sending pixel[894] = 141
Sending pixel[895] = 145
Sending pixel[896] = 149
Sending pixel[897] = 153
Sending pixel[898] = 156
Sending pixel[899] = 160
Sending pixel[900] = 164
Sending pixel[901] = 168
Sending pixel[902] = 172
Sending pixel[903] = 176
Sending pixel[904] = 180
Sending pixel[905] = 184
Sending pixel[906] = 188
Sending pixel[907] = 192
Sending pixel[908] = 196
Sending pixel[909] = 200
Sending pixel[910] = 204
Sending pixel[911] = 207
Sending pixel[912] = 211
Sending pixel[913] = 215
Sending pixel[914] = 219
Sending pixel[915] = 223
Sending pixel[916] = 227
Sending pixel[917] = 231
Sending pixel[918] = 235
Sending pixel[919] = 239
Sending pixel[920] = 243
Sending pixel[921] = 247
Sending pixel[922] = 251
Sending pixel[923] = 255
Sending pixel[924] = 0
Sending pixel[925] = 3
Sending pixel[926] = 7
Sending pixel[927] = 11
Sending pixel[928] = 15
Sending pixel[929] = 19
Sending pixel[930] = 23
Sending pixel[931] = 27
Sending pixel[932] = 31
Sending pixel[933] = 35
Sending pixel[934] = 39
Sending pixel[935] = 43
Sending pixel[936] = 47
Sending pixel[937] = 51
Sending pixel[938] = 54
Sending pixel[939] = 58
Sending pixel[940] = 62
Sending pixel[941] = 66
Sending pixel[942] = 70
Sending pixel[943] = 74
Sending pixel[944] = 78
Sending pixel[945] = 82
Sending pixel[946] = 86
Sending pixel[947] = 90
Sending pixel[948] = 94
Sending pixel[949] = 98
Sending pixel[950] = 102
Sending pixel[951] = 105
Sending pixel[952] = 109
Sending pixel[953] = 113
Sending pixel[954] = 117
Sending pixel[955] = 121
Sending pixel[956] = 125
Sending pixel[957] = 129
Sending pixel[958] = 133
Sending pixel[959] = 137
Sending pixel[960] = 141
Sending pixel[961] = 145
Sending pixel[962] = 149
Sending pixel[963] = 153
Sending pixel[964] = 156
Sending pixel[965] = 160
Sending pixel[966] = 164
Sending pixel[967] = 168
Sending pixel[968] = 172
Sending pixel[969] = 176
Sending pixel[970] = 180
Sending pixel[971] = 184
Sending pixel[972] = 188
Sending pixel[973] = 192
Sending pixel[974] = 196
Sending pixel[975] = 200
Sending pixel[976] = 204
Sending pixel[977] = 207
Sending pixel[978] = 211
Sending pixel[979] = 215
Sending pixel[980] = 219
Sending pixel[981] = 223
Sending pixel[982] = 227
Sending pixel[983] = 231
Sending pixel[984] = 235
Sending pixel[985] = 239
Sending pixel[986] = 243
Sending pixel[987] = 247
Sending pixel[988] = 251
Sending pixel[989] = 255
Sending pixel[990] = 0
Sending pixel[991] = 3
Sending pixel[992] = 7
Sending pixel[993] = 11
Sending pixel[994] = 15
Sending pixel[995] = 19
Sending pixel[996] = 23
Sending pixel[997] = 27
Sending pixel[998] = 31
Sending pixel[999] = 35
Sending pixel[1000] = 39
Sending pixel[1001] = 43
Sending pixel[1002] = 47
Sending pixel[1003] = 51
Sending pixel[1004] = 54
Sending pixel[1005] = 58
Sending pixel[1006] = 62
Sending pixel[1007] = 66
Sending pixel[1008] = 70
Sending pixel[1009] = 74
Sending pixel[1010] = 78
Sending pixel[1011] = 82
Sending pixel[1012] = 86
Sending pixel[1013] = 90
Sending pixel[1014] = 94
Sending pixel[1015] = 98
Sending pixel[1016] = 102
Sending pixel[1017] = 105
Sending pixel[1018] = 109
Sending pixel[1019] = 113
Sending pixel[1020] = 117
Sending pixel[1021] = 121
Sending pixel[1022] = 125
Sending pixel[1023] = 129
Sending pixel[1024] = 133
Sending pixel[1025] = 137
Sending pixel[1026] = 141
Sending pixel[1027] = 145
Sending pixel[1028] = 149
Sending pixel[1029] = 153
Sending pixel[1030] = 156
Sending pixel[1031] = 160
Sending pixel[1032] = 164
Sending pixel[1033] = 168
Sending pixel[1034] = 172
Sending pixel[1035] = 176
Sending pixel[1036] = 180
Sending pixel[1037] = 184
Sending pixel[1038] = 188
Sending pixel[1039] = 192
Sending pixel[1040] = 196
Sending pixel[1041] = 200
Sending pixel[1042] = 204
Sending pixel[1043] = 207
Sending pixel[1044] = 211
Sending pixel[1045] = 215
Sending pixel[1046] = 219
Sending pixel[1047] = 223
Sending pixel[1048] = 227
Sending pixel[1049] = 231
Sending pixel[1050] = 235
Sending pixel[1051] = 239
Sending pixel[1052] = 243
Sending pixel[1053] = 247
Sending pixel[1054] = 251
Sending pixel[1055] = 255
Sending pixel[1056] = 0
Sending pixel[1057] = 3
Sending pixel[1058] = 7
Sending pixel[1059] = 11
Sending pixel[1060] = 15
Sending pixel[1061] = 19
Sending pixel[1062] = 23
Sending pixel[1063] = 27
Sending pixel[1064] = 31
Sending pixel[1065] = 35
Sending pixel[1066] = 39
Sending pixel[1067] = 43
Sending pixel[1068] = 47
Sending pixel[1069] = 51
Sending pixel[1070] = 54
Sending pixel[1071] = 58
Sending pixel[1072] = 62
Sending pixel[1073] = 66
Sending pixel[1074] = 70
Sending pixel[1075] = 74
Sending pixel[1076] = 78
Sending pixel[1077] = 82
Sending pixel[1078] = 86
Sending pixel[1079] = 90
Sending pixel[1080] = 94
Sending pixel[1081] = 98
Sending pixel[1082] = 102
Sending pixel[1083] = 105
Sending pixel[1084] = 109
Sending pixel[1085] = 113
Sending pixel[1086] = 117
Sending pixel[1087] = 121
Sending pixel[1088] = 125
Sending pixel[1089] = 129
Sending pixel[1090] = 133
Sending pixel[1091] = 137
Sending pixel[1092] = 141
Sending pixel[1093] = 145
Sending pixel[1094] = 149
Sending pixel[1095] = 153
Sending pixel[1096] = 156
Sending pixel[1097] = 160
Sending pixel[1098] = 164
Sending pixel[1099] = 168
Sending pixel[1100] = 172
Sending pixel[1101] = 176
Sending pixel[1102] = 180
Sending pixel[1103] = 184
Sending pixel[1104] = 188
Sending pixel[1105] = 192
Sending pixel[1106] = 196
Sending pixel[1107] = 200
Sending pixel[1108] = 204
Sending pixel[1109] = 207
Sending pixel[1110] = 211
Sending pixel[1111] = 215
Sending pixel[1112] = 219
Sending pixel[1113] = 223
Sending pixel[1114] = 227
Sending pixel[1115] = 231
Sending pixel[1116] = 235
Sending pixel[1117] = 239
Sending pixel[1118] = 243
Sending pixel[1119] = 247
Sending pixel[1120] = 251
Sending pixel[1121] = 255
Sending pixel[1122] = 0
Sending pixel[1123] = 3
Sending pixel[1124] = 7
Sending pixel[1125] = 11
Sending pixel[1126] = 15
Sending pixel[1127] = 19
Sending pixel[1128] = 23
Sending pixel[1129] = 27
Sending pixel[1130] = 31
Sending pixel[1131] = 35
Sending pixel[1132] = 39
Sending pixel[1133] = 43
Sending pixel[1134] = 47
Sending pixel[1135] = 51
Sending pixel[1136] = 54
Sending pixel[1137] = 58
Sending pixel[1138] = 62
Sending pixel[1139] = 66
Sending pixel[1140] = 70
Sending pixel[1141] = 74
Sending pixel[1142] = 78
Sending pixel[1143] = 82
Sending pixel[1144] = 86
Sending pixel[1145] = 90
Sending pixel[1146] = 94
Sending pixel[1147] = 98
Sending pixel[1148] = 102
Sending pixel[1149] = 105
Sending pixel[1150] = 109
Sending pixel[1151] = 113
Sending pixel[1152] = 117
Sending pixel[1153] = 121
Sending pixel[1154] = 125
Sending pixel[1155] = 129
Sending pixel[1156] = 133
Sending pixel[1157] = 137
Sending pixel[1158] = 141
Sending pixel[1159] = 145
Sending pixel[1160] = 149
Sending pixel[1161] = 153
Sending pixel[1162] = 156
Sending pixel[1163] = 160
Sending pixel[1164] = 164
Sending pixel[1165] = 168
Sending pixel[1166] = 172
Sending pixel[1167] = 176
Sending pixel[1168] = 180
Sending pixel[1169] = 184
Sending pixel[1170] = 188
Sending pixel[1171] = 192
Sending pixel[1172] = 196
Sending pixel[1173] = 200
Sending pixel[1174] = 204
Sending pixel[1175] = 207
Sending pixel[1176] = 211
Sending pixel[1177] = 215
Sending pixel[1178] = 219
Sending pixel[1179] = 223
Sending pixel[1180] = 227
Sending pixel[1181] = 231
Sending pixel[1182] = 235
Sending pixel[1183] = 239
Sending pixel[1184] = 243
Sending pixel[1185] = 247
Sending pixel[1186] = 251
Sending pixel[1187] = 255
Sending pixel[1188] = 0
Sending pixel[1189] = 3
Sending pixel[1190] = 7
Sending pixel[1191] = 11
Sending pixel[1192] = 15
Sending pixel[1193] = 19
Sending pixel[1194] = 23
Sending pixel[1195] = 27
Sending pixel[1196] = 31
Sending pixel[1197] = 35
Sending pixel[1198] = 39
Sending pixel[1199] = 43
Sending pixel[1200] = 47
Sending pixel[1201] = 51
Sending pixel[1202] = 54
Sending pixel[1203] = 58
Sending pixel[1204] = 62
Sending pixel[1205] = 66
Sending pixel[1206] = 70
Sending pixel[1207] = 74
Sending pixel[1208] = 78
Sending pixel[1209] = 82
Sending pixel[1210] = 86
Sending pixel[1211] = 90
Sending pixel[1212] = 94
Sending pixel[1213] = 98
Sending pixel[1214] = 102
Sending pixel[1215] = 105
Sending pixel[1216] = 109
Sending pixel[1217] = 113
Sending pixel[1218] = 117
Sending pixel[1219] = 121
Sending pixel[1220] = 125
Sending pixel[1221] = 129
Sending pixel[1222] = 133
Sending pixel[1223] = 137
Sending pixel[1224] = 141
Sending pixel[1225] = 145
Sending pixel[1226] = 149
Sending pixel[1227] = 153
Sending pixel[1228] = 156
Sending pixel[1229] = 160
Sending pixel[1230] = 164
Sending pixel[1231] = 168
Sending pixel[1232] = 172
Sending pixel[1233] = 176
Sending pixel[1234] = 180
Sending pixel[1235] = 184
Sending pixel[1236] = 188
Sending pixel[1237] = 192
Sending pixel[1238] = 196
Sending pixel[1239] = 200
Sending pixel[1240] = 204
Sending pixel[1241] = 207
Sending pixel[1242] = 211
Sending pixel[1243] = 215
Sending pixel[1244] = 219
Sending pixel[1245] = 223
Sending pixel[1246] = 227
Sending pixel[1247] = 231
Sending pixel[1248] = 235
Sending pixel[1249] = 239
Sending pixel[1250] = 243
Sending pixel[1251] = 247
Sending pixel[1252] = 251
Sending pixel[1253] = 255
Sending pixel[1254] = 0
Sending pixel[1255] = 3
Sending pixel[1256] = 7
Sending pixel[1257] = 11
Sending pixel[1258] = 15
Sending pixel[1259] = 19
Sending pixel[1260] = 23
Sending pixel[1261] = 27
Sending pixel[1262] = 31
Sending pixel[1263] = 35
Sending pixel[1264] = 39
Sending pixel[1265] = 43
Sending pixel[1266] = 47
Sending pixel[1267] = 51
Sending pixel[1268] = 54
Sending pixel[1269] = 58
Sending pixel[1270] = 62
Sending pixel[1271] = 66
Sending pixel[1272] = 70
Sending pixel[1273] = 74
Sending pixel[1274] = 78
Sending pixel[1275] = 82
Sending pixel[1276] = 86
Sending pixel[1277] = 90
Sending pixel[1278] = 94
Sending pixel[1279] = 98
Sending pixel[1280] = 102
Sending pixel[1281] = 105
Sending pixel[1282] = 109
Sending pixel[1283] = 113
Sending pixel[1284] = 117
Sending pixel[1285] = 121
Sending pixel[1286] = 125
Sending pixel[1287] = 129
Sending pixel[1288] = 133
Sending pixel[1289] = 137
Sending pixel[1290] = 141
Sending pixel[1291] = 145
Sending pixel[1292] = 149
Sending pixel[1293] = 153
Sending pixel[1294] = 156
Sending pixel[1295] = 160
Sending pixel[1296] = 164
Sending pixel[1297] = 168
Sending pixel[1298] = 172
Sending pixel[1299] = 176
Sending pixel[1300] = 180
Sending pixel[1301] = 184
Sending pixel[1302] = 188
Sending pixel[1303] = 192
Sending pixel[1304] = 196
Sending pixel[1305] = 200
Sending pixel[1306] = 204
Sending pixel[1307] = 207
Sending pixel[1308] = 211
Sending pixel[1309] = 215
Sending pixel[1310] = 219
Sending pixel[1311] = 223
Sending pixel[1312] = 227
Sending pixel[1313] = 231
Sending pixel[1314] = 235
Sending pixel[1315] = 239
Sending pixel[1316] = 243
Sending pixel[1317] = 247
Sending pixel[1318] = 251
Sending pixel[1319] = 255
Sending pixel[1320] = 0
Sending pixel[1321] = 3
Sending pixel[1322] = 7
Sending pixel[1323] = 11
Sending pixel[1324] = 15
Sending pixel[1325] = 19
Sending pixel[1326] = 23
Sending pixel[1327] = 27
Sending pixel[1328] = 31
Sending pixel[1329] = 35
Sending pixel[1330] = 39
Sending pixel[1331] = 43
Sending pixel[1332] = 47
Sending pixel[1333] = 51
Sending pixel[1334] = 54
Sending pixel[1335] = 58
Sending pixel[1336] = 62
Sending pixel[1337] = 66
Sending pixel[1338] = 70
Sending pixel[1339] = 74
Sending pixel[1340] = 78
Sending pixel[1341] = 82
Sending pixel[1342] = 86
Sending pixel[1343] = 90
Sending pixel[1344] = 94
Sending pixel[1345] = 98
Sending pixel[1346] = 102
Sending pixel[1347] = 105
Sending pixel[1348] = 109
Sending pixel[1349] = 113
Sending pixel[1350] = 117
Sending pixel[1351] = 121
Sending pixel[1352] = 125
Sending pixel[1353] = 129
Sending pixel[1354] = 133
Sending pixel[1355] = 137
Sending pixel[1356] = 141
Sending pixel[1357] = 145
Sending pixel[1358] = 149
Sending pixel[1359] = 153
Sending pixel[1360] = 156
Sending pixel[1361] = 160
Sending pixel[1362] = 164
Sending pixel[1363] = 168
Sending pixel[1364] = 172
Sending pixel[1365] = 176
Sending pixel[1366] = 180
Sending pixel[1367] = 184
Sending pixel[1368] = 188
Sending pixel[1369] = 192
Sending pixel[1370] = 196
Sending pixel[1371] = 200
Sending pixel[1372] = 204
Sending pixel[1373] = 207
Sending pixel[1374] = 211
Sending pixel[1375] = 215
Sending pixel[1376] = 219
Sending pixel[1377] = 223
Sending pixel[1378] = 227
Sending pixel[1379] = 231
Sending pixel[1380] = 235
Sending pixel[1381] = 239
Sending pixel[1382] = 243
Sending pixel[1383] = 247
Sending pixel[1384] = 251
Sending pixel[1385] = 255
Sending pixel[1386] = 0
Sending pixel[1387] = 3
Sending pixel[1388] = 7
Sending pixel[1389] = 11
Sending pixel[1390] = 15
Sending pixel[1391] = 19
Sending pixel[1392] = 23
Sending pixel[1393] = 27
Sending pixel[1394] = 31
Sending pixel[1395] = 35
Sending pixel[1396] = 39
Sending pixel[1397] = 43
Sending pixel[1398] = 47
Sending pixel[1399] = 51
Sending pixel[1400] = 54
Sending pixel[1401] = 58
Sending pixel[1402] = 62
Sending pixel[1403] = 66
Sending pixel[1404] = 70
Sending pixel[1405] = 74
Sending pixel[1406] = 78
Sending pixel[1407] = 82
Sending pixel[1408] = 86
Sending pixel[1409] = 90
Sending pixel[1410] = 94
Sending pixel[1411] = 98
Sending pixel[1412] = 102
Sending pixel[1413] = 105
Sending pixel[1414] = 109
Sending pixel[1415] = 113
Sending pixel[1416] = 117
Sending pixel[1417] = 121
Sending pixel[1418] = 125
Sending pixel[1419] = 129
Sending pixel[1420] = 133
Sending pixel[1421] = 137
Sending pixel[1422] = 141
Sending pixel[1423] = 145
Sending pixel[1424] = 149
Sending pixel[1425] = 153
Sending pixel[1426] = 156
Sending pixel[1427] = 160
Sending pixel[1428] = 164
Sending pixel[1429] = 168
Sending pixel[1430] = 172
Sending pixel[1431] = 176
Sending pixel[1432] = 180
Sending pixel[1433] = 184
Sending pixel[1434] = 188
Sending pixel[1435] = 192
Sending pixel[1436] = 196
Sending pixel[1437] = 200
Sending pixel[1438] = 204
Sending pixel[1439] = 207
Sending pixel[1440] = 211
Sending pixel[1441] = 215
Sending pixel[1442] = 219
Sending pixel[1443] = 223
Sending pixel[1444] = 227
Sending pixel[1445] = 231
Sending pixel[1446] = 235
Sending pixel[1447] = 239
Sending pixel[1448] = 243
Sending pixel[1449] = 247
Sending pixel[1450] = 251
Sending pixel[1451] = 255
Sending pixel[1452] = 0
Sending pixel[1453] = 3
Sending pixel[1454] = 7
Sending pixel[1455] = 11
Sending pixel[1456] = 15
Sending pixel[1457] = 19
Sending pixel[1458] = 23
Sending pixel[1459] = 27
Sending pixel[1460] = 31
Sending pixel[1461] = 35
Sending pixel[1462] = 39
Sending pixel[1463] = 43
Sending pixel[1464] = 47
Sending pixel[1465] = 51
Sending pixel[1466] = 54
Sending pixel[1467] = 58
Sending pixel[1468] = 62
Sending pixel[1469] = 66
Sending pixel[1470] = 70
Sending pixel[1471] = 74
Sending pixel[1472] = 78
Sending pixel[1473] = 82
Sending pixel[1474] = 86
Sending pixel[1475] = 90
Sending pixel[1476] = 94
Sending pixel[1477] = 98
Sending pixel[1478] = 102
Sending pixel[1479] = 105
Sending pixel[1480] = 109
Sending pixel[1481] = 113
Sending pixel[1482] = 117
Sending pixel[1483] = 121
Sending pixel[1484] = 125
Sending pixel[1485] = 129
Sending pixel[1486] = 133
Sending pixel[1487] = 137
Sending pixel[1488] = 141
Sending pixel[1489] = 145
Sending pixel[1490] = 149
Sending pixel[1491] = 153
Sending pixel[1492] = 156
Sending pixel[1493] = 160
Sending pixel[1494] = 164
Sending pixel[1495] = 168
Sending pixel[1496] = 172
Sending pixel[1497] = 176
Sending pixel[1498] = 180
Sending pixel[1499] = 184
Sending pixel[1500] = 188
Sending pixel[1501] = 192
Sending pixel[1502] = 196
Sending pixel[1503] = 200
Sending pixel[1504] = 204
Sending pixel[1505] = 207
Sending pixel[1506] = 211
Sending pixel[1507] = 215
Sending pixel[1508] = 219
Sending pixel[1509] = 223
Sending pixel[1510] = 227
Sending pixel[1511] = 231
Sending pixel[1512] = 235
Sending pixel[1513] = 239
Sending pixel[1514] = 243
Sending pixel[1515] = 247
Sending pixel[1516] = 251
Sending pixel[1517] = 255
Sending pixel[1518] = 0
Sending pixel[1519] = 3
Sending pixel[1520] = 7
Sending pixel[1521] = 11
Sending pixel[1522] = 15
Sending pixel[1523] = 19
Sending pixel[1524] = 23
Sending pixel[1525] = 27
Sending pixel[1526] = 31
Sending pixel[1527] = 35
Sending pixel[1528] = 39
Sending pixel[1529] = 43
Sending pixel[1530] = 47
Sending pixel[1531] = 51
Sending pixel[1532] = 54
Sending pixel[1533] = 58
Sending pixel[1534] = 62
Sending pixel[1535] = 66
Sending pixel[1536] = 70
Sending pixel[1537] = 74
Sending pixel[1538] = 78
Sending pixel[1539] = 82
Sending pixel[1540] = 86
Sending pixel[1541] = 90
Sending pixel[1542] = 94
Sending pixel[1543] = 98
Sending pixel[1544] = 102
Sending pixel[1545] = 105
Sending pixel[1546] = 109
Sending pixel[1547] = 113
Sending pixel[1548] = 117
Sending pixel[1549] = 121
Sending pixel[1550] = 125
Sending pixel[1551] = 129
Sending pixel[1552] = 133
Sending pixel[1553] = 137
Sending pixel[1554] = 141
Sending pixel[1555] = 145
Sending pixel[1556] = 149
Sending pixel[1557] = 153
Sending pixel[1558] = 156
Sending pixel[1559] = 160
Sending pixel[1560] = 164
Sending pixel[1561] = 168
Sending pixel[1562] = 172
Sending pixel[1563] = 176
Sending pixel[1564] = 180
Sending pixel[1565] = 184
Sending pixel[1566] = 188
Sending pixel[1567] = 192
Sending pixel[1568] = 196
Sending pixel[1569] = 200
Sending pixel[1570] = 204
Sending pixel[1571] = 207
Sending pixel[1572] = 211
Sending pixel[1573] = 215
Sending pixel[1574] = 219
Sending pixel[1575] = 223
Sending pixel[1576] = 227
Sending pixel[1577] = 231
Sending pixel[1578] = 235
Sending pixel[1579] = 239
Sending pixel[1580] = 243
Sending pixel[1581] = 247
Sending pixel[1582] = 251
Sending pixel[1583] = 255
Sending pixel[1584] = 0
Sending pixel[1585] = 3
Sending pixel[1586] = 7
Sending pixel[1587] = 11
Sending pixel[1588] = 15
Sending pixel[1589] = 19
Sending pixel[1590] = 23
Sending pixel[1591] = 27
Sending pixel[1592] = 31
Sending pixel[1593] = 35
Sending pixel[1594] = 39
Sending pixel[1595] = 43
Sending pixel[1596] = 47
Sending pixel[1597] = 51
Sending pixel[1598] = 54
Sending pixel[1599] = 58
Sending pixel[1600] = 62
Sending pixel[1601] = 66
Sending pixel[1602] = 70
Sending pixel[1603] = 74
Sending pixel[1604] = 78
Sending pixel[1605] = 82
Sending pixel[1606] = 86
Sending pixel[1607] = 90
Sending pixel[1608] = 94
Sending pixel[1609] = 98
Sending pixel[1610] = 102
Sending pixel[1611] = 105
Sending pixel[1612] = 109
Sending pixel[1613] = 113
Sending pixel[1614] = 117
Sending pixel[1615] = 121
Sending pixel[1616] = 125
Sending pixel[1617] = 129
Sending pixel[1618] = 133
Sending pixel[1619] = 137
Sending pixel[1620] = 141
Sending pixel[1621] = 145
Sending pixel[1622] = 149
Sending pixel[1623] = 153
Sending pixel[1624] = 156
Sending pixel[1625] = 160
Sending pixel[1626] = 164
Sending pixel[1627] = 168
Sending pixel[1628] = 172
Sending pixel[1629] = 176
Sending pixel[1630] = 180
Sending pixel[1631] = 184
Sending pixel[1632] = 188
Sending pixel[1633] = 192
Sending pixel[1634] = 196
Sending pixel[1635] = 200
Sending pixel[1636] = 204
Sending pixel[1637] = 207
Sending pixel[1638] = 211
Sending pixel[1639] = 215
Sending pixel[1640] = 219
Sending pixel[1641] = 223
Sending pixel[1642] = 227
Sending pixel[1643] = 231
Sending pixel[1644] = 235
Sending pixel[1645] = 239
Sending pixel[1646] = 243
Sending pixel[1647] = 247
Sending pixel[1648] = 251
Sending pixel[1649] = 255
Sending pixel[1650] = 0
Sending pixel[1651] = 3
Sending pixel[1652] = 7
Sending pixel[1653] = 11
Sending pixel[1654] = 15
Sending pixel[1655] = 19
Sending pixel[1656] = 23
Sending pixel[1657] = 27
Sending pixel[1658] = 31
Sending pixel[1659] = 35
Sending pixel[1660] = 39
Sending pixel[1661] = 43
Sending pixel[1662] = 47
Sending pixel[1663] = 51
Sending pixel[1664] = 54
Sending pixel[1665] = 58
Sending pixel[1666] = 62
Sending pixel[1667] = 66
Sending pixel[1668] = 70
Sending pixel[1669] = 74
Sending pixel[1670] = 78
Sending pixel[1671] = 82
Sending pixel[1672] = 86
Sending pixel[1673] = 90
Sending pixel[1674] = 94
Sending pixel[1675] = 98
Sending pixel[1676] = 102
Sending pixel[1677] = 105
Sending pixel[1678] = 109
Sending pixel[1679] = 113
Sending pixel[1680] = 117
Sending pixel[1681] = 121
Sending pixel[1682] = 125
Sending pixel[1683] = 129
Sending pixel[1684] = 133
Sending pixel[1685] = 137
Sending pixel[1686] = 141
Sending pixel[1687] = 145
Sending pixel[1688] = 149
Sending pixel[1689] = 153
Sending pixel[1690] = 156
Sending pixel[1691] = 160
Sending pixel[1692] = 164
Sending pixel[1693] = 168
Sending pixel[1694] = 172
Sending pixel[1695] = 176
Sending pixel[1696] = 180
Sending pixel[1697] = 184
Sending pixel[1698] = 188
Sending pixel[1699] = 192
Sending pixel[1700] = 196
Sending pixel[1701] = 200
Sending pixel[1702] = 204
Sending pixel[1703] = 207
Sending pixel[1704] = 211
Sending pixel[1705] = 215
Sending pixel[1706] = 219
Sending pixel[1707] = 223
Sending pixel[1708] = 227
Sending pixel[1709] = 231
Sending pixel[1710] = 235
Sending pixel[1711] = 239
Sending pixel[1712] = 243
Sending pixel[1713] = 247
Sending pixel[1714] = 251
Sending pixel[1715] = 255
Sending pixel[1716] = 0
Sending pixel[1717] = 3
Sending pixel[1718] = 7
Sending pixel[1719] = 11
Sending pixel[1720] = 15
Sending pixel[1721] = 19
Sending pixel[1722] = 23
Sending pixel[1723] = 27
Sending pixel[1724] = 31
Sending pixel[1725] = 35
Sending pixel[1726] = 39
Sending pixel[1727] = 43
Sending pixel[1728] = 47
Sending pixel[1729] = 51
Sending pixel[1730] = 54
Sending pixel[1731] = 58
Sending pixel[1732] = 62
Sending pixel[1733] = 66
Sending pixel[1734] = 70
Sending pixel[1735] = 74
Sending pixel[1736] = 78
Sending pixel[1737] = 82
Sending pixel[1738] = 86
Sending pixel[1739] = 90
Sending pixel[1740] = 94
Sending pixel[1741] = 98
Sending pixel[1742] = 102
Sending pixel[1743] = 105
Sending pixel[1744] = 109
Sending pixel[1745] = 113
Sending pixel[1746] = 117
Sending pixel[1747] = 121
Sending pixel[1748] = 125
Sending pixel[1749] = 129
Sending pixel[1750] = 133
Sending pixel[1751] = 137
Sending pixel[1752] = 141
Sending pixel[1753] = 145
Sending pixel[1754] = 149
Sending pixel[1755] = 153
Sending pixel[1756] = 156
Sending pixel[1757] = 160
Sending pixel[1758] = 164
Sending pixel[1759] = 168
Sending pixel[1760] = 172
Sending pixel[1761] = 176
Sending pixel[1762] = 180
Sending pixel[1763] = 184
Sending pixel[1764] = 188
Sending pixel[1765] = 192
Sending pixel[1766] = 196
Sending pixel[1767] = 200
Sending pixel[1768] = 204
Sending pixel[1769] = 207
Sending pixel[1770] = 211
Sending pixel[1771] = 215
Sending pixel[1772] = 219
Sending pixel[1773] = 223
Sending pixel[1774] = 227
Sending pixel[1775] = 231
Sending pixel[1776] = 235
Sending pixel[1777] = 239
Sending pixel[1778] = 243
Sending pixel[1779] = 247
Sending pixel[1780] = 251
Sending pixel[1781] = 255
Sending pixel[1782] = 0
Sending pixel[1783] = 3
Sending pixel[1784] = 7
Sending pixel[1785] = 11
Sending pixel[1786] = 15
Sending pixel[1787] = 19
Sending pixel[1788] = 23
Sending pixel[1789] = 27
Sending pixel[1790] = 31
Sending pixel[1791] = 35
Sending pixel[1792] = 39
Sending pixel[1793] = 43
Sending pixel[1794] = 47
Sending pixel[1795] = 51
Sending pixel[1796] = 54
Sending pixel[1797] = 58
Sending pixel[1798] = 62
Sending pixel[1799] = 66
Sending pixel[1800] = 70
Sending pixel[1801] = 74
Sending pixel[1802] = 78
Sending pixel[1803] = 82
Sending pixel[1804] = 86
Sending pixel[1805] = 90
Sending pixel[1806] = 94
Sending pixel[1807] = 98
Sending pixel[1808] = 102
Sending pixel[1809] = 105
Sending pixel[1810] = 109
Sending pixel[1811] = 113
Sending pixel[1812] = 117
Sending pixel[1813] = 121
Sending pixel[1814] = 125
Sending pixel[1815] = 129
Sending pixel[1816] = 133
Sending pixel[1817] = 137
Sending pixel[1818] = 141
Sending pixel[1819] = 145
Sending pixel[1820] = 149
Sending pixel[1821] = 153
Sending pixel[1822] = 156
Sending pixel[1823] = 160
Sending pixel[1824] = 164
Sending pixel[1825] = 168
Sending pixel[1826] = 172
Sending pixel[1827] = 176
Sending pixel[1828] = 180
Sending pixel[1829] = 184
Sending pixel[1830] = 188
Sending pixel[1831] = 192
Sending pixel[1832] = 196
Sending pixel[1833] = 200
Sending pixel[1834] = 204
Sending pixel[1835] = 207
Sending pixel[1836] = 211
Sending pixel[1837] = 215
Sending pixel[1838] = 219
Sending pixel[1839] = 223
Sending pixel[1840] = 227
Sending pixel[1841] = 231
Sending pixel[1842] = 235
Sending pixel[1843] = 239
Sending pixel[1844] = 243
Sending pixel[1845] = 247
Sending pixel[1846] = 251
Sending pixel[1847] = 255
Sending pixel[1848] = 0
Sending pixel[1849] = 3
Sending pixel[1850] = 7
Sending pixel[1851] = 11
Sending pixel[1852] = 15
Sending pixel[1853] = 19
Sending pixel[1854] = 23
Sending pixel[1855] = 27
Sending pixel[1856] = 31
Sending pixel[1857] = 35
Sending pixel[1858] = 39
Sending pixel[1859] = 43
Sending pixel[1860] = 47
Sending pixel[1861] = 51
Sending pixel[1862] = 54
Sending pixel[1863] = 58
Sending pixel[1864] = 62
Sending pixel[1865] = 66
Sending pixel[1866] = 70
Sending pixel[1867] = 74
Sending pixel[1868] = 78
Sending pixel[1869] = 82
Sending pixel[1870] = 86
Sending pixel[1871] = 90
Sending pixel[1872] = 94
Sending pixel[1873] = 98
Sending pixel[1874] = 102
Sending pixel[1875] = 105
Sending pixel[1876] = 109
Sending pixel[1877] = 113
Sending pixel[1878] = 117
Sending pixel[1879] = 121
Sending pixel[1880] = 125
Sending pixel[1881] = 129
Sending pixel[1882] = 133
Sending pixel[1883] = 137
Sending pixel[1884] = 141
Sending pixel[1885] = 145
Sending pixel[1886] = 149
Sending pixel[1887] = 153
Sending pixel[1888] = 156
Sending pixel[1889] = 160
Sending pixel[1890] = 164
Sending pixel[1891] = 168
Sending pixel[1892] = 172
Sending pixel[1893] = 176
Sending pixel[1894] = 180
Sending pixel[1895] = 184
Sending pixel[1896] = 188
Sending pixel[1897] = 192
Sending pixel[1898] = 196
Sending pixel[1899] = 200
Sending pixel[1900] = 204
Sending pixel[1901] = 207
Sending pixel[1902] = 211
Sending pixel[1903] = 215
Sending pixel[1904] = 219
Sending pixel[1905] = 223
Sending pixel[1906] = 227
Sending pixel[1907] = 231
Sending pixel[1908] = 235
Sending pixel[1909] = 239
Sending pixel[1910] = 243
Sending pixel[1911] = 247
Sending pixel[1912] = 251
Sending pixel[1913] = 255
Sending pixel[1914] = 0
Sending pixel[1915] = 3
Sending pixel[1916] = 7
Sending pixel[1917] = 11
Sending pixel[1918] = 15
Sending pixel[1919] = 19
Sending pixel[1920] = 23
Sending pixel[1921] = 27
Sending pixel[1922] = 31
Sending pixel[1923] = 35
Sending pixel[1924] = 39
Sending pixel[1925] = 43
Sending pixel[1926] = 47
Sending pixel[1927] = 51
Sending pixel[1928] = 54
Sending pixel[1929] = 58
Sending pixel[1930] = 62
Sending pixel[1931] = 66
Sending pixel[1932] = 70
Sending pixel[1933] = 74
Sending pixel[1934] = 78
Sending pixel[1935] = 82
Sending pixel[1936] = 86
Sending pixel[1937] = 90
Sending pixel[1938] = 94
Sending pixel[1939] = 98
Sending pixel[1940] = 102
Sending pixel[1941] = 105
Sending pixel[1942] = 109
Sending pixel[1943] = 113
Sending pixel[1944] = 117
Sending pixel[1945] = 121
Sending pixel[1946] = 125
Sending pixel[1947] = 129
Sending pixel[1948] = 133
Sending pixel[1949] = 137
Sending pixel[1950] = 141
Sending pixel[1951] = 145
Sending pixel[1952] = 149
Sending pixel[1953] = 153
Sending pixel[1954] = 156
Sending pixel[1955] = 160
Sending pixel[1956] = 164
Sending pixel[1957] = 168
Sending pixel[1958] = 172
Sending pixel[1959] = 176
Sending pixel[1960] = 180
Sending pixel[1961] = 184
Sending pixel[1962] = 188
Sending pixel[1963] = 192
Sending pixel[1964] = 196
Sending pixel[1965] = 200
Sending pixel[1966] = 204
Sending pixel[1967] = 207
Sending pixel[1968] = 211
Sending pixel[1969] = 215
Sending pixel[1970] = 219
Sending pixel[1971] = 223
Sending pixel[1972] = 227
Sending pixel[1973] = 231
Sending pixel[1974] = 235
Sending pixel[1975] = 239
Sending pixel[1976] = 243
Sending pixel[1977] = 247
Sending pixel[1978] = 251
Sending pixel[1979] = 255
Sending pixel[1980] = 0
Sending pixel[1981] = 3
Sending pixel[1982] = 7
Sending pixel[1983] = 11
Sending pixel[1984] = 15
Sending pixel[1985] = 19
Sending pixel[1986] = 23
Sending pixel[1987] = 27
Sending pixel[1988] = 31
Sending pixel[1989] = 35
Sending pixel[1990] = 39
Sending pixel[1991] = 43
Sending pixel[1992] = 47
Sending pixel[1993] = 51
Sending pixel[1994] = 54
Sending pixel[1995] = 58
Sending pixel[1996] = 62
Sending pixel[1997] = 66
Sending pixel[1998] = 70
Sending pixel[1999] = 74
Sending pixel[2000] = 78
Sending pixel[2001] = 82
Sending pixel[2002] = 86
Sending pixel[2003] = 90
Sending pixel[2004] = 94
Sending pixel[2005] = 98
Sending pixel[2006] = 102
Sending pixel[2007] = 105
Sending pixel[2008] = 109
Sending pixel[2009] = 113
Sending pixel[2010] = 117
Sending pixel[2011] = 121
Sending pixel[2012] = 125
Sending pixel[2013] = 129
Sending pixel[2014] = 133
Sending pixel[2015] = 137
Sending pixel[2016] = 141
Sending pixel[2017] = 145
Sending pixel[2018] = 149
Sending pixel[2019] = 153
Sending pixel[2020] = 156
Sending pixel[2021] = 160
Sending pixel[2022] = 164
Sending pixel[2023] = 168
Sending pixel[2024] = 172
Sending pixel[2025] = 176
Sending pixel[2026] = 180
Sending pixel[2027] = 184
Sending pixel[2028] = 188
Sending pixel[2029] = 192
Sending pixel[2030] = 196
Sending pixel[2031] = 200
Sending pixel[2032] = 204
Sending pixel[2033] = 207
Sending pixel[2034] = 211
Sending pixel[2035] = 215
Sending pixel[2036] = 219
Sending pixel[2037] = 223
Sending pixel[2038] = 227
Sending pixel[2039] = 231
Sending pixel[2040] = 235
Sending pixel[2041] = 239
Sending pixel[2042] = 243
Sending pixel[2043] = 247
Sending pixel[2044] = 251
Sending pixel[2045] = 255
Sending pixel[2046] = 0
Sending pixel[2047] = 3
Sending pixel[2048] = 7
Sending pixel[2049] = 11
Sending pixel[2050] = 15
Sending pixel[2051] = 19
Sending pixel[2052] = 23
Sending pixel[2053] = 27
Sending pixel[2054] = 31
Sending pixel[2055] = 35
Sending pixel[2056] = 39
Sending pixel[2057] = 43
Sending pixel[2058] = 47
Sending pixel[2059] = 51
Sending pixel[2060] = 54
Sending pixel[2061] = 58
Sending pixel[2062] = 62
Sending pixel[2063] = 66
Sending pixel[2064] = 70
Sending pixel[2065] = 74
Sending pixel[2066] = 78
Sending pixel[2067] = 82
Sending pixel[2068] = 86
Sending pixel[2069] = 90
Sending pixel[2070] = 94
Sending pixel[2071] = 98
Sending pixel[2072] = 102
Sending pixel[2073] = 105
Sending pixel[2074] = 109
Sending pixel[2075] = 113
Sending pixel[2076] = 117
Sending pixel[2077] = 121
Sending pixel[2078] = 125
Sending pixel[2079] = 129
Sending pixel[2080] = 133
Sending pixel[2081] = 137
Sending pixel[2082] = 141
Sending pixel[2083] = 145
Sending pixel[2084] = 149
Sending pixel[2085] = 153
Sending pixel[2086] = 156
Sending pixel[2087] = 160
Sending pixel[2088] = 164
Sending pixel[2089] = 168
Sending pixel[2090] = 172
Sending pixel[2091] = 176
Sending pixel[2092] = 180
Sending pixel[2093] = 184
Sending pixel[2094] = 188
Sending pixel[2095] = 192
Sending pixel[2096] = 196
Sending pixel[2097] = 200
Sending pixel[2098] = 204
Sending pixel[2099] = 207
Sending pixel[2100] = 211
Sending pixel[2101] = 215
Sending pixel[2102] = 219
Sending pixel[2103] = 223
Sending pixel[2104] = 227
Sending pixel[2105] = 231
Sending pixel[2106] = 235
Sending pixel[2107] = 239
Sending pixel[2108] = 243
Sending pixel[2109] = 247
Sending pixel[2110] = 251
Sending pixel[2111] = 255
Sending pixel[2112] = 0
Sending pixel[2113] = 3
Sending pixel[2114] = 7
Sending pixel[2115] = 11
Sending pixel[2116] = 15
Sending pixel[2117] = 19
Sending pixel[2118] = 23
Sending pixel[2119] = 27
Sending pixel[2120] = 31
Sending pixel[2121] = 35
Sending pixel[2122] = 39
Sending pixel[2123] = 43
Sending pixel[2124] = 47
Sending pixel[2125] = 51
Sending pixel[2126] = 54
Sending pixel[2127] = 58
Sending pixel[2128] = 62
Sending pixel[2129] = 66
Sending pixel[2130] = 70
Sending pixel[2131] = 74
Sending pixel[2132] = 78
Sending pixel[2133] = 82
Sending pixel[2134] = 86
Sending pixel[2135] = 90
Sending pixel[2136] = 94
Sending pixel[2137] = 98
Sending pixel[2138] = 102
Sending pixel[2139] = 105
Sending pixel[2140] = 109
Sending pixel[2141] = 113
Sending pixel[2142] = 117
Sending pixel[2143] = 121
Sending pixel[2144] = 125
Sending pixel[2145] = 129
Sending pixel[2146] = 133
Sending pixel[2147] = 137
Sending pixel[2148] = 141
Sending pixel[2149] = 145
Sending pixel[2150] = 149
Sending pixel[2151] = 153
Sending pixel[2152] = 156
Sending pixel[2153] = 160
Sending pixel[2154] = 164
Sending pixel[2155] = 168
Sending pixel[2156] = 172
Sending pixel[2157] = 176
Sending pixel[2158] = 180
Sending pixel[2159] = 184
Sending pixel[2160] = 188
Sending pixel[2161] = 192
Sending pixel[2162] = 196
Sending pixel[2163] = 200
Sending pixel[2164] = 204
Sending pixel[2165] = 207
Sending pixel[2166] = 211
Sending pixel[2167] = 215
Sending pixel[2168] = 219
Sending pixel[2169] = 223
Sending pixel[2170] = 227
Sending pixel[2171] = 231
Sending pixel[2172] = 235
Sending pixel[2173] = 239
Sending pixel[2174] = 243
Sending pixel[2175] = 247
Sending pixel[2176] = 251
Sending pixel[2177] = 255
Sending pixel[2178] = 0
Sending pixel[2179] = 3
Sending pixel[2180] = 7
Sending pixel[2181] = 11
Sending pixel[2182] = 15
Sending pixel[2183] = 19
Sending pixel[2184] = 23
Sending pixel[2185] = 27
Sending pixel[2186] = 31
Sending pixel[2187] = 35
Sending pixel[2188] = 39
Sending pixel[2189] = 43
Sending pixel[2190] = 47
Sending pixel[2191] = 51
Sending pixel[2192] = 54
Sending pixel[2193] = 58
Sending pixel[2194] = 62
Sending pixel[2195] = 66
Sending pixel[2196] = 70
Sending pixel[2197] = 74
Sending pixel[2198] = 78
Sending pixel[2199] = 82
Sending pixel[2200] = 86
Sending pixel[2201] = 90
Sending pixel[2202] = 94
Sending pixel[2203] = 98
Sending pixel[2204] = 102
Sending pixel[2205] = 105
Sending pixel[2206] = 109
Sending pixel[2207] = 113
Sending pixel[2208] = 117
Sending pixel[2209] = 121
Sending pixel[2210] = 125
Sending pixel[2211] = 129
Sending pixel[2212] = 133
Sending pixel[2213] = 137
Sending pixel[2214] = 141
Sending pixel[2215] = 145
Sending pixel[2216] = 149
Sending pixel[2217] = 153
Sending pixel[2218] = 156
Sending pixel[2219] = 160
Sending pixel[2220] = 164
Sending pixel[2221] = 168
Sending pixel[2222] = 172
Sending pixel[2223] = 176
Sending pixel[2224] = 180
Sending pixel[2225] = 184
Sending pixel[2226] = 188
Sending pixel[2227] = 192
Sending pixel[2228] = 196
Sending pixel[2229] = 200
Sending pixel[2230] = 204
Sending pixel[2231] = 207
Sending pixel[2232] = 211
Sending pixel[2233] = 215
Sending pixel[2234] = 219
Sending pixel[2235] = 223
Sending pixel[2236] = 227
Sending pixel[2237] = 231
Sending pixel[2238] = 235
Sending pixel[2239] = 239
Sending pixel[2240] = 243
Sending pixel[2241] = 247
Sending pixel[2242] = 251
Sending pixel[2243] = 255
Sending pixel[2244] = 0
Sending pixel[2245] = 3
Sending pixel[2246] = 7
Sending pixel[2247] = 11
Sending pixel[2248] = 15
Sending pixel[2249] = 19
Sending pixel[2250] = 23
Sending pixel[2251] = 27
Sending pixel[2252] = 31
Sending pixel[2253] = 35
Sending pixel[2254] = 39
Sending pixel[2255] = 43
Sending pixel[2256] = 47
Sending pixel[2257] = 51
Sending pixel[2258] = 54
Sending pixel[2259] = 58
Sending pixel[2260] = 62
Sending pixel[2261] = 66
Sending pixel[2262] = 70
Sending pixel[2263] = 74
Sending pixel[2264] = 78
Sending pixel[2265] = 82
Sending pixel[2266] = 86
Sending pixel[2267] = 90
Sending pixel[2268] = 94
Sending pixel[2269] = 98
Sending pixel[2270] = 102
Sending pixel[2271] = 105
Sending pixel[2272] = 109
Sending pixel[2273] = 113
Sending pixel[2274] = 117
Sending pixel[2275] = 121
Sending pixel[2276] = 125
Sending pixel[2277] = 129
Sending pixel[2278] = 133
Sending pixel[2279] = 137
Sending pixel[2280] = 141
Sending pixel[2281] = 145
Sending pixel[2282] = 149
Sending pixel[2283] = 153
Sending pixel[2284] = 156
Sending pixel[2285] = 160
Sending pixel[2286] = 164
Sending pixel[2287] = 168
Sending pixel[2288] = 172
Sending pixel[2289] = 176
Sending pixel[2290] = 180
Sending pixel[2291] = 184
Sending pixel[2292] = 188
Sending pixel[2293] = 192
Sending pixel[2294] = 196
Sending pixel[2295] = 200
Sending pixel[2296] = 204
Sending pixel[2297] = 207
Sending pixel[2298] = 211
Sending pixel[2299] = 215
Sending pixel[2300] = 219
Sending pixel[2301] = 223
Sending pixel[2302] = 227
Sending pixel[2303] = 231
Sending pixel[2304] = 235
Sending pixel[2305] = 239
Sending pixel[2306] = 243
Sending pixel[2307] = 247
Sending pixel[2308] = 251
Sending pixel[2309] = 255
Sending pixel[2310] = 0
Sending pixel[2311] = 3
Sending pixel[2312] = 7
Sending pixel[2313] = 11
Sending pixel[2314] = 15
Sending pixel[2315] = 19
Sending pixel[2316] = 23
Sending pixel[2317] = 27
Sending pixel[2318] = 31
Sending pixel[2319] = 35
Sending pixel[2320] = 39
Sending pixel[2321] = 43
Sending pixel[2322] = 47
Sending pixel[2323] = 51
Sending pixel[2324] = 54
Sending pixel[2325] = 58
Sending pixel[2326] = 62
Sending pixel[2327] = 66
Sending pixel[2328] = 70
Sending pixel[2329] = 74
Sending pixel[2330] = 78
Sending pixel[2331] = 82
Sending pixel[2332] = 86
Sending pixel[2333] = 90
Sending pixel[2334] = 94
Sending pixel[2335] = 98
Sending pixel[2336] = 102
Sending pixel[2337] = 105
Sending pixel[2338] = 109
Sending pixel[2339] = 113
Sending pixel[2340] = 117
Sending pixel[2341] = 121
Sending pixel[2342] = 125
Sending pixel[2343] = 129
Sending pixel[2344] = 133
Sending pixel[2345] = 137
Sending pixel[2346] = 141
Sending pixel[2347] = 145
Sending pixel[2348] = 149
Sending pixel[2349] = 153
Sending pixel[2350] = 156
Sending pixel[2351] = 160
Sending pixel[2352] = 164
Sending pixel[2353] = 168
Sending pixel[2354] = 172
Sending pixel[2355] = 176
Sending pixel[2356] = 180
Sending pixel[2357] = 184
Sending pixel[2358] = 188
Sending pixel[2359] = 192
Sending pixel[2360] = 196
Sending pixel[2361] = 200
Sending pixel[2362] = 204
Sending pixel[2363] = 207
Sending pixel[2364] = 211
Sending pixel[2365] = 215
Sending pixel[2366] = 219
Sending pixel[2367] = 223
Sending pixel[2368] = 227
Sending pixel[2369] = 231
Sending pixel[2370] = 235
Sending pixel[2371] = 239
Sending pixel[2372] = 243
Sending pixel[2373] = 247
Sending pixel[2374] = 251
Sending pixel[2375] = 255
Sending pixel[2376] = 0
Sending pixel[2377] = 3
Sending pixel[2378] = 7
Sending pixel[2379] = 11
Sending pixel[2380] = 15
Sending pixel[2381] = 19
Sending pixel[2382] = 23
Sending pixel[2383] = 27
Sending pixel[2384] = 31
Sending pixel[2385] = 35
Sending pixel[2386] = 39
Sending pixel[2387] = 43
Sending pixel[2388] = 47
Sending pixel[2389] = 51
Sending pixel[2390] = 54
Sending pixel[2391] = 58
Sending pixel[2392] = 62
Sending pixel[2393] = 66
Sending pixel[2394] = 70
Sending pixel[2395] = 74
Sending pixel[2396] = 78
Sending pixel[2397] = 82
Sending pixel[2398] = 86
Sending pixel[2399] = 90
Sending pixel[2400] = 94
Sending pixel[2401] = 98
Sending pixel[2402] = 102
Sending pixel[2403] = 105
Sending pixel[2404] = 109
Sending pixel[2405] = 113
Sending pixel[2406] = 117
Sending pixel[2407] = 121
Sending pixel[2408] = 125
Sending pixel[2409] = 129
Sending pixel[2410] = 133
Sending pixel[2411] = 137
Sending pixel[2412] = 141
Sending pixel[2413] = 145
Sending pixel[2414] = 149
Sending pixel[2415] = 153
Sending pixel[2416] = 156
Sending pixel[2417] = 160
Sending pixel[2418] = 164
Sending pixel[2419] = 168
Sending pixel[2420] = 172
Sending pixel[2421] = 176
Sending pixel[2422] = 180
Sending pixel[2423] = 184
Sending pixel[2424] = 188
Sending pixel[2425] = 192
Sending pixel[2426] = 196
Sending pixel[2427] = 200
Sending pixel[2428] = 204
Sending pixel[2429] = 207
Sending pixel[2430] = 211
Sending pixel[2431] = 215
Sending pixel[2432] = 219
Sending pixel[2433] = 223
Sending pixel[2434] = 227
Sending pixel[2435] = 231
Sending pixel[2436] = 235
Sending pixel[2437] = 239
Sending pixel[2438] = 243
Sending pixel[2439] = 247
Sending pixel[2440] = 251
Sending pixel[2441] = 255
Sending pixel[2442] = 0
Sending pixel[2443] = 3
Sending pixel[2444] = 7
Sending pixel[2445] = 11
Sending pixel[2446] = 15
Sending pixel[2447] = 19
Sending pixel[2448] = 23
Sending pixel[2449] = 27
Sending pixel[2450] = 31
Sending pixel[2451] = 35
Sending pixel[2452] = 39
Sending pixel[2453] = 43
Sending pixel[2454] = 47
Sending pixel[2455] = 51
Sending pixel[2456] = 54
Sending pixel[2457] = 58
Sending pixel[2458] = 62
Sending pixel[2459] = 66
Sending pixel[2460] = 70
Sending pixel[2461] = 74
Sending pixel[2462] = 78
Sending pixel[2463] = 82
Sending pixel[2464] = 86
Sending pixel[2465] = 90
Sending pixel[2466] = 94
Sending pixel[2467] = 98
Sending pixel[2468] = 102
Sending pixel[2469] = 105
Sending pixel[2470] = 109
Sending pixel[2471] = 113
Sending pixel[2472] = 117
Sending pixel[2473] = 121
Sending pixel[2474] = 125
Sending pixel[2475] = 129
Sending pixel[2476] = 133
Sending pixel[2477] = 137
Sending pixel[2478] = 141
Sending pixel[2479] = 145
Sending pixel[2480] = 149
Sending pixel[2481] = 153
Sending pixel[2482] = 156
Sending pixel[2483] = 160
Sending pixel[2484] = 164
Sending pixel[2485] = 168
Sending pixel[2486] = 172
Sending pixel[2487] = 176
Sending pixel[2488] = 180
Sending pixel[2489] = 184
Sending pixel[2490] = 188
Sending pixel[2491] = 192
Sending pixel[2492] = 196
Sending pixel[2493] = 200
Sending pixel[2494] = 204
Sending pixel[2495] = 207
Sending pixel[2496] = 211
Sending pixel[2497] = 215
Sending pixel[2498] = 219
Sending pixel[2499] = 223
Sending pixel[2500] = 227
Sending pixel[2501] = 231
Sending pixel[2502] = 235
Sending pixel[2503] = 239
Sending pixel[2504] = 243
Sending pixel[2505] = 247
Sending pixel[2506] = 251
Sending pixel[2507] = 255
Sending pixel[2508] = 0
Sending pixel[2509] = 3
Sending pixel[2510] = 7
Sending pixel[2511] = 11
Sending pixel[2512] = 15
Sending pixel[2513] = 19
Sending pixel[2514] = 23
Sending pixel[2515] = 27
Sending pixel[2516] = 31
Sending pixel[2517] = 35
Sending pixel[2518] = 39
Sending pixel[2519] = 43
Sending pixel[2520] = 47
Sending pixel[2521] = 51
Sending pixel[2522] = 54
Sending pixel[2523] = 58
Sending pixel[2524] = 62
Sending pixel[2525] = 66
Sending pixel[2526] = 70
Sending pixel[2527] = 74
Sending pixel[2528] = 78
Sending pixel[2529] = 82
Sending pixel[2530] = 86
Sending pixel[2531] = 90
Sending pixel[2532] = 94
Sending pixel[2533] = 98
Sending pixel[2534] = 102
Sending pixel[2535] = 105
Sending pixel[2536] = 109
Sending pixel[2537] = 113
Sending pixel[2538] = 117
Sending pixel[2539] = 121
Sending pixel[2540] = 125
Sending pixel[2541] = 129
Sending pixel[2542] = 133
Sending pixel[2543] = 137
Sending pixel[2544] = 141
Sending pixel[2545] = 145
Sending pixel[2546] = 149
Sending pixel[2547] = 153
Sending pixel[2548] = 156
Sending pixel[2549] = 160
Sending pixel[2550] = 164
Sending pixel[2551] = 168
Sending pixel[2552] = 172
Sending pixel[2553] = 176
Sending pixel[2554] = 180
Sending pixel[2555] = 184
Sending pixel[2556] = 188
Sending pixel[2557] = 192
Sending pixel[2558] = 196
Sending pixel[2559] = 200
Sending pixel[2560] = 204
Sending pixel[2561] = 207
Sending pixel[2562] = 211
Sending pixel[2563] = 215
Sending pixel[2564] = 219
Sending pixel[2565] = 223
Sending pixel[2566] = 227
Sending pixel[2567] = 231
Sending pixel[2568] = 235
Sending pixel[2569] = 239
Sending pixel[2570] = 243
Sending pixel[2571] = 247
Sending pixel[2572] = 251
Sending pixel[2573] = 255
Sending pixel[2574] = 0
Sending pixel[2575] = 3
Sending pixel[2576] = 7
Sending pixel[2577] = 11
Sending pixel[2578] = 15
Sending pixel[2579] = 19
Sending pixel[2580] = 23
Sending pixel[2581] = 27
Sending pixel[2582] = 31
Sending pixel[2583] = 35
Sending pixel[2584] = 39
Sending pixel[2585] = 43
Sending pixel[2586] = 47
Sending pixel[2587] = 51
Sending pixel[2588] = 54
Sending pixel[2589] = 58
Sending pixel[2590] = 62
Sending pixel[2591] = 66
Sending pixel[2592] = 70
Sending pixel[2593] = 74
Sending pixel[2594] = 78
Sending pixel[2595] = 82
Sending pixel[2596] = 86
Sending pixel[2597] = 90
Sending pixel[2598] = 94
Sending pixel[2599] = 98
Sending pixel[2600] = 102
Sending pixel[2601] = 105
Sending pixel[2602] = 109
Sending pixel[2603] = 113
Sending pixel[2604] = 117
Sending pixel[2605] = 121
Sending pixel[2606] = 125
Sending pixel[2607] = 129
Sending pixel[2608] = 133
Sending pixel[2609] = 137
Sending pixel[2610] = 141
Sending pixel[2611] = 145
Sending pixel[2612] = 149
Sending pixel[2613] = 153
Sending pixel[2614] = 156
Sending pixel[2615] = 160
Sending pixel[2616] = 164
Sending pixel[2617] = 168
Sending pixel[2618] = 172
Sending pixel[2619] = 176
Sending pixel[2620] = 180
Sending pixel[2621] = 184
Sending pixel[2622] = 188
Sending pixel[2623] = 192
Sending pixel[2624] = 196
Sending pixel[2625] = 200
Sending pixel[2626] = 204
Sending pixel[2627] = 207
Sending pixel[2628] = 211
Sending pixel[2629] = 215
Sending pixel[2630] = 219
Sending pixel[2631] = 223
Sending pixel[2632] = 227
Sending pixel[2633] = 231
Sending pixel[2634] = 235
Sending pixel[2635] = 239
Sending pixel[2636] = 243
Sending pixel[2637] = 247
Sending pixel[2638] = 251
Sending pixel[2639] = 255
Sending pixel[2640] = 0
Sending pixel[2641] = 3
Sending pixel[2642] = 7
Sending pixel[2643] = 11
Sending pixel[2644] = 15
Sending pixel[2645] = 19
Sending pixel[2646] = 23
Sending pixel[2647] = 27
Sending pixel[2648] = 31
Sending pixel[2649] = 35
Sending pixel[2650] = 39
Sending pixel[2651] = 43
Sending pixel[2652] = 47
Sending pixel[2653] = 51
Sending pixel[2654] = 54
Sending pixel[2655] = 58
Sending pixel[2656] = 62
Sending pixel[2657] = 66
Sending pixel[2658] = 70
Sending pixel[2659] = 74
Sending pixel[2660] = 78
Sending pixel[2661] = 82
Sending pixel[2662] = 86
Sending pixel[2663] = 90
Sending pixel[2664] = 94
Sending pixel[2665] = 98
Sending pixel[2666] = 102
Sending pixel[2667] = 105
Sending pixel[2668] = 109
Sending pixel[2669] = 113
Sending pixel[2670] = 117
Sending pixel[2671] = 121
Sending pixel[2672] = 125
Sending pixel[2673] = 129
Sending pixel[2674] = 133
Sending pixel[2675] = 137
Sending pixel[2676] = 141
Sending pixel[2677] = 145
Sending pixel[2678] = 149
Sending pixel[2679] = 153
Sending pixel[2680] = 156
Sending pixel[2681] = 160
Sending pixel[2682] = 164
Sending pixel[2683] = 168
Sending pixel[2684] = 172
Sending pixel[2685] = 176
Sending pixel[2686] = 180
Sending pixel[2687] = 184
Sending pixel[2688] = 188
Sending pixel[2689] = 192
Sending pixel[2690] = 196
Sending pixel[2691] = 200
Sending pixel[2692] = 204
Sending pixel[2693] = 207
Sending pixel[2694] = 211
Sending pixel[2695] = 215
Sending pixel[2696] = 219
Sending pixel[2697] = 223
Sending pixel[2698] = 227
Sending pixel[2699] = 231
Sending pixel[2700] = 235
Sending pixel[2701] = 239
Sending pixel[2702] = 243
Sending pixel[2703] = 247
Sending pixel[2704] = 251
Sending pixel[2705] = 255
Sending pixel[2706] = 0
Sending pixel[2707] = 3
Sending pixel[2708] = 7
Sending pixel[2709] = 11
Sending pixel[2710] = 15
Sending pixel[2711] = 19
Sending pixel[2712] = 23
Sending pixel[2713] = 27
Sending pixel[2714] = 31
Sending pixel[2715] = 35
Sending pixel[2716] = 39
Sending pixel[2717] = 43
Sending pixel[2718] = 47
Sending pixel[2719] = 51
Sending pixel[2720] = 54
Sending pixel[2721] = 58
Sending pixel[2722] = 62
Sending pixel[2723] = 66
Sending pixel[2724] = 70
Sending pixel[2725] = 74
Sending pixel[2726] = 78
Sending pixel[2727] = 82
Sending pixel[2728] = 86
Sending pixel[2729] = 90
Sending pixel[2730] = 94
Sending pixel[2731] = 98
Sending pixel[2732] = 102
Sending pixel[2733] = 105
Sending pixel[2734] = 109
Sending pixel[2735] = 113
Sending pixel[2736] = 117
Sending pixel[2737] = 121
Sending pixel[2738] = 125
Sending pixel[2739] = 129
Sending pixel[2740] = 133
Sending pixel[2741] = 137
Sending pixel[2742] = 141
Sending pixel[2743] = 145
Sending pixel[2744] = 149
Sending pixel[2745] = 153
Sending pixel[2746] = 156
Sending pixel[2747] = 160
Sending pixel[2748] = 164
Sending pixel[2749] = 168
Sending pixel[2750] = 172
Sending pixel[2751] = 176
Sending pixel[2752] = 180
Sending pixel[2753] = 184
Sending pixel[2754] = 188
Sending pixel[2755] = 192
Sending pixel[2756] = 196
Sending pixel[2757] = 200
Sending pixel[2758] = 204
Sending pixel[2759] = 207
Sending pixel[2760] = 211
Sending pixel[2761] = 215
Sending pixel[2762] = 219
Sending pixel[2763] = 223
Sending pixel[2764] = 227
Sending pixel[2765] = 231
Sending pixel[2766] = 235
Sending pixel[2767] = 239
Sending pixel[2768] = 243
Sending pixel[2769] = 247
Sending pixel[2770] = 251
Sending pixel[2771] = 255
Sending pixel[2772] = 0
Sending pixel[2773] = 3
Sending pixel[2774] = 7
Sending pixel[2775] = 11
Sending pixel[2776] = 15
Sending pixel[2777] = 19
Sending pixel[2778] = 23
Sending pixel[2779] = 27
Sending pixel[2780] = 31
Sending pixel[2781] = 35
Sending pixel[2782] = 39
Sending pixel[2783] = 43
Sending pixel[2784] = 47
Sending pixel[2785] = 51
Sending pixel[2786] = 54
Sending pixel[2787] = 58
Sending pixel[2788] = 62
Sending pixel[2789] = 66
Sending pixel[2790] = 70
Sending pixel[2791] = 74
Sending pixel[2792] = 78
Sending pixel[2793] = 82
Sending pixel[2794] = 86
Sending pixel[2795] = 90
Sending pixel[2796] = 94
Sending pixel[2797] = 98
Sending pixel[2798] = 102
Sending pixel[2799] = 105
Sending pixel[2800] = 109
Sending pixel[2801] = 113
Sending pixel[2802] = 117
Sending pixel[2803] = 121
Sending pixel[2804] = 125
Sending pixel[2805] = 129
Sending pixel[2806] = 133
Sending pixel[2807] = 137
Sending pixel[2808] = 141
Sending pixel[2809] = 145
Sending pixel[2810] = 149
Sending pixel[2811] = 153
Sending pixel[2812] = 156
Sending pixel[2813] = 160
Sending pixel[2814] = 164
Sending pixel[2815] = 168
Sending pixel[2816] = 172
Sending pixel[2817] = 176
Sending pixel[2818] = 180
Sending pixel[2819] = 184
Sending pixel[2820] = 188
Sending pixel[2821] = 192
Sending pixel[2822] = 196
Sending pixel[2823] = 200
Sending pixel[2824] = 204
Sending pixel[2825] = 207
Sending pixel[2826] = 211
Sending pixel[2827] = 215
Sending pixel[2828] = 219
Sending pixel[2829] = 223
Sending pixel[2830] = 227
Sending pixel[2831] = 231
Sending pixel[2832] = 235
Sending pixel[2833] = 239
Sending pixel[2834] = 243
Sending pixel[2835] = 247
Sending pixel[2836] = 251
Sending pixel[2837] = 255
Sending pixel[2838] = 0
Sending pixel[2839] = 3
Sending pixel[2840] = 7
Sending pixel[2841] = 11
Sending pixel[2842] = 15
Sending pixel[2843] = 19
Sending pixel[2844] = 23
Sending pixel[2845] = 27
Sending pixel[2846] = 31
Sending pixel[2847] = 35
Sending pixel[2848] = 39
Sending pixel[2849] = 43
Sending pixel[2850] = 47
Sending pixel[2851] = 51
Sending pixel[2852] = 54
Sending pixel[2853] = 58
Sending pixel[2854] = 62
Sending pixel[2855] = 66
Sending pixel[2856] = 70
Sending pixel[2857] = 74
Sending pixel[2858] = 78
Sending pixel[2859] = 82
Sending pixel[2860] = 86
Sending pixel[2861] = 90
Sending pixel[2862] = 94
Sending pixel[2863] = 98
Sending pixel[2864] = 102
Sending pixel[2865] = 105
Sending pixel[2866] = 109
Sending pixel[2867] = 113
Sending pixel[2868] = 117
Sending pixel[2869] = 121
Sending pixel[2870] = 125
Sending pixel[2871] = 129
Sending pixel[2872] = 133
Sending pixel[2873] = 137
Sending pixel[2874] = 141
Sending pixel[2875] = 145
Sending pixel[2876] = 149
Sending pixel[2877] = 153
Sending pixel[2878] = 156
Sending pixel[2879] = 160
Sending pixel[2880] = 164
Sending pixel[2881] = 168
Sending pixel[2882] = 172
Sending pixel[2883] = 176
Sending pixel[2884] = 180
Sending pixel[2885] = 184
Sending pixel[2886] = 188
Sending pixel[2887] = 192
Sending pixel[2888] = 196
Sending pixel[2889] = 200
Sending pixel[2890] = 204
Sending pixel[2891] = 207
Sending pixel[2892] = 211
Sending pixel[2893] = 215
Sending pixel[2894] = 219
Sending pixel[2895] = 223
Sending pixel[2896] = 227
Sending pixel[2897] = 231
Sending pixel[2898] = 235
Sending pixel[2899] = 239
Sending pixel[2900] = 243
Sending pixel[2901] = 247
Sending pixel[2902] = 251
Sending pixel[2903] = 255
Sending pixel[2904] = 0
Sending pixel[2905] = 3
Sending pixel[2906] = 7
Sending pixel[2907] = 11
Sending pixel[2908] = 15
Sending pixel[2909] = 19
Sending pixel[2910] = 23
Sending pixel[2911] = 27
Sending pixel[2912] = 31
Sending pixel[2913] = 35
Sending pixel[2914] = 39
Sending pixel[2915] = 43
Sending pixel[2916] = 47
Sending pixel[2917] = 51
Sending pixel[2918] = 54
Sending pixel[2919] = 58
Sending pixel[2920] = 62
Sending pixel[2921] = 66
Sending pixel[2922] = 70
Sending pixel[2923] = 74
Sending pixel[2924] = 78
Sending pixel[2925] = 82
Sending pixel[2926] = 86
Sending pixel[2927] = 90
Sending pixel[2928] = 94
Sending pixel[2929] = 98
Sending pixel[2930] = 102
Sending pixel[2931] = 105
Sending pixel[2932] = 109
Sending pixel[2933] = 113
Sending pixel[2934] = 117
Sending pixel[2935] = 121
Sending pixel[2936] = 125
Sending pixel[2937] = 129
Sending pixel[2938] = 133
Sending pixel[2939] = 137
Sending pixel[2940] = 141
Sending pixel[2941] = 145
Sending pixel[2942] = 149
Sending pixel[2943] = 153
Sending pixel[2944] = 156
Sending pixel[2945] = 160
Sending pixel[2946] = 164
Sending pixel[2947] = 168
Sending pixel[2948] = 172
Sending pixel[2949] = 176
Sending pixel[2950] = 180
Sending pixel[2951] = 184
Sending pixel[2952] = 188
Sending pixel[2953] = 192
Sending pixel[2954] = 196
Sending pixel[2955] = 200
Sending pixel[2956] = 204
Sending pixel[2957] = 207
Sending pixel[2958] = 211
Sending pixel[2959] = 215
Sending pixel[2960] = 219
Sending pixel[2961] = 223
Sending pixel[2962] = 227
Sending pixel[2963] = 231
Sending pixel[2964] = 235
Sending pixel[2965] = 239
Sending pixel[2966] = 243
Sending pixel[2967] = 247
Sending pixel[2968] = 251
Sending pixel[2969] = 255
Sending pixel[2970] = 0
Sending pixel[2971] = 3
Sending pixel[2972] = 7
Sending pixel[2973] = 11
Sending pixel[2974] = 15
Sending pixel[2975] = 19
Sending pixel[2976] = 23
Sending pixel[2977] = 27
Sending pixel[2978] = 31
Sending pixel[2979] = 35
Sending pixel[2980] = 39
Sending pixel[2981] = 43
Sending pixel[2982] = 47
Sending pixel[2983] = 51
Sending pixel[2984] = 54
Sending pixel[2985] = 58
Sending pixel[2986] = 62
Sending pixel[2987] = 66
Sending pixel[2988] = 70
Sending pixel[2989] = 74
Sending pixel[2990] = 78
Sending pixel[2991] = 82
Sending pixel[2992] = 86
Sending pixel[2993] = 90
Sending pixel[2994] = 94
Sending pixel[2995] = 98
Sending pixel[2996] = 102
Sending pixel[2997] = 105
Sending pixel[2998] = 109
Sending pixel[2999] = 113
Sending pixel[3000] = 117
Sending pixel[3001] = 121
Sending pixel[3002] = 125
Sending pixel[3003] = 129
Sending pixel[3004] = 133
Sending pixel[3005] = 137
Sending pixel[3006] = 141
Sending pixel[3007] = 145
Sending pixel[3008] = 149
Sending pixel[3009] = 153
Sending pixel[3010] = 156
Sending pixel[3011] = 160
Sending pixel[3012] = 164
Sending pixel[3013] = 168
Sending pixel[3014] = 172
Sending pixel[3015] = 176
Sending pixel[3016] = 180
Sending pixel[3017] = 184
Sending pixel[3018] = 188
Sending pixel[3019] = 192
Sending pixel[3020] = 196
Sending pixel[3021] = 200
Sending pixel[3022] = 204
Sending pixel[3023] = 207
Sending pixel[3024] = 211
Sending pixel[3025] = 215
Sending pixel[3026] = 219
Sending pixel[3027] = 223
Sending pixel[3028] = 227
Sending pixel[3029] = 231
Sending pixel[3030] = 235
Sending pixel[3031] = 239
Sending pixel[3032] = 243
Sending pixel[3033] = 247
Sending pixel[3034] = 251
Sending pixel[3035] = 255
Sending pixel[3036] = 0
Sending pixel[3037] = 3
Sending pixel[3038] = 7
Sending pixel[3039] = 11
Sending pixel[3040] = 15
Sending pixel[3041] = 19
Sending pixel[3042] = 23
Sending pixel[3043] = 27
Sending pixel[3044] = 31
Sending pixel[3045] = 35
Sending pixel[3046] = 39
Sending pixel[3047] = 43
Sending pixel[3048] = 47
Sending pixel[3049] = 51
Sending pixel[3050] = 54
Sending pixel[3051] = 58
Sending pixel[3052] = 62
Sending pixel[3053] = 66
Sending pixel[3054] = 70
Sending pixel[3055] = 74
Sending pixel[3056] = 78
Sending pixel[3057] = 82
Sending pixel[3058] = 86
Sending pixel[3059] = 90
Sending pixel[3060] = 94
Sending pixel[3061] = 98
Sending pixel[3062] = 102
Sending pixel[3063] = 105
Sending pixel[3064] = 109
Sending pixel[3065] = 113
Sending pixel[3066] = 117
Sending pixel[3067] = 121
Sending pixel[3068] = 125
Sending pixel[3069] = 129
Sending pixel[3070] = 133
Sending pixel[3071] = 137
Sending pixel[3072] = 141
Sending pixel[3073] = 145
Sending pixel[3074] = 149
Sending pixel[3075] = 153
Sending pixel[3076] = 156
Sending pixel[3077] = 160
Sending pixel[3078] = 164
Sending pixel[3079] = 168
Sending pixel[3080] = 172
Sending pixel[3081] = 176
Sending pixel[3082] = 180
Sending pixel[3083] = 184
Sending pixel[3084] = 188
Sending pixel[3085] = 192
Sending pixel[3086] = 196
Sending pixel[3087] = 200
Sending pixel[3088] = 204
Sending pixel[3089] = 207
Sending pixel[3090] = 211
Sending pixel[3091] = 215
Sending pixel[3092] = 219
Sending pixel[3093] = 223
Sending pixel[3094] = 227
Sending pixel[3095] = 231
Sending pixel[3096] = 235
Sending pixel[3097] = 239
Sending pixel[3098] = 243
Sending pixel[3099] = 247
Sending pixel[3100] = 251
Sending pixel[3101] = 255
Sending pixel[3102] = 0
Sending pixel[3103] = 3
Sending pixel[3104] = 7
Sending pixel[3105] = 11
Sending pixel[3106] = 15
Sending pixel[3107] = 19
Sending pixel[3108] = 23
Sending pixel[3109] = 27
Sending pixel[3110] = 31
Sending pixel[3111] = 35
Sending pixel[3112] = 39
Sending pixel[3113] = 43
Sending pixel[3114] = 47
Sending pixel[3115] = 51
Sending pixel[3116] = 54
Sending pixel[3117] = 58
Sending pixel[3118] = 62
Sending pixel[3119] = 66
Sending pixel[3120] = 70
Sending pixel[3121] = 74
Sending pixel[3122] = 78
Sending pixel[3123] = 82
Sending pixel[3124] = 86
Sending pixel[3125] = 90
Sending pixel[3126] = 94
Sending pixel[3127] = 98
Sending pixel[3128] = 102
Sending pixel[3129] = 105
Sending pixel[3130] = 109
Sending pixel[3131] = 113
Sending pixel[3132] = 117
Sending pixel[3133] = 121
Sending pixel[3134] = 125
Sending pixel[3135] = 129
Sending pixel[3136] = 133
Sending pixel[3137] = 137
Sending pixel[3138] = 141
Sending pixel[3139] = 145
Sending pixel[3140] = 149
Sending pixel[3141] = 153
Sending pixel[3142] = 156
Sending pixel[3143] = 160
Sending pixel[3144] = 164
Sending pixel[3145] = 168
Sending pixel[3146] = 172
Sending pixel[3147] = 176
Sending pixel[3148] = 180
Sending pixel[3149] = 184
Sending pixel[3150] = 188
Sending pixel[3151] = 192
Sending pixel[3152] = 196
Sending pixel[3153] = 200
Sending pixel[3154] = 204
Sending pixel[3155] = 207
Sending pixel[3156] = 211
Sending pixel[3157] = 215
Sending pixel[3158] = 219
Sending pixel[3159] = 223
Sending pixel[3160] = 227
Sending pixel[3161] = 231
Sending pixel[3162] = 235
Sending pixel[3163] = 239
Sending pixel[3164] = 243
Sending pixel[3165] = 247
Sending pixel[3166] = 251
Sending pixel[3167] = 255
Sending pixel[3168] = 0
Sending pixel[3169] = 3
Sending pixel[3170] = 7
Sending pixel[3171] = 11
Sending pixel[3172] = 15
Sending pixel[3173] = 19
Sending pixel[3174] = 23
Sending pixel[3175] = 27
Sending pixel[3176] = 31
Sending pixel[3177] = 35
Sending pixel[3178] = 39
Sending pixel[3179] = 43
Sending pixel[3180] = 47
Sending pixel[3181] = 51
Sending pixel[3182] = 54
Sending pixel[3183] = 58
Sending pixel[3184] = 62
Sending pixel[3185] = 66
Sending pixel[3186] = 70
Sending pixel[3187] = 74
Sending pixel[3188] = 78
Sending pixel[3189] = 82
Sending pixel[3190] = 86
Sending pixel[3191] = 90
Sending pixel[3192] = 94
Sending pixel[3193] = 98
Sending pixel[3194] = 102
Sending pixel[3195] = 105
Sending pixel[3196] = 109
Sending pixel[3197] = 113
Sending pixel[3198] = 117
Sending pixel[3199] = 121
Sending pixel[3200] = 125
Sending pixel[3201] = 129
Sending pixel[3202] = 133
Sending pixel[3203] = 137
Sending pixel[3204] = 141
Sending pixel[3205] = 145
Sending pixel[3206] = 149
Sending pixel[3207] = 153
Sending pixel[3208] = 156
Sending pixel[3209] = 160
Sending pixel[3210] = 164
Sending pixel[3211] = 168
Sending pixel[3212] = 172
Sending pixel[3213] = 176
Sending pixel[3214] = 180
Sending pixel[3215] = 184
Sending pixel[3216] = 188
Sending pixel[3217] = 192
Sending pixel[3218] = 196
Sending pixel[3219] = 200
Sending pixel[3220] = 204
Sending pixel[3221] = 207
Sending pixel[3222] = 211
Sending pixel[3223] = 215
Sending pixel[3224] = 219
Sending pixel[3225] = 223
Sending pixel[3226] = 227
Sending pixel[3227] = 231
Sending pixel[3228] = 235
Sending pixel[3229] = 239
Sending pixel[3230] = 243
Sending pixel[3231] = 247
Sending pixel[3232] = 251
Sending pixel[3233] = 255
Sending pixel[3234] = 0
Sending pixel[3235] = 3
Sending pixel[3236] = 7
Sending pixel[3237] = 11
Sending pixel[3238] = 15
Sending pixel[3239] = 19
Sending pixel[3240] = 23
Sending pixel[3241] = 27
Sending pixel[3242] = 31
Sending pixel[3243] = 35
Sending pixel[3244] = 39
Sending pixel[3245] = 43
Sending pixel[3246] = 47
Sending pixel[3247] = 51
Sending pixel[3248] = 54
Sending pixel[3249] = 58
Sending pixel[3250] = 62
Sending pixel[3251] = 66
Sending pixel[3252] = 70
Sending pixel[3253] = 74
Sending pixel[3254] = 78
Sending pixel[3255] = 82
Sending pixel[3256] = 86
Sending pixel[3257] = 90
Sending pixel[3258] = 94
Sending pixel[3259] = 98
Sending pixel[3260] = 102
Sending pixel[3261] = 105
Sending pixel[3262] = 109
Sending pixel[3263] = 113
Sending pixel[3264] = 117
Sending pixel[3265] = 121
Sending pixel[3266] = 125
Sending pixel[3267] = 129
Sending pixel[3268] = 133
Sending pixel[3269] = 137
Sending pixel[3270] = 141
Sending pixel[3271] = 145
Sending pixel[3272] = 149
Sending pixel[3273] = 153
Sending pixel[3274] = 156
Sending pixel[3275] = 160
Sending pixel[3276] = 164
Sending pixel[3277] = 168
Sending pixel[3278] = 172
Sending pixel[3279] = 176
Sending pixel[3280] = 180
Sending pixel[3281] = 184
Sending pixel[3282] = 188
Sending pixel[3283] = 192
Sending pixel[3284] = 196
Sending pixel[3285] = 200
Sending pixel[3286] = 204
Sending pixel[3287] = 207
Sending pixel[3288] = 211
Sending pixel[3289] = 215
Sending pixel[3290] = 219
Sending pixel[3291] = 223
Sending pixel[3292] = 227
Sending pixel[3293] = 231
Sending pixel[3294] = 235
Sending pixel[3295] = 239
Sending pixel[3296] = 243
Sending pixel[3297] = 247
Sending pixel[3298] = 251
Sending pixel[3299] = 255
Sending pixel[3300] = 0
Sending pixel[3301] = 3
Sending pixel[3302] = 7
Sending pixel[3303] = 11
Sending pixel[3304] = 15
Sending pixel[3305] = 19
Sending pixel[3306] = 23
Sending pixel[3307] = 27
Sending pixel[3308] = 31
Sending pixel[3309] = 35
Sending pixel[3310] = 39
Sending pixel[3311] = 43
Sending pixel[3312] = 47
Sending pixel[3313] = 51
Sending pixel[3314] = 54
Sending pixel[3315] = 58
Sending pixel[3316] = 62
Sending pixel[3317] = 66
Sending pixel[3318] = 70
Sending pixel[3319] = 74
Sending pixel[3320] = 78
Sending pixel[3321] = 82
Sending pixel[3322] = 86
Sending pixel[3323] = 90
Sending pixel[3324] = 94
Sending pixel[3325] = 98
Sending pixel[3326] = 102
Sending pixel[3327] = 105
Sending pixel[3328] = 109
Sending pixel[3329] = 113
Sending pixel[3330] = 117
Sending pixel[3331] = 121
Sending pixel[3332] = 125
Sending pixel[3333] = 129
Sending pixel[3334] = 133
Sending pixel[3335] = 137
Sending pixel[3336] = 141
Sending pixel[3337] = 145
Sending pixel[3338] = 149
Sending pixel[3339] = 153
Sending pixel[3340] = 156
Sending pixel[3341] = 160
Sending pixel[3342] = 164
Sending pixel[3343] = 168
Sending pixel[3344] = 172
Sending pixel[3345] = 176
Sending pixel[3346] = 180
Sending pixel[3347] = 184
Sending pixel[3348] = 188
Sending pixel[3349] = 192
Sending pixel[3350] = 196
Sending pixel[3351] = 200
Sending pixel[3352] = 204
Sending pixel[3353] = 207
Sending pixel[3354] = 211
Sending pixel[3355] = 215
Sending pixel[3356] = 219
Sending pixel[3357] = 223
Sending pixel[3358] = 227
Sending pixel[3359] = 231
Sending pixel[3360] = 235
Sending pixel[3361] = 239
Sending pixel[3362] = 243
Sending pixel[3363] = 247
Sending pixel[3364] = 251
Sending pixel[3365] = 255
Sending pixel[3366] = 0
Sending pixel[3367] = 3
Sending pixel[3368] = 7
Sending pixel[3369] = 11
Sending pixel[3370] = 15
Sending pixel[3371] = 19
Sending pixel[3372] = 23
Sending pixel[3373] = 27
Sending pixel[3374] = 31
Sending pixel[3375] = 35
Sending pixel[3376] = 39
Sending pixel[3377] = 43
Sending pixel[3378] = 47
Sending pixel[3379] = 51
Sending pixel[3380] = 54
Sending pixel[3381] = 58
Sending pixel[3382] = 62
Sending pixel[3383] = 66
Sending pixel[3384] = 70
Sending pixel[3385] = 74
Sending pixel[3386] = 78
Sending pixel[3387] = 82
Sending pixel[3388] = 86
Sending pixel[3389] = 90
Sending pixel[3390] = 94
Sending pixel[3391] = 98
Sending pixel[3392] = 102
Sending pixel[3393] = 105
Sending pixel[3394] = 109
Sending pixel[3395] = 113
Sending pixel[3396] = 117
Sending pixel[3397] = 121
Sending pixel[3398] = 125
Sending pixel[3399] = 129
Sending pixel[3400] = 133
Sending pixel[3401] = 137
Sending pixel[3402] = 141
Sending pixel[3403] = 145
Sending pixel[3404] = 149
Sending pixel[3405] = 153
Sending pixel[3406] = 156
Sending pixel[3407] = 160
Sending pixel[3408] = 164
Sending pixel[3409] = 168
Sending pixel[3410] = 172
Sending pixel[3411] = 176
Sending pixel[3412] = 180
Sending pixel[3413] = 184
Sending pixel[3414] = 188
Sending pixel[3415] = 192
Sending pixel[3416] = 196
Sending pixel[3417] = 200
Sending pixel[3418] = 204
Sending pixel[3419] = 207
Sending pixel[3420] = 211
Sending pixel[3421] = 215
Sending pixel[3422] = 219
Sending pixel[3423] = 223
Sending pixel[3424] = 227
Sending pixel[3425] = 231
Sending pixel[3426] = 235
Sending pixel[3427] = 239
Sending pixel[3428] = 243
Sending pixel[3429] = 247
Sending pixel[3430] = 251
Sending pixel[3431] = 255
Sending pixel[3432] = 0
Sending pixel[3433] = 3
Sending pixel[3434] = 7
Sending pixel[3435] = 11
Sending pixel[3436] = 15
Sending pixel[3437] = 19
Sending pixel[3438] = 23
Sending pixel[3439] = 27
Sending pixel[3440] = 31
Sending pixel[3441] = 35
Sending pixel[3442] = 39
Sending pixel[3443] = 43
Sending pixel[3444] = 47
Sending pixel[3445] = 51
Sending pixel[3446] = 54
Sending pixel[3447] = 58
Sending pixel[3448] = 62
Sending pixel[3449] = 66
Sending pixel[3450] = 70
Sending pixel[3451] = 74
Sending pixel[3452] = 78
Sending pixel[3453] = 82
Sending pixel[3454] = 86
Sending pixel[3455] = 90
Sending pixel[3456] = 94
Sending pixel[3457] = 98
Sending pixel[3458] = 102
Sending pixel[3459] = 105
Sending pixel[3460] = 109
Sending pixel[3461] = 113
Sending pixel[3462] = 117
Sending pixel[3463] = 121
Sending pixel[3464] = 125
Sending pixel[3465] = 129
Sending pixel[3466] = 133
Sending pixel[3467] = 137
Sending pixel[3468] = 141
Sending pixel[3469] = 145
Sending pixel[3470] = 149
Sending pixel[3471] = 153
Sending pixel[3472] = 156
Sending pixel[3473] = 160
Sending pixel[3474] = 164
Sending pixel[3475] = 168
Sending pixel[3476] = 172
Sending pixel[3477] = 176
Sending pixel[3478] = 180
Sending pixel[3479] = 184
Sending pixel[3480] = 188
Sending pixel[3481] = 192
Sending pixel[3482] = 196
Sending pixel[3483] = 200
Sending pixel[3484] = 204
Sending pixel[3485] = 207
Sending pixel[3486] = 211
Sending pixel[3487] = 215
Sending pixel[3488] = 219
Sending pixel[3489] = 223
Sending pixel[3490] = 227
Sending pixel[3491] = 231
Sending pixel[3492] = 235
Sending pixel[3493] = 239
Sending pixel[3494] = 243
Sending pixel[3495] = 247
Sending pixel[3496] = 251
Sending pixel[3497] = 255
Sending pixel[3498] = 0
Sending pixel[3499] = 3
Sending pixel[3500] = 7
Sending pixel[3501] = 11
Sending pixel[3502] = 15
Sending pixel[3503] = 19
Sending pixel[3504] = 23
Sending pixel[3505] = 27
Sending pixel[3506] = 31
Sending pixel[3507] = 35
Sending pixel[3508] = 39
Sending pixel[3509] = 43
Sending pixel[3510] = 47
Sending pixel[3511] = 51
Sending pixel[3512] = 54
Sending pixel[3513] = 58
Sending pixel[3514] = 62
Sending pixel[3515] = 66
Sending pixel[3516] = 70
Sending pixel[3517] = 74
Sending pixel[3518] = 78
Sending pixel[3519] = 82
Sending pixel[3520] = 86
Sending pixel[3521] = 90
Sending pixel[3522] = 94
Sending pixel[3523] = 98
Sending pixel[3524] = 102
Sending pixel[3525] = 105
Sending pixel[3526] = 109
Sending pixel[3527] = 113
Sending pixel[3528] = 117
Sending pixel[3529] = 121
Sending pixel[3530] = 125
Sending pixel[3531] = 129
Sending pixel[3532] = 133
Sending pixel[3533] = 137
Sending pixel[3534] = 141
Sending pixel[3535] = 145
Sending pixel[3536] = 149
Sending pixel[3537] = 153
Sending pixel[3538] = 156
Sending pixel[3539] = 160
Sending pixel[3540] = 164
Sending pixel[3541] = 168
Sending pixel[3542] = 172
Sending pixel[3543] = 176
Sending pixel[3544] = 180
Sending pixel[3545] = 184
Sending pixel[3546] = 188
Sending pixel[3547] = 192
Sending pixel[3548] = 196
Sending pixel[3549] = 200
Sending pixel[3550] = 204
Sending pixel[3551] = 207
Sending pixel[3552] = 211
Sending pixel[3553] = 215
Sending pixel[3554] = 219
Sending pixel[3555] = 223
Sending pixel[3556] = 227
Sending pixel[3557] = 231
Sending pixel[3558] = 235
Sending pixel[3559] = 239
Sending pixel[3560] = 243
Sending pixel[3561] = 247
Sending pixel[3562] = 251
Sending pixel[3563] = 255
Sending pixel[3564] = 0
Sending pixel[3565] = 3
Sending pixel[3566] = 7
Sending pixel[3567] = 11
Sending pixel[3568] = 15
Sending pixel[3569] = 19
Sending pixel[3570] = 23
Sending pixel[3571] = 27
Sending pixel[3572] = 31
Sending pixel[3573] = 35
Sending pixel[3574] = 39
Sending pixel[3575] = 43
Sending pixel[3576] = 47
Sending pixel[3577] = 51
Sending pixel[3578] = 54
Sending pixel[3579] = 58
Sending pixel[3580] = 62
Sending pixel[3581] = 66
Sending pixel[3582] = 70
Sending pixel[3583] = 74
Sending pixel[3584] = 78
Sending pixel[3585] = 82
Sending pixel[3586] = 86
Sending pixel[3587] = 90
Sending pixel[3588] = 94
Sending pixel[3589] = 98
Sending pixel[3590] = 102
Sending pixel[3591] = 105
Sending pixel[3592] = 109
Sending pixel[3593] = 113
Sending pixel[3594] = 117
Sending pixel[3595] = 121
Sending pixel[3596] = 125
Sending pixel[3597] = 129
Sending pixel[3598] = 133
Sending pixel[3599] = 137
Sending pixel[3600] = 141
Sending pixel[3601] = 145
Sending pixel[3602] = 149
Sending pixel[3603] = 153
Sending pixel[3604] = 156
Sending pixel[3605] = 160
Sending pixel[3606] = 164
Sending pixel[3607] = 168
Sending pixel[3608] = 172
Sending pixel[3609] = 176
Sending pixel[3610] = 180
Sending pixel[3611] = 184
Sending pixel[3612] = 188
Sending pixel[3613] = 192
Sending pixel[3614] = 196
Sending pixel[3615] = 200
Sending pixel[3616] = 204
Sending pixel[3617] = 207
Sending pixel[3618] = 211
Sending pixel[3619] = 215
Sending pixel[3620] = 219
Sending pixel[3621] = 223
Sending pixel[3622] = 227
Sending pixel[3623] = 231
Sending pixel[3624] = 235
Sending pixel[3625] = 239
Sending pixel[3626] = 243
Sending pixel[3627] = 247
Sending pixel[3628] = 251
Sending pixel[3629] = 255
Sending pixel[3630] = 0
Sending pixel[3631] = 3
Sending pixel[3632] = 7
Sending pixel[3633] = 11
Sending pixel[3634] = 15
Sending pixel[3635] = 19
Sending pixel[3636] = 23
Sending pixel[3637] = 27
Sending pixel[3638] = 31
Sending pixel[3639] = 35
Sending pixel[3640] = 39
Sending pixel[3641] = 43
Sending pixel[3642] = 47
Sending pixel[3643] = 51
Sending pixel[3644] = 54
Sending pixel[3645] = 58
Sending pixel[3646] = 62
Sending pixel[3647] = 66
Sending pixel[3648] = 70
Sending pixel[3649] = 74
Sending pixel[3650] = 78
Sending pixel[3651] = 82
Sending pixel[3652] = 86
Sending pixel[3653] = 90
Sending pixel[3654] = 94
Sending pixel[3655] = 98
Sending pixel[3656] = 102
Sending pixel[3657] = 105
Sending pixel[3658] = 109
Sending pixel[3659] = 113
Sending pixel[3660] = 117
Sending pixel[3661] = 121
Sending pixel[3662] = 125
Sending pixel[3663] = 129
Sending pixel[3664] = 133
Sending pixel[3665] = 137
Sending pixel[3666] = 141
Sending pixel[3667] = 145
Sending pixel[3668] = 149
Sending pixel[3669] = 153
Sending pixel[3670] = 156
Sending pixel[3671] = 160
Sending pixel[3672] = 164
Sending pixel[3673] = 168
Sending pixel[3674] = 172
Sending pixel[3675] = 176
Sending pixel[3676] = 180
Sending pixel[3677] = 184
Sending pixel[3678] = 188
Sending pixel[3679] = 192
Sending pixel[3680] = 196
Sending pixel[3681] = 200
Sending pixel[3682] = 204
Sending pixel[3683] = 207
Sending pixel[3684] = 211
Sending pixel[3685] = 215
Sending pixel[3686] = 219
Sending pixel[3687] = 223
Sending pixel[3688] = 227
Sending pixel[3689] = 231
Sending pixel[3690] = 235
Sending pixel[3691] = 239
Sending pixel[3692] = 243
Sending pixel[3693] = 247
Sending pixel[3694] = 251
Sending pixel[3695] = 255
Sending pixel[3696] = 0
Sending pixel[3697] = 3
Sending pixel[3698] = 7
Sending pixel[3699] = 11
Sending pixel[3700] = 15
Sending pixel[3701] = 19
Sending pixel[3702] = 23
Sending pixel[3703] = 27
Sending pixel[3704] = 31
Sending pixel[3705] = 35
Sending pixel[3706] = 39
Sending pixel[3707] = 43
Sending pixel[3708] = 47
Sending pixel[3709] = 51
Sending pixel[3710] = 54
Sending pixel[3711] = 58
Sending pixel[3712] = 62
Sending pixel[3713] = 66
Sending pixel[3714] = 70
Sending pixel[3715] = 74
Sending pixel[3716] = 78
Sending pixel[3717] = 82
Sending pixel[3718] = 86
Sending pixel[3719] = 90
Sending pixel[3720] = 94
Sending pixel[3721] = 98
Sending pixel[3722] = 102
Sending pixel[3723] = 105
Sending pixel[3724] = 109
Sending pixel[3725] = 113
Sending pixel[3726] = 117
Sending pixel[3727] = 121
Sending pixel[3728] = 125
Sending pixel[3729] = 129
Sending pixel[3730] = 133
Sending pixel[3731] = 137
Sending pixel[3732] = 141
Sending pixel[3733] = 145
Sending pixel[3734] = 149
Sending pixel[3735] = 153
Sending pixel[3736] = 156
Sending pixel[3737] = 160
Sending pixel[3738] = 164
Sending pixel[3739] = 168
Sending pixel[3740] = 172
Sending pixel[3741] = 176
Sending pixel[3742] = 180
Sending pixel[3743] = 184
Sending pixel[3744] = 188
Sending pixel[3745] = 192
Sending pixel[3746] = 196
Sending pixel[3747] = 200
Sending pixel[3748] = 204
Sending pixel[3749] = 207
Sending pixel[3750] = 211
Sending pixel[3751] = 215
Sending pixel[3752] = 219
Sending pixel[3753] = 223
Sending pixel[3754] = 227
Sending pixel[3755] = 231
Sending pixel[3756] = 235
Sending pixel[3757] = 239
Sending pixel[3758] = 243
Sending pixel[3759] = 247
Sending pixel[3760] = 251
Sending pixel[3761] = 255
Sending pixel[3762] = 0
Sending pixel[3763] = 3
Sending pixel[3764] = 7
Sending pixel[3765] = 11
Sending pixel[3766] = 15
Sending pixel[3767] = 19
Sending pixel[3768] = 23
Sending pixel[3769] = 27
Sending pixel[3770] = 31
Sending pixel[3771] = 35
Sending pixel[3772] = 39
Sending pixel[3773] = 43
Sending pixel[3774] = 47
Sending pixel[3775] = 51
Sending pixel[3776] = 54
Sending pixel[3777] = 58
Sending pixel[3778] = 62
Sending pixel[3779] = 66
Sending pixel[3780] = 70
Sending pixel[3781] = 74
Sending pixel[3782] = 78
Sending pixel[3783] = 82
Sending pixel[3784] = 86
Sending pixel[3785] = 90
Sending pixel[3786] = 94
Sending pixel[3787] = 98
Sending pixel[3788] = 102
Sending pixel[3789] = 105
Sending pixel[3790] = 109
Sending pixel[3791] = 113
Sending pixel[3792] = 117
Sending pixel[3793] = 121
Sending pixel[3794] = 125
Sending pixel[3795] = 129
Sending pixel[3796] = 133
Sending pixel[3797] = 137
Sending pixel[3798] = 141
Sending pixel[3799] = 145
Sending pixel[3800] = 149
Sending pixel[3801] = 153
Sending pixel[3802] = 156
Sending pixel[3803] = 160
Sending pixel[3804] = 164
Sending pixel[3805] = 168
Sending pixel[3806] = 172
Sending pixel[3807] = 176
Sending pixel[3808] = 180
Sending pixel[3809] = 184
Sending pixel[3810] = 188
Sending pixel[3811] = 192
Sending pixel[3812] = 196
Sending pixel[3813] = 200
Sending pixel[3814] = 204
Sending pixel[3815] = 207
Sending pixel[3816] = 211
Sending pixel[3817] = 215
Sending pixel[3818] = 219
Sending pixel[3819] = 223
Sending pixel[3820] = 227
Sending pixel[3821] = 231
Sending pixel[3822] = 235
Sending pixel[3823] = 239
Sending pixel[3824] = 243
Sending pixel[3825] = 247
Sending pixel[3826] = 251
Sending pixel[3827] = 255
Sending pixel[3828] = 0
Sending pixel[3829] = 3
Sending pixel[3830] = 7
Sending pixel[3831] = 11
Sending pixel[3832] = 15
Sending pixel[3833] = 19
Sending pixel[3834] = 23
Sending pixel[3835] = 27
Sending pixel[3836] = 31
Sending pixel[3837] = 35
Sending pixel[3838] = 39
Sending pixel[3839] = 43
Sending pixel[3840] = 47
Sending pixel[3841] = 51
Sending pixel[3842] = 54
Sending pixel[3843] = 58
Sending pixel[3844] = 62
Sending pixel[3845] = 66
Sending pixel[3846] = 70
Sending pixel[3847] = 74
Sending pixel[3848] = 78
Sending pixel[3849] = 82
Sending pixel[3850] = 86
Sending pixel[3851] = 90
Sending pixel[3852] = 94
Sending pixel[3853] = 98
Sending pixel[3854] = 102
Sending pixel[3855] = 105
Sending pixel[3856] = 109
Sending pixel[3857] = 113
Sending pixel[3858] = 117
Sending pixel[3859] = 121
Sending pixel[3860] = 125
Sending pixel[3861] = 129
Sending pixel[3862] = 133
Sending pixel[3863] = 137
Sending pixel[3864] = 141
Sending pixel[3865] = 145
Sending pixel[3866] = 149
Sending pixel[3867] = 153
Sending pixel[3868] = 156
Sending pixel[3869] = 160
Sending pixel[3870] = 164
Sending pixel[3871] = 168
Sending pixel[3872] = 172
Sending pixel[3873] = 176
Sending pixel[3874] = 180
Sending pixel[3875] = 184
Sending pixel[3876] = 188
Sending pixel[3877] = 192
Sending pixel[3878] = 196
Sending pixel[3879] = 200
Sending pixel[3880] = 204
Sending pixel[3881] = 207
Sending pixel[3882] = 211
Sending pixel[3883] = 215
Sending pixel[3884] = 219
Sending pixel[3885] = 223
Sending pixel[3886] = 227
Sending pixel[3887] = 231
Sending pixel[3888] = 235
Sending pixel[3889] = 239
Sending pixel[3890] = 243
Sending pixel[3891] = 247
Sending pixel[3892] = 251
Sending pixel[3893] = 255
Sending pixel[3894] = 0
Sending pixel[3895] = 3
Sending pixel[3896] = 7
Sending pixel[3897] = 11
Sending pixel[3898] = 15
Sending pixel[3899] = 19
Sending pixel[3900] = 23
Sending pixel[3901] = 27
Sending pixel[3902] = 31
Sending pixel[3903] = 35
Sending pixel[3904] = 39
Sending pixel[3905] = 43
Sending pixel[3906] = 47
Sending pixel[3907] = 51
Sending pixel[3908] = 54
Sending pixel[3909] = 58
Sending pixel[3910] = 62
Sending pixel[3911] = 66
Sending pixel[3912] = 70
Sending pixel[3913] = 74
Sending pixel[3914] = 78
Sending pixel[3915] = 82
Sending pixel[3916] = 86
Sending pixel[3917] = 90
Sending pixel[3918] = 94
Sending pixel[3919] = 98
Sending pixel[3920] = 102
Sending pixel[3921] = 105
Sending pixel[3922] = 109
Sending pixel[3923] = 113
Sending pixel[3924] = 117
Sending pixel[3925] = 121
Sending pixel[3926] = 125
Sending pixel[3927] = 129
Sending pixel[3928] = 133
Sending pixel[3929] = 137
Sending pixel[3930] = 141
Sending pixel[3931] = 145
Sending pixel[3932] = 149
Sending pixel[3933] = 153
Sending pixel[3934] = 156
Sending pixel[3935] = 160
Sending pixel[3936] = 164
Sending pixel[3937] = 168
Sending pixel[3938] = 172
Sending pixel[3939] = 176
Sending pixel[3940] = 180
Sending pixel[3941] = 184
Sending pixel[3942] = 188
Sending pixel[3943] = 192
Sending pixel[3944] = 196
Sending pixel[3945] = 200
Sending pixel[3946] = 204
Sending pixel[3947] = 207
Sending pixel[3948] = 211
Sending pixel[3949] = 215
Sending pixel[3950] = 219
Sending pixel[3951] = 223
Sending pixel[3952] = 227
Sending pixel[3953] = 231
Sending pixel[3954] = 235
Sending pixel[3955] = 239
Sending pixel[3956] = 243
Sending pixel[3957] = 247
Sending pixel[3958] = 251
Sending pixel[3959] = 255
Sending pixel[3960] = 0
Sending pixel[3961] = 3
Sending pixel[3962] = 7
Sending pixel[3963] = 11
Sending pixel[3964] = 15
Sending pixel[3965] = 19
Sending pixel[3966] = 23
Sending pixel[3967] = 27
Sending pixel[3968] = 31
Sending pixel[3969] = 35
Sending pixel[3970] = 39
Sending pixel[3971] = 43
Sending pixel[3972] = 47
Sending pixel[3973] = 51
Sending pixel[3974] = 54
Sending pixel[3975] = 58
Sending pixel[3976] = 62
Sending pixel[3977] = 66
Sending pixel[3978] = 70
Sending pixel[3979] = 74
Sending pixel[3980] = 78
Sending pixel[3981] = 82
Sending pixel[3982] = 86
Sending pixel[3983] = 90
Sending pixel[3984] = 94
Sending pixel[3985] = 98
Sending pixel[3986] = 102
Sending pixel[3987] = 105
Sending pixel[3988] = 109
Sending pixel[3989] = 113
Sending pixel[3990] = 117
Sending pixel[3991] = 121
Sending pixel[3992] = 125
Sending pixel[3993] = 129
Sending pixel[3994] = 133
Sending pixel[3995] = 137
Sending pixel[3996] = 141
Sending pixel[3997] = 145
Sending pixel[3998] = 149
Sending pixel[3999] = 153
Sending pixel[4000] = 156
Sending pixel[4001] = 160
Sending pixel[4002] = 164
Sending pixel[4003] = 168
Sending pixel[4004] = 172
Sending pixel[4005] = 176
Sending pixel[4006] = 180
Sending pixel[4007] = 184
Sending pixel[4008] = 188
Sending pixel[4009] = 192
Sending pixel[4010] = 196
Sending pixel[4011] = 200
Sending pixel[4012] = 204
Sending pixel[4013] = 207
Sending pixel[4014] = 211
Sending pixel[4015] = 215
Sending pixel[4016] = 219
Sending pixel[4017] = 223
Sending pixel[4018] = 227
Sending pixel[4019] = 231
Sending pixel[4020] = 235
Sending pixel[4021] = 239
Sending pixel[4022] = 243
Sending pixel[4023] = 247
Sending pixel[4024] = 251
Sending pixel[4025] = 255
Sending pixel[4026] = 0
Sending pixel[4027] = 3
Sending pixel[4028] = 7
Sending pixel[4029] = 11
Sending pixel[4030] = 15
Sending pixel[4031] = 19
Sending pixel[4032] = 23
Sending pixel[4033] = 27
Sending pixel[4034] = 31
Sending pixel[4035] = 35
Sending pixel[4036] = 39
Sending pixel[4037] = 43
Sending pixel[4038] = 47
Sending pixel[4039] = 51
Sending pixel[4040] = 54
Sending pixel[4041] = 58
Sending pixel[4042] = 62
Sending pixel[4043] = 66
Sending pixel[4044] = 70
Sending pixel[4045] = 74
Sending pixel[4046] = 78
Sending pixel[4047] = 82
Sending pixel[4048] = 86
Sending pixel[4049] = 90
Sending pixel[4050] = 94
Sending pixel[4051] = 98
Sending pixel[4052] = 102
Sending pixel[4053] = 105
Sending pixel[4054] = 109
Sending pixel[4055] = 113
Sending pixel[4056] = 117
Sending pixel[4057] = 121
Sending pixel[4058] = 125
Sending pixel[4059] = 129
Sending pixel[4060] = 133
Sending pixel[4061] = 137
Sending pixel[4062] = 141
Sending pixel[4063] = 145
Sending pixel[4064] = 149
Sending pixel[4065] = 153
Sending pixel[4066] = 156
Sending pixel[4067] = 160
Sending pixel[4068] = 164
Sending pixel[4069] = 168
Sending pixel[4070] = 172
Sending pixel[4071] = 176
Sending pixel[4072] = 180
Sending pixel[4073] = 184
Sending pixel[4074] = 188
Sending pixel[4075] = 192
Sending pixel[4076] = 196
Sending pixel[4077] = 200
Sending pixel[4078] = 204
Sending pixel[4079] = 207
Sending pixel[4080] = 211
Sending pixel[4081] = 215
Sending pixel[4082] = 219
Sending pixel[4083] = 223
Sending pixel[4084] = 227
Sending pixel[4085] = 231
Sending pixel[4086] = 235
Sending pixel[4087] = 239
Sending pixel[4088] = 243
Sending pixel[4089] = 247
Sending pixel[4090] = 251
Sending pixel[4091] = 255
Sending pixel[4092] = 0
Sending pixel[4093] = 3
Sending pixel[4094] = 7
Sending pixel[4095] = 11
Sending pixel[4096] = 15
Sending pixel[4097] = 19
Sending pixel[4098] = 23
Sending pixel[4099] = 27
Sending pixel[4100] = 31
Sending pixel[4101] = 35
Sending pixel[4102] = 39
Sending pixel[4103] = 43
Sending pixel[4104] = 47
Sending pixel[4105] = 51
Sending pixel[4106] = 54
Sending pixel[4107] = 58
Sending pixel[4108] = 62
Sending pixel[4109] = 66
Sending pixel[4110] = 70
Sending pixel[4111] = 74
Sending pixel[4112] = 78
Sending pixel[4113] = 82
Sending pixel[4114] = 86
Sending pixel[4115] = 90
Sending pixel[4116] = 94
Sending pixel[4117] = 98
Sending pixel[4118] = 102
Sending pixel[4119] = 105
Sending pixel[4120] = 109
Sending pixel[4121] = 113
Sending pixel[4122] = 117
Sending pixel[4123] = 121
Sending pixel[4124] = 125
Sending pixel[4125] = 129
Sending pixel[4126] = 133
Sending pixel[4127] = 137
Sending pixel[4128] = 141
Sending pixel[4129] = 145
Sending pixel[4130] = 149
Sending pixel[4131] = 153
Sending pixel[4132] = 156
Sending pixel[4133] = 160
Sending pixel[4134] = 164
Sending pixel[4135] = 168
Sending pixel[4136] = 172
Sending pixel[4137] = 176
Sending pixel[4138] = 180
Sending pixel[4139] = 184
Sending pixel[4140] = 188
Sending pixel[4141] = 192
Sending pixel[4142] = 196
Sending pixel[4143] = 200
Sending pixel[4144] = 204
Sending pixel[4145] = 207
Sending pixel[4146] = 211
Sending pixel[4147] = 215
Sending pixel[4148] = 219
Sending pixel[4149] = 223
Sending pixel[4150] = 227
Sending pixel[4151] = 231
Sending pixel[4152] = 235
Sending pixel[4153] = 239
Sending pixel[4154] = 243
Sending pixel[4155] = 247
Sending pixel[4156] = 251
Sending pixel[4157] = 255
Sending pixel[4158] = 0
Sending pixel[4159] = 3
Sending pixel[4160] = 7
Sending pixel[4161] = 11
Sending pixel[4162] = 15
Sending pixel[4163] = 19
Sending pixel[4164] = 23
Sending pixel[4165] = 27
Sending pixel[4166] = 31
Sending pixel[4167] = 35
Sending pixel[4168] = 39
Sending pixel[4169] = 43
Sending pixel[4170] = 47
Sending pixel[4171] = 51
Sending pixel[4172] = 54
Sending pixel[4173] = 58
Sending pixel[4174] = 62
Sending pixel[4175] = 66
Sending pixel[4176] = 70
Sending pixel[4177] = 74
Sending pixel[4178] = 78
Sending pixel[4179] = 82
Sending pixel[4180] = 86
Sending pixel[4181] = 90
Sending pixel[4182] = 94
Sending pixel[4183] = 98
Sending pixel[4184] = 102
Sending pixel[4185] = 105
Sending pixel[4186] = 109
Sending pixel[4187] = 113
Sending pixel[4188] = 117
Sending pixel[4189] = 121
Sending pixel[4190] = 125
Sending pixel[4191] = 129
Sending pixel[4192] = 133
Sending pixel[4193] = 137
Sending pixel[4194] = 141
Sending pixel[4195] = 145
Sending pixel[4196] = 149
Sending pixel[4197] = 153
Sending pixel[4198] = 156
Sending pixel[4199] = 160
Sending pixel[4200] = 164
Sending pixel[4201] = 168
Sending pixel[4202] = 172
Sending pixel[4203] = 176
Sending pixel[4204] = 180
Sending pixel[4205] = 184
Sending pixel[4206] = 188
Sending pixel[4207] = 192
Sending pixel[4208] = 196
Sending pixel[4209] = 200
Sending pixel[4210] = 204
Sending pixel[4211] = 207
Sending pixel[4212] = 211
Sending pixel[4213] = 215
Sending pixel[4214] = 219
Sending pixel[4215] = 223
Sending pixel[4216] = 227
Sending pixel[4217] = 231
Sending pixel[4218] = 235
Sending pixel[4219] = 239
Sending pixel[4220] = 243
Sending pixel[4221] = 247
Sending pixel[4222] = 251
Sending pixel[4223] = 255
Sending pixel[4224] = 0
Sending pixel[4225] = 3
Sending pixel[4226] = 7
Sending pixel[4227] = 11
Sending pixel[4228] = 15
Sending pixel[4229] = 19
Sending pixel[4230] = 23
Sending pixel[4231] = 27
Sending pixel[4232] = 31
Sending pixel[4233] = 35
Sending pixel[4234] = 39
Sending pixel[4235] = 43
Sending pixel[4236] = 47
Sending pixel[4237] = 51
Sending pixel[4238] = 54
Sending pixel[4239] = 58
Sending pixel[4240] = 62
Sending pixel[4241] = 66
Sending pixel[4242] = 70
Sending pixel[4243] = 74
Sending pixel[4244] = 78
Sending pixel[4245] = 82
Sending pixel[4246] = 86
Sending pixel[4247] = 90
Sending pixel[4248] = 94
Sending pixel[4249] = 98
Sending pixel[4250] = 102
Sending pixel[4251] = 105
Sending pixel[4252] = 109
Sending pixel[4253] = 113
Sending pixel[4254] = 117
Sending pixel[4255] = 121
Sending pixel[4256] = 125
Sending pixel[4257] = 129
Sending pixel[4258] = 133
Sending pixel[4259] = 137
Sending pixel[4260] = 141
Sending pixel[4261] = 145
Sending pixel[4262] = 149
Sending pixel[4263] = 153
Sending pixel[4264] = 156
Sending pixel[4265] = 160
Sending pixel[4266] = 164
Sending pixel[4267] = 168
Sending pixel[4268] = 172
Sending pixel[4269] = 176
Sending pixel[4270] = 180
Sending pixel[4271] = 184
Sending pixel[4272] = 188
Sending pixel[4273] = 192
Sending pixel[4274] = 196
Sending pixel[4275] = 200
Sending pixel[4276] = 204
Sending pixel[4277] = 207
Sending pixel[4278] = 211
Sending pixel[4279] = 215
Sending pixel[4280] = 219
Sending pixel[4281] = 223
Sending pixel[4282] = 227
Sending pixel[4283] = 231
Sending pixel[4284] = 235
Sending pixel[4285] = 239
Sending pixel[4286] = 243
Sending pixel[4287] = 247
Sending pixel[4288] = 251
Sending pixel[4289] = 255
Sending pixel[4290] = 0
Sending pixel[4291] = 3
Sending pixel[4292] = 7
Sending pixel[4293] = 11
Sending pixel[4294] = 15
Sending pixel[4295] = 19
Sending pixel[4296] = 23
Sending pixel[4297] = 27
Sending pixel[4298] = 31
Sending pixel[4299] = 35
Sending pixel[4300] = 39
Sending pixel[4301] = 43
Sending pixel[4302] = 47
Sending pixel[4303] = 51
Sending pixel[4304] = 54
Sending pixel[4305] = 58
Sending pixel[4306] = 62
Sending pixel[4307] = 66
Sending pixel[4308] = 70
Sending pixel[4309] = 74
Sending pixel[4310] = 78
Sending pixel[4311] = 82
Sending pixel[4312] = 86
Sending pixel[4313] = 90
Sending pixel[4314] = 94
Sending pixel[4315] = 98
Sending pixel[4316] = 102
Sending pixel[4317] = 105
Sending pixel[4318] = 109
Sending pixel[4319] = 113
Sending pixel[4320] = 117
Sending pixel[4321] = 121
Sending pixel[4322] = 125
Sending pixel[4323] = 129
Sending pixel[4324] = 133
Sending pixel[4325] = 137
Sending pixel[4326] = 141
Sending pixel[4327] = 145
Sending pixel[4328] = 149
Sending pixel[4329] = 153
Sending pixel[4330] = 156
Sending pixel[4331] = 160
Sending pixel[4332] = 164
Sending pixel[4333] = 168
Sending pixel[4334] = 172
Sending pixel[4335] = 176
Sending pixel[4336] = 180
Sending pixel[4337] = 184
Sending pixel[4338] = 188
Sending pixel[4339] = 192
Sending pixel[4340] = 196
Sending pixel[4341] = 200
Sending pixel[4342] = 204
Sending pixel[4343] = 207
Sending pixel[4344] = 211
Sending pixel[4345] = 215
Sending pixel[4346] = 219
Sending pixel[4347] = 223
Sending pixel[4348] = 227
Sending pixel[4349] = 231
Sending pixel[4350] = 235
Sending pixel[4351] = 239
Sending pixel[4352] = 243
Sending pixel[4353] = 247
Sending pixel[4354] = 251
Sending pixel[4355] = 255
Sending pixel[4356] = 0
Sending pixel[4357] = 3
Sending pixel[4358] = 7
Sending pixel[4359] = 11
Sending pixel[4360] = 15
Sending pixel[4361] = 19
Sending pixel[4362] = 23
Sending pixel[4363] = 27
Sending pixel[4364] = 31
Sending pixel[4365] = 35
Sending pixel[4366] = 39
Sending pixel[4367] = 43
Sending pixel[4368] = 47
Sending pixel[4369] = 51
Sending pixel[4370] = 54
Sending pixel[4371] = 58
Sending pixel[4372] = 62
Sending pixel[4373] = 66
Sending pixel[4374] = 70
Sending pixel[4375] = 74
Sending pixel[4376] = 78
Sending pixel[4377] = 82
Sending pixel[4378] = 86
Sending pixel[4379] = 90
Sending pixel[4380] = 94
Sending pixel[4381] = 98
Sending pixel[4382] = 102
Sending pixel[4383] = 105
Sending pixel[4384] = 109
Sending pixel[4385] = 113
Sending pixel[4386] = 117
Sending pixel[4387] = 121
Sending pixel[4388] = 125
Sending pixel[4389] = 129
Sending pixel[4390] = 133
Sending pixel[4391] = 137
Sending pixel[4392] = 141
Sending pixel[4393] = 145
Sending pixel[4394] = 149
Sending pixel[4395] = 153
Sending pixel[4396] = 156
Sending pixel[4397] = 160
Sending pixel[4398] = 164
Sending pixel[4399] = 168
Sending pixel[4400] = 172
Sending pixel[4401] = 176
Sending pixel[4402] = 180
Sending pixel[4403] = 184
Sending pixel[4404] = 188
Sending pixel[4405] = 192
Sending pixel[4406] = 196
Sending pixel[4407] = 200
Sending pixel[4408] = 204
Sending pixel[4409] = 207
Sending pixel[4410] = 211
Sending pixel[4411] = 215
Sending pixel[4412] = 219
Sending pixel[4413] = 223
Sending pixel[4414] = 227
Sending pixel[4415] = 231
Sending pixel[4416] = 235
Sending pixel[4417] = 239
Sending pixel[4418] = 243
Sending pixel[4419] = 247
Sending pixel[4420] = 251
Sending pixel[4421] = 255
Sending pixel[4422] = 0
Sending pixel[4423] = 3
Sending pixel[4424] = 7
Sending pixel[4425] = 11
Sending pixel[4426] = 15
Sending pixel[4427] = 19
Sending pixel[4428] = 23
Sending pixel[4429] = 27
Sending pixel[4430] = 31
Sending pixel[4431] = 35
Sending pixel[4432] = 39
Sending pixel[4433] = 43
Sending pixel[4434] = 47
Sending pixel[4435] = 51
Sending pixel[4436] = 54
Sending pixel[4437] = 58
Sending pixel[4438] = 62
Sending pixel[4439] = 66
Sending pixel[4440] = 70
Sending pixel[4441] = 74
Sending pixel[4442] = 78
Sending pixel[4443] = 82
Sending pixel[4444] = 86
Sending pixel[4445] = 90
Sending pixel[4446] = 94
Sending pixel[4447] = 98
Sending pixel[4448] = 102
Sending pixel[4449] = 105
Sending pixel[4450] = 109
Sending pixel[4451] = 113
Sending pixel[4452] = 117
Sending pixel[4453] = 121
Sending pixel[4454] = 125
Sending pixel[4455] = 129
Sending pixel[4456] = 133
Sending pixel[4457] = 137
Sending pixel[4458] = 141
Sending pixel[4459] = 145
Sending pixel[4460] = 149
Sending pixel[4461] = 153
Sending pixel[4462] = 156
Sending pixel[4463] = 160
Sending pixel[4464] = 164
Sending pixel[4465] = 168
Sending pixel[4466] = 172
Sending pixel[4467] = 176
Sending pixel[4468] = 180
Sending pixel[4469] = 184
Sending pixel[4470] = 188
Sending pixel[4471] = 192
Sending pixel[4472] = 196
Sending pixel[4473] = 200
Sending pixel[4474] = 204
Sending pixel[4475] = 207
Sending pixel[4476] = 211
Sending pixel[4477] = 215
Sending pixel[4478] = 219
Sending pixel[4479] = 223
Sending pixel[4480] = 227
Sending pixel[4481] = 231
Sending pixel[4482] = 235
Sending pixel[4483] = 239
Sending pixel[4484] = 243
Sending pixel[4485] = 247
Sending pixel[4486] = 251
Sending pixel[4487] = 255
Sending pixel[4488] = 0
Sending pixel[4489] = 3
Sending pixel[4490] = 7
Sending pixel[4491] = 11
Sending pixel[4492] = 15
Sending pixel[4493] = 19
Sending pixel[4494] = 23
Sending pixel[4495] = 27
Sending pixel[4496] = 31
Sending pixel[4497] = 35
Sending pixel[4498] = 39
Sending pixel[4499] = 43
Sending pixel[4500] = 47
Sending pixel[4501] = 51
Sending pixel[4502] = 54
Sending pixel[4503] = 58
Sending pixel[4504] = 62
Sending pixel[4505] = 66
Sending pixel[4506] = 70
Sending pixel[4507] = 74
Sending pixel[4508] = 78
Sending pixel[4509] = 82
Sending pixel[4510] = 86
Sending pixel[4511] = 90
Sending pixel[4512] = 94
Sending pixel[4513] = 98
Sending pixel[4514] = 102
Sending pixel[4515] = 105
Sending pixel[4516] = 109
Sending pixel[4517] = 113
Sending pixel[4518] = 117
Sending pixel[4519] = 121
Sending pixel[4520] = 125
Sending pixel[4521] = 129
Sending pixel[4522] = 133
Sending pixel[4523] = 137
Sending pixel[4524] = 141
Sending pixel[4525] = 145
Sending pixel[4526] = 149
Sending pixel[4527] = 153
Sending pixel[4528] = 156
Sending pixel[4529] = 160
Sending pixel[4530] = 164
Sending pixel[4531] = 168
Sending pixel[4532] = 172
Sending pixel[4533] = 176
Sending pixel[4534] = 180
Sending pixel[4535] = 184
Sending pixel[4536] = 188
Sending pixel[4537] = 192
Sending pixel[4538] = 196
Sending pixel[4539] = 200
Sending pixel[4540] = 204
Sending pixel[4541] = 207
Sending pixel[4542] = 211
Sending pixel[4543] = 215
Sending pixel[4544] = 219
Sending pixel[4545] = 223
Sending pixel[4546] = 227
Sending pixel[4547] = 231
Sending pixel[4548] = 235
Sending pixel[4549] = 239
Sending pixel[4550] = 243
Sending pixel[4551] = 247
Sending pixel[4552] = 251
Sending pixel[4553] = 255
Sending pixel[4554] = 0
Sending pixel[4555] = 3
Sending pixel[4556] = 7
Sending pixel[4557] = 11
Sending pixel[4558] = 15
Sending pixel[4559] = 19
Sending pixel[4560] = 23
Sending pixel[4561] = 27
Sending pixel[4562] = 31
Sending pixel[4563] = 35
Sending pixel[4564] = 39
Sending pixel[4565] = 43
Sending pixel[4566] = 47
Sending pixel[4567] = 51
Sending pixel[4568] = 54
Sending pixel[4569] = 58
Sending pixel[4570] = 62
Sending pixel[4571] = 66
Sending pixel[4572] = 70
Sending pixel[4573] = 74
Sending pixel[4574] = 78
Sending pixel[4575] = 82
Sending pixel[4576] = 86
Sending pixel[4577] = 90
Sending pixel[4578] = 94
Sending pixel[4579] = 98
Sending pixel[4580] = 102
Sending pixel[4581] = 105
Sending pixel[4582] = 109
Sending pixel[4583] = 113
Sending pixel[4584] = 117
Sending pixel[4585] = 121
Sending pixel[4586] = 125
Sending pixel[4587] = 129
Sending pixel[4588] = 133
Sending pixel[4589] = 137
Sending pixel[4590] = 141
Sending pixel[4591] = 145
Sending pixel[4592] = 149
Sending pixel[4593] = 153
Sending pixel[4594] = 156
Sending pixel[4595] = 160
Sending pixel[4596] = 164
Sending pixel[4597] = 168
Sending pixel[4598] = 172
Sending pixel[4599] = 176
Sending pixel[4600] = 180
Sending pixel[4601] = 184
Sending pixel[4602] = 188
Sending pixel[4603] = 192
Sending pixel[4604] = 196
Sending pixel[4605] = 200
Sending pixel[4606] = 204
Sending pixel[4607] = 207
Sending pixel[4608] = 211
Sending pixel[4609] = 215
Sending pixel[4610] = 219
Sending pixel[4611] = 223
Sending pixel[4612] = 227
Sending pixel[4613] = 231
Sending pixel[4614] = 235
Sending pixel[4615] = 239
Sending pixel[4616] = 243
Sending pixel[4617] = 247
Sending pixel[4618] = 251
Sending pixel[4619] = 255
Sending pixel[4620] = 0
Sending pixel[4621] = 3
Sending pixel[4622] = 7
Sending pixel[4623] = 11
Sending pixel[4624] = 15
Sending pixel[4625] = 19
Sending pixel[4626] = 23
Sending pixel[4627] = 27
Sending pixel[4628] = 31
Sending pixel[4629] = 35
Sending pixel[4630] = 39
Sending pixel[4631] = 43
Sending pixel[4632] = 47
Sending pixel[4633] = 51
Sending pixel[4634] = 54
Sending pixel[4635] = 58
Sending pixel[4636] = 62
Sending pixel[4637] = 66
Sending pixel[4638] = 70
Sending pixel[4639] = 74
Sending pixel[4640] = 78
Sending pixel[4641] = 82
Sending pixel[4642] = 86
Sending pixel[4643] = 90
Sending pixel[4644] = 94
Sending pixel[4645] = 98
Sending pixel[4646] = 102
Sending pixel[4647] = 105
Sending pixel[4648] = 109
Sending pixel[4649] = 113
Sending pixel[4650] = 117
Sending pixel[4651] = 121
Sending pixel[4652] = 125
Sending pixel[4653] = 129
Sending pixel[4654] = 133
Sending pixel[4655] = 137
Sending pixel[4656] = 141
Sending pixel[4657] = 145
Sending pixel[4658] = 149
Sending pixel[4659] = 153
Sending pixel[4660] = 156
Sending pixel[4661] = 160
Sending pixel[4662] = 164
Sending pixel[4663] = 168
Sending pixel[4664] = 172
Sending pixel[4665] = 176
Sending pixel[4666] = 180
Sending pixel[4667] = 184
Sending pixel[4668] = 188
Sending pixel[4669] = 192
Sending pixel[4670] = 196
Sending pixel[4671] = 200
Sending pixel[4672] = 204
Sending pixel[4673] = 207
Sending pixel[4674] = 211
Sending pixel[4675] = 215
Sending pixel[4676] = 219
Sending pixel[4677] = 223
Sending pixel[4678] = 227
Sending pixel[4679] = 231
Sending pixel[4680] = 235
Sending pixel[4681] = 239
Sending pixel[4682] = 243
Sending pixel[4683] = 247
Sending pixel[4684] = 251
Sending pixel[4685] = 255
Sending pixel[4686] = 0
Sending pixel[4687] = 3
Sending pixel[4688] = 7
Sending pixel[4689] = 11
Sending pixel[4690] = 15
Sending pixel[4691] = 19
Sending pixel[4692] = 23
Sending pixel[4693] = 27
Sending pixel[4694] = 31
Sending pixel[4695] = 35
Sending pixel[4696] = 39
Sending pixel[4697] = 43
Sending pixel[4698] = 47
Sending pixel[4699] = 51
Sending pixel[4700] = 54
Sending pixel[4701] = 58
Sending pixel[4702] = 62
Sending pixel[4703] = 66
Sending pixel[4704] = 70
Sending pixel[4705] = 74
Sending pixel[4706] = 78
Sending pixel[4707] = 82
Sending pixel[4708] = 86
Sending pixel[4709] = 90
Sending pixel[4710] = 94
Sending pixel[4711] = 98
Sending pixel[4712] = 102
Sending pixel[4713] = 105
Sending pixel[4714] = 109
Sending pixel[4715] = 113
Sending pixel[4716] = 117
Sending pixel[4717] = 121
Sending pixel[4718] = 125
Sending pixel[4719] = 129
Sending pixel[4720] = 133
Sending pixel[4721] = 137
Sending pixel[4722] = 141
Sending pixel[4723] = 145
Sending pixel[4724] = 149
Sending pixel[4725] = 153
Sending pixel[4726] = 156
Sending pixel[4727] = 160
Sending pixel[4728] = 164
Sending pixel[4729] = 168
Sending pixel[4730] = 172
Sending pixel[4731] = 176
Sending pixel[4732] = 180
Sending pixel[4733] = 184
Sending pixel[4734] = 188
Sending pixel[4735] = 192
Sending pixel[4736] = 196
Sending pixel[4737] = 200
Sending pixel[4738] = 204
Sending pixel[4739] = 207
Sending pixel[4740] = 211
Sending pixel[4741] = 215
Sending pixel[4742] = 219
Sending pixel[4743] = 223
Sending pixel[4744] = 227
Sending pixel[4745] = 231
Sending pixel[4746] = 235
Sending pixel[4747] = 239
Sending pixel[4748] = 243
Sending pixel[4749] = 247
Sending pixel[4750] = 251
Sending pixel[4751] = 255
Sending pixel[4752] = 0
Sending pixel[4753] = 3
Sending pixel[4754] = 7
Sending pixel[4755] = 11
Sending pixel[4756] = 15
Sending pixel[4757] = 19
Sending pixel[4758] = 23
Sending pixel[4759] = 27
Sending pixel[4760] = 31
Sending pixel[4761] = 35
Sending pixel[4762] = 39
Sending pixel[4763] = 43
Sending pixel[4764] = 47
Sending pixel[4765] = 51
Sending pixel[4766] = 54
Sending pixel[4767] = 58
Sending pixel[4768] = 62
Sending pixel[4769] = 66
Sending pixel[4770] = 70
Sending pixel[4771] = 74
Sending pixel[4772] = 78
Sending pixel[4773] = 82
Sending pixel[4774] = 86
Sending pixel[4775] = 90
Sending pixel[4776] = 94
Sending pixel[4777] = 98
Sending pixel[4778] = 102
Sending pixel[4779] = 105
Sending pixel[4780] = 109
Sending pixel[4781] = 113
Sending pixel[4782] = 117
Sending pixel[4783] = 121
Sending pixel[4784] = 125
Sending pixel[4785] = 129
Sending pixel[4786] = 133
Sending pixel[4787] = 137
Sending pixel[4788] = 141
Sending pixel[4789] = 145
Sending pixel[4790] = 149
Sending pixel[4791] = 153
Sending pixel[4792] = 156
Sending pixel[4793] = 160
Sending pixel[4794] = 164
Sending pixel[4795] = 168
Sending pixel[4796] = 172
Sending pixel[4797] = 176
Sending pixel[4798] = 180
Sending pixel[4799] = 184
Sending pixel[4800] = 188
Sending pixel[4801] = 192
Sending pixel[4802] = 196
Sending pixel[4803] = 200
Sending pixel[4804] = 204
Sending pixel[4805] = 207
Sending pixel[4806] = 211
Sending pixel[4807] = 215
Sending pixel[4808] = 219
Sending pixel[4809] = 223
Sending pixel[4810] = 227
Sending pixel[4811] = 231
Sending pixel[4812] = 235
Sending pixel[4813] = 239
Sending pixel[4814] = 243
Sending pixel[4815] = 247
Sending pixel[4816] = 251
Sending pixel[4817] = 255
Sending pixel[4818] = 0
Sending pixel[4819] = 3
Sending pixel[4820] = 7
Sending pixel[4821] = 11
Sending pixel[4822] = 15
Sending pixel[4823] = 19
Sending pixel[4824] = 23
Sending pixel[4825] = 27
Sending pixel[4826] = 31
Sending pixel[4827] = 35
Sending pixel[4828] = 39
Sending pixel[4829] = 43
Sending pixel[4830] = 47
Sending pixel[4831] = 51
Sending pixel[4832] = 54
Sending pixel[4833] = 58
Sending pixel[4834] = 62
Sending pixel[4835] = 66
Sending pixel[4836] = 70
Sending pixel[4837] = 74
Sending pixel[4838] = 78
Sending pixel[4839] = 82
Sending pixel[4840] = 86
Sending pixel[4841] = 90
Sending pixel[4842] = 94
Sending pixel[4843] = 98
Sending pixel[4844] = 102
Sending pixel[4845] = 105
Sending pixel[4846] = 109
Sending pixel[4847] = 113
Sending pixel[4848] = 117
Sending pixel[4849] = 121
Sending pixel[4850] = 125
Sending pixel[4851] = 129
Sending pixel[4852] = 133
Sending pixel[4853] = 137
Sending pixel[4854] = 141
Sending pixel[4855] = 145
Sending pixel[4856] = 149
Sending pixel[4857] = 153
Sending pixel[4858] = 156
Sending pixel[4859] = 160
Sending pixel[4860] = 164
Sending pixel[4861] = 168
Sending pixel[4862] = 172
Sending pixel[4863] = 176
Sending pixel[4864] = 180
Sending pixel[4865] = 184
Sending pixel[4866] = 188
Sending pixel[4867] = 192
Sending pixel[4868] = 196
Sending pixel[4869] = 200
Sending pixel[4870] = 204
Sending pixel[4871] = 207
Sending pixel[4872] = 211
Sending pixel[4873] = 215
Sending pixel[4874] = 219
Sending pixel[4875] = 223
Sending pixel[4876] = 227
Sending pixel[4877] = 231
Sending pixel[4878] = 235
Sending pixel[4879] = 239
Sending pixel[4880] = 243
Sending pixel[4881] = 247
Sending pixel[4882] = 251
Sending pixel[4883] = 255
Sending pixel[4884] = 0
Sending pixel[4885] = 3
Sending pixel[4886] = 7
Sending pixel[4887] = 11
Sending pixel[4888] = 15
Sending pixel[4889] = 19
Sending pixel[4890] = 23
Sending pixel[4891] = 27
Sending pixel[4892] = 31
Sending pixel[4893] = 35
Sending pixel[4894] = 39
Sending pixel[4895] = 43
Sending pixel[4896] = 47
Sending pixel[4897] = 51
Sending pixel[4898] = 54
Sending pixel[4899] = 58
Sending pixel[4900] = 62
Sending pixel[4901] = 66
Sending pixel[4902] = 70
Sending pixel[4903] = 74
Sending pixel[4904] = 78
Sending pixel[4905] = 82
Sending pixel[4906] = 86
Sending pixel[4907] = 90
Sending pixel[4908] = 94
Sending pixel[4909] = 98
Sending pixel[4910] = 102
Sending pixel[4911] = 105
Sending pixel[4912] = 109
Sending pixel[4913] = 113
Sending pixel[4914] = 117
Sending pixel[4915] = 121
Sending pixel[4916] = 125
Sending pixel[4917] = 129
Sending pixel[4918] = 133
Sending pixel[4919] = 137
Sending pixel[4920] = 141
Sending pixel[4921] = 145
Sending pixel[4922] = 149
Sending pixel[4923] = 153
Sending pixel[4924] = 156
Sending pixel[4925] = 160
Sending pixel[4926] = 164
Sending pixel[4927] = 168
Sending pixel[4928] = 172
Sending pixel[4929] = 176
Sending pixel[4930] = 180
Sending pixel[4931] = 184
Sending pixel[4932] = 188
Sending pixel[4933] = 192
Sending pixel[4934] = 196
Sending pixel[4935] = 200
Sending pixel[4936] = 204
Sending pixel[4937] = 207
Sending pixel[4938] = 211
Sending pixel[4939] = 215
Sending pixel[4940] = 219
Sending pixel[4941] = 223
Sending pixel[4942] = 227
Sending pixel[4943] = 231
Sending pixel[4944] = 235
Sending pixel[4945] = 239
Sending pixel[4946] = 243
Sending pixel[4947] = 247
Sending pixel[4948] = 251
Sending pixel[4949] = 255
Sending pixel[4950] = 0
Sending pixel[4951] = 3
Sending pixel[4952] = 7
Sending pixel[4953] = 11
Sending pixel[4954] = 15
Sending pixel[4955] = 19
Sending pixel[4956] = 23
Sending pixel[4957] = 27
Sending pixel[4958] = 31
Sending pixel[4959] = 35
Sending pixel[4960] = 39
Sending pixel[4961] = 43
Sending pixel[4962] = 47
Sending pixel[4963] = 51
Sending pixel[4964] = 54
Sending pixel[4965] = 58
Sending pixel[4966] = 62
Sending pixel[4967] = 66
Sending pixel[4968] = 70
Sending pixel[4969] = 74
Sending pixel[4970] = 78
Sending pixel[4971] = 82
Sending pixel[4972] = 86
Sending pixel[4973] = 90
Sending pixel[4974] = 94
Sending pixel[4975] = 98
Sending pixel[4976] = 102
Sending pixel[4977] = 105
Sending pixel[4978] = 109
Sending pixel[4979] = 113
Sending pixel[4980] = 117
Sending pixel[4981] = 121
Sending pixel[4982] = 125
Sending pixel[4983] = 129
Sending pixel[4984] = 133
Sending pixel[4985] = 137
Sending pixel[4986] = 141
Sending pixel[4987] = 145
Sending pixel[4988] = 149
Sending pixel[4989] = 153
Sending pixel[4990] = 156
Sending pixel[4991] = 160
Sending pixel[4992] = 164
Sending pixel[4993] = 168
Sending pixel[4994] = 172
Sending pixel[4995] = 176
Sending pixel[4996] = 180
Sending pixel[4997] = 184
Sending pixel[4998] = 188
Sending pixel[4999] = 192
Sending pixel[5000] = 196
Sending pixel[5001] = 200
Sending pixel[5002] = 204
Sending pixel[5003] = 207
Sending pixel[5004] = 211
Sending pixel[5005] = 215
Sending pixel[5006] = 219
Sending pixel[5007] = 223
Sending pixel[5008] = 227
Sending pixel[5009] = 231
Sending pixel[5010] = 235
Sending pixel[5011] = 239
Sending pixel[5012] = 243
Sending pixel[5013] = 247
Sending pixel[5014] = 251
Sending pixel[5015] = 255
Sending pixel[5016] = 0
Sending pixel[5017] = 3
Sending pixel[5018] = 7
Sending pixel[5019] = 11
Sending pixel[5020] = 15
Sending pixel[5021] = 19
Sending pixel[5022] = 23
Sending pixel[5023] = 27
Sending pixel[5024] = 31
Sending pixel[5025] = 35
Sending pixel[5026] = 39
Sending pixel[5027] = 43
Sending pixel[5028] = 47
Sending pixel[5029] = 51
Sending pixel[5030] = 54
Sending pixel[5031] = 58
Sending pixel[5032] = 62
Sending pixel[5033] = 66
Sending pixel[5034] = 70
Sending pixel[5035] = 74
Sending pixel[5036] = 78
Sending pixel[5037] = 82
Sending pixel[5038] = 86
Sending pixel[5039] = 90
Sending pixel[5040] = 94
Sending pixel[5041] = 98
Sending pixel[5042] = 102
Sending pixel[5043] = 105
Sending pixel[5044] = 109
Sending pixel[5045] = 113
Sending pixel[5046] = 117
Sending pixel[5047] = 121
Sending pixel[5048] = 125
Sending pixel[5049] = 129
Sending pixel[5050] = 133
Sending pixel[5051] = 137
Sending pixel[5052] = 141
Sending pixel[5053] = 145
Sending pixel[5054] = 149
Sending pixel[5055] = 153
Sending pixel[5056] = 156
Sending pixel[5057] = 160
Sending pixel[5058] = 164
Sending pixel[5059] = 168
Sending pixel[5060] = 172
Sending pixel[5061] = 176
Sending pixel[5062] = 180
Sending pixel[5063] = 184
Sending pixel[5064] = 188
Sending pixel[5065] = 192
Sending pixel[5066] = 196
Sending pixel[5067] = 200
Sending pixel[5068] = 204
Sending pixel[5069] = 207
Sending pixel[5070] = 211
Sending pixel[5071] = 215
Sending pixel[5072] = 219
Sending pixel[5073] = 223
Sending pixel[5074] = 227
Sending pixel[5075] = 231
Sending pixel[5076] = 235
Sending pixel[5077] = 239
Sending pixel[5078] = 243
Sending pixel[5079] = 247
Sending pixel[5080] = 251
Sending pixel[5081] = 255
Sending pixel[5082] = 0
Sending pixel[5083] = 3
Sending pixel[5084] = 7
Sending pixel[5085] = 11
Sending pixel[5086] = 15
Sending pixel[5087] = 19
Sending pixel[5088] = 23
Sending pixel[5089] = 27
Sending pixel[5090] = 31
Sending pixel[5091] = 35
Sending pixel[5092] = 39
Sending pixel[5093] = 43
Sending pixel[5094] = 47
Sending pixel[5095] = 51
Sending pixel[5096] = 54
Sending pixel[5097] = 58
Sending pixel[5098] = 62
Sending pixel[5099] = 66
Sending pixel[5100] = 70
Sending pixel[5101] = 74
Sending pixel[5102] = 78
Sending pixel[5103] = 82
Sending pixel[5104] = 86
Sending pixel[5105] = 90
Sending pixel[5106] = 94
Sending pixel[5107] = 98
Sending pixel[5108] = 102
Sending pixel[5109] = 105
Sending pixel[5110] = 109
Sending pixel[5111] = 113
Sending pixel[5112] = 117
Sending pixel[5113] = 121
Sending pixel[5114] = 125
Sending pixel[5115] = 129
Sending pixel[5116] = 133
Sending pixel[5117] = 137
Sending pixel[5118] = 141
Sending pixel[5119] = 145
Sending pixel[5120] = 149
Sending pixel[5121] = 153
Sending pixel[5122] = 156
Sending pixel[5123] = 160
Sending pixel[5124] = 164
Sending pixel[5125] = 168
Sending pixel[5126] = 172
Sending pixel[5127] = 176
Sending pixel[5128] = 180
Sending pixel[5129] = 184
Sending pixel[5130] = 188
Sending pixel[5131] = 192
Sending pixel[5132] = 196
Sending pixel[5133] = 200
Sending pixel[5134] = 204
Sending pixel[5135] = 207
Sending pixel[5136] = 211
Sending pixel[5137] = 215
Sending pixel[5138] = 219
Sending pixel[5139] = 223
Sending pixel[5140] = 227
Sending pixel[5141] = 231
Sending pixel[5142] = 235
Sending pixel[5143] = 239
Sending pixel[5144] = 243
Sending pixel[5145] = 247
Sending pixel[5146] = 251
Sending pixel[5147] = 255
Sending pixel[5148] = 0
Sending pixel[5149] = 3
Sending pixel[5150] = 7
Sending pixel[5151] = 11
Sending pixel[5152] = 15
Sending pixel[5153] = 19
Sending pixel[5154] = 23
Sending pixel[5155] = 27
Sending pixel[5156] = 31
Sending pixel[5157] = 35
Sending pixel[5158] = 39
Sending pixel[5159] = 43
Sending pixel[5160] = 47
Sending pixel[5161] = 51
Sending pixel[5162] = 54
Sending pixel[5163] = 58
Sending pixel[5164] = 62
Sending pixel[5165] = 66
Sending pixel[5166] = 70
Sending pixel[5167] = 74
Sending pixel[5168] = 78
Sending pixel[5169] = 82
Sending pixel[5170] = 86
Sending pixel[5171] = 90
Sending pixel[5172] = 94
Sending pixel[5173] = 98
Sending pixel[5174] = 102
Sending pixel[5175] = 105
Sending pixel[5176] = 109
Sending pixel[5177] = 113
Sending pixel[5178] = 117
Sending pixel[5179] = 121
Sending pixel[5180] = 125
Sending pixel[5181] = 129
Sending pixel[5182] = 133
Sending pixel[5183] = 137
Sending pixel[5184] = 141
Sending pixel[5185] = 145
Sending pixel[5186] = 149
Sending pixel[5187] = 153
Sending pixel[5188] = 156
Sending pixel[5189] = 160
Sending pixel[5190] = 164
Sending pixel[5191] = 168
Sending pixel[5192] = 172
Sending pixel[5193] = 176
Sending pixel[5194] = 180
Sending pixel[5195] = 184
Sending pixel[5196] = 188
Sending pixel[5197] = 192
Sending pixel[5198] = 196
Sending pixel[5199] = 200
Sending pixel[5200] = 204
Sending pixel[5201] = 207
Sending pixel[5202] = 211
Sending pixel[5203] = 215
Sending pixel[5204] = 219
Sending pixel[5205] = 223
Sending pixel[5206] = 227
Sending pixel[5207] = 231
Sending pixel[5208] = 235
Sending pixel[5209] = 239
Sending pixel[5210] = 243
Sending pixel[5211] = 247
Sending pixel[5212] = 251
Sending pixel[5213] = 255
Sending pixel[5214] = 0
Sending pixel[5215] = 3
Sending pixel[5216] = 7
Sending pixel[5217] = 11
Sending pixel[5218] = 15
Sending pixel[5219] = 19
Sending pixel[5220] = 23
Sending pixel[5221] = 27
Sending pixel[5222] = 31
Sending pixel[5223] = 35
Sending pixel[5224] = 39
Sending pixel[5225] = 43
Sending pixel[5226] = 47
Sending pixel[5227] = 51
Sending pixel[5228] = 54
Sending pixel[5229] = 58
Sending pixel[5230] = 62
Sending pixel[5231] = 66
Sending pixel[5232] = 70
Sending pixel[5233] = 74
Sending pixel[5234] = 78
Sending pixel[5235] = 82
Sending pixel[5236] = 86
Sending pixel[5237] = 90
Sending pixel[5238] = 94
Sending pixel[5239] = 98
Sending pixel[5240] = 102
Sending pixel[5241] = 105
Sending pixel[5242] = 109
Sending pixel[5243] = 113
Sending pixel[5244] = 117
Sending pixel[5245] = 121
Sending pixel[5246] = 125
Sending pixel[5247] = 129
Sending pixel[5248] = 133
Sending pixel[5249] = 137
Sending pixel[5250] = 141
Sending pixel[5251] = 145
Sending pixel[5252] = 149
Sending pixel[5253] = 153
Sending pixel[5254] = 156
Sending pixel[5255] = 160
Sending pixel[5256] = 164
Sending pixel[5257] = 168
Sending pixel[5258] = 172
Sending pixel[5259] = 176
Sending pixel[5260] = 180
Sending pixel[5261] = 184
Sending pixel[5262] = 188
Sending pixel[5263] = 192
Sending pixel[5264] = 196
Sending pixel[5265] = 200
Sending pixel[5266] = 204
Sending pixel[5267] = 207
Sending pixel[5268] = 211
Sending pixel[5269] = 215
Sending pixel[5270] = 219
Sending pixel[5271] = 223
Sending pixel[5272] = 227
Sending pixel[5273] = 231
Sending pixel[5274] = 235
Sending pixel[5275] = 239
Sending pixel[5276] = 243
Sending pixel[5277] = 247
Sending pixel[5278] = 251
Sending pixel[5279] = 255
Sending pixel[5280] = 0
Sending pixel[5281] = 3
Sending pixel[5282] = 7
Sending pixel[5283] = 11
Sending pixel[5284] = 15
Sending pixel[5285] = 19
Sending pixel[5286] = 23
Sending pixel[5287] = 27
Sending pixel[5288] = 31
Sending pixel[5289] = 35
Sending pixel[5290] = 39
Sending pixel[5291] = 43
Sending pixel[5292] = 47
Sending pixel[5293] = 51
Sending pixel[5294] = 54
Sending pixel[5295] = 58
Sending pixel[5296] = 62
Sending pixel[5297] = 66
Sending pixel[5298] = 70
Sending pixel[5299] = 74
Sending pixel[5300] = 78
Sending pixel[5301] = 82
Sending pixel[5302] = 86
Sending pixel[5303] = 90
Sending pixel[5304] = 94
Sending pixel[5305] = 98
Sending pixel[5306] = 102
Sending pixel[5307] = 105
Sending pixel[5308] = 109
Sending pixel[5309] = 113
Sending pixel[5310] = 117
Sending pixel[5311] = 121
Sending pixel[5312] = 125
Sending pixel[5313] = 129
Sending pixel[5314] = 133
Sending pixel[5315] = 137
Sending pixel[5316] = 141
Sending pixel[5317] = 145
Sending pixel[5318] = 149
Sending pixel[5319] = 153
Sending pixel[5320] = 156
Sending pixel[5321] = 160
Sending pixel[5322] = 164
Sending pixel[5323] = 168
Sending pixel[5324] = 172
Sending pixel[5325] = 176
Sending pixel[5326] = 180
Sending pixel[5327] = 184
Sending pixel[5328] = 188
Sending pixel[5329] = 192
Sending pixel[5330] = 196
Sending pixel[5331] = 200
Sending pixel[5332] = 204
Sending pixel[5333] = 207
Sending pixel[5334] = 211
Sending pixel[5335] = 215
Sending pixel[5336] = 219
Sending pixel[5337] = 223
Sending pixel[5338] = 227
Sending pixel[5339] = 231
Sending pixel[5340] = 235
Sending pixel[5341] = 239
Sending pixel[5342] = 243
Sending pixel[5343] = 247
Sending pixel[5344] = 251
Sending pixel[5345] = 255
Sending pixel[5346] = 0
Sending pixel[5347] = 3
Sending pixel[5348] = 7
Sending pixel[5349] = 11
Sending pixel[5350] = 15
Sending pixel[5351] = 19
Sending pixel[5352] = 23
Sending pixel[5353] = 27
Sending pixel[5354] = 31
Sending pixel[5355] = 35
Sending pixel[5356] = 39
Sending pixel[5357] = 43
Sending pixel[5358] = 47
Sending pixel[5359] = 51
Sending pixel[5360] = 54
Sending pixel[5361] = 58
Sending pixel[5362] = 62
Sending pixel[5363] = 66
Sending pixel[5364] = 70
Sending pixel[5365] = 74
Sending pixel[5366] = 78
Sending pixel[5367] = 82
Sending pixel[5368] = 86
Sending pixel[5369] = 90
Sending pixel[5370] = 94
Sending pixel[5371] = 98
Sending pixel[5372] = 102
Sending pixel[5373] = 105
Sending pixel[5374] = 109
Sending pixel[5375] = 113
Sending pixel[5376] = 117
Sending pixel[5377] = 121
Sending pixel[5378] = 125
Sending pixel[5379] = 129
Sending pixel[5380] = 133
Sending pixel[5381] = 137
Sending pixel[5382] = 141
Sending pixel[5383] = 145
Sending pixel[5384] = 149
Sending pixel[5385] = 153
Sending pixel[5386] = 156
Sending pixel[5387] = 160
Sending pixel[5388] = 164
Sending pixel[5389] = 168
Sending pixel[5390] = 172
Sending pixel[5391] = 176
Sending pixel[5392] = 180
Sending pixel[5393] = 184
Sending pixel[5394] = 188
Sending pixel[5395] = 192
Sending pixel[5396] = 196
Sending pixel[5397] = 200
Sending pixel[5398] = 204
Sending pixel[5399] = 207
Sending pixel[5400] = 211
Sending pixel[5401] = 215
Sending pixel[5402] = 219
Sending pixel[5403] = 223
Sending pixel[5404] = 227
Sending pixel[5405] = 231
Sending pixel[5406] = 235
Sending pixel[5407] = 239
Sending pixel[5408] = 243
Sending pixel[5409] = 247
Sending pixel[5410] = 251
Sending pixel[5411] = 255
Sending pixel[5412] = 0
Sending pixel[5413] = 3
Sending pixel[5414] = 7
Sending pixel[5415] = 11
Sending pixel[5416] = 15
Sending pixel[5417] = 19
Sending pixel[5418] = 23
Sending pixel[5419] = 27
Sending pixel[5420] = 31
Sending pixel[5421] = 35
Sending pixel[5422] = 39
Sending pixel[5423] = 43
Sending pixel[5424] = 47
Sending pixel[5425] = 51
Sending pixel[5426] = 54
Sending pixel[5427] = 58
Sending pixel[5428] = 62
Sending pixel[5429] = 66
Sending pixel[5430] = 70
Sending pixel[5431] = 74
Sending pixel[5432] = 78
Sending pixel[5433] = 82
Sending pixel[5434] = 86
Sending pixel[5435] = 90
Sending pixel[5436] = 94
Sending pixel[5437] = 98
Sending pixel[5438] = 102
Sending pixel[5439] = 105
Sending pixel[5440] = 109
Sending pixel[5441] = 113
Sending pixel[5442] = 117
Sending pixel[5443] = 121
Sending pixel[5444] = 125
Sending pixel[5445] = 129
Sending pixel[5446] = 133
Sending pixel[5447] = 137
Sending pixel[5448] = 141
Sending pixel[5449] = 145
Sending pixel[5450] = 149
Sending pixel[5451] = 153
Sending pixel[5452] = 156
Sending pixel[5453] = 160
Sending pixel[5454] = 164
Sending pixel[5455] = 168
Sending pixel[5456] = 172
Sending pixel[5457] = 176
Sending pixel[5458] = 180
Sending pixel[5459] = 184
Sending pixel[5460] = 188
Sending pixel[5461] = 192
Sending pixel[5462] = 196
Sending pixel[5463] = 200
Sending pixel[5464] = 204
Sending pixel[5465] = 207
Sending pixel[5466] = 211
Sending pixel[5467] = 215
Sending pixel[5468] = 219
Sending pixel[5469] = 223
Sending pixel[5470] = 227
Sending pixel[5471] = 231
Sending pixel[5472] = 235
Sending pixel[5473] = 239
Sending pixel[5474] = 243
Sending pixel[5475] = 247
Sending pixel[5476] = 251
Sending pixel[5477] = 255
Sending pixel[5478] = 0
Sending pixel[5479] = 3
Sending pixel[5480] = 7
Sending pixel[5481] = 11
Sending pixel[5482] = 15
Sending pixel[5483] = 19
Sending pixel[5484] = 23
Sending pixel[5485] = 27
Sending pixel[5486] = 31
Sending pixel[5487] = 35
Sending pixel[5488] = 39
Sending pixel[5489] = 43
Sending pixel[5490] = 47
Sending pixel[5491] = 51
Sending pixel[5492] = 54
Sending pixel[5493] = 58
Sending pixel[5494] = 62
Sending pixel[5495] = 66
Sending pixel[5496] = 70
Sending pixel[5497] = 74
Sending pixel[5498] = 78
Sending pixel[5499] = 82
Sending pixel[5500] = 86
Sending pixel[5501] = 90
Sending pixel[5502] = 94
Sending pixel[5503] = 98
Sending pixel[5504] = 102
Sending pixel[5505] = 105
Sending pixel[5506] = 109
Sending pixel[5507] = 113
Sending pixel[5508] = 117
Sending pixel[5509] = 121
Sending pixel[5510] = 125
Sending pixel[5511] = 129
Sending pixel[5512] = 133
Sending pixel[5513] = 137
Sending pixel[5514] = 141
Sending pixel[5515] = 145
Sending pixel[5516] = 149
Sending pixel[5517] = 153
Sending pixel[5518] = 156
Sending pixel[5519] = 160
Sending pixel[5520] = 164
Sending pixel[5521] = 168
Sending pixel[5522] = 172
Sending pixel[5523] = 176
Sending pixel[5524] = 180
Sending pixel[5525] = 184
Sending pixel[5526] = 188
Sending pixel[5527] = 192
Sending pixel[5528] = 196
Sending pixel[5529] = 200
Sending pixel[5530] = 204
Sending pixel[5531] = 207
Sending pixel[5532] = 211
Sending pixel[5533] = 215
Sending pixel[5534] = 219
Sending pixel[5535] = 223
Sending pixel[5536] = 227
Sending pixel[5537] = 231
Sending pixel[5538] = 235
Sending pixel[5539] = 239
Sending pixel[5540] = 243
Sending pixel[5541] = 247
Sending pixel[5542] = 251
Sending pixel[5543] = 255
Sending pixel[5544] = 0
Sending pixel[5545] = 3
Sending pixel[5546] = 7
Sending pixel[5547] = 11
Sending pixel[5548] = 15
Sending pixel[5549] = 19
Sending pixel[5550] = 23
Sending pixel[5551] = 27
Sending pixel[5552] = 31
Sending pixel[5553] = 35
Sending pixel[5554] = 39
Sending pixel[5555] = 43
Sending pixel[5556] = 47
Sending pixel[5557] = 51
Sending pixel[5558] = 54
Sending pixel[5559] = 58
Sending pixel[5560] = 62
Sending pixel[5561] = 66
Sending pixel[5562] = 70
Sending pixel[5563] = 74
Sending pixel[5564] = 78
Sending pixel[5565] = 82
Sending pixel[5566] = 86
Sending pixel[5567] = 90
Sending pixel[5568] = 94
Sending pixel[5569] = 98
Sending pixel[5570] = 102
Sending pixel[5571] = 105
Sending pixel[5572] = 109
Sending pixel[5573] = 113
Sending pixel[5574] = 117
Sending pixel[5575] = 121
Sending pixel[5576] = 125
Sending pixel[5577] = 129
Sending pixel[5578] = 133
Sending pixel[5579] = 137
Sending pixel[5580] = 141
Sending pixel[5581] = 145
Sending pixel[5582] = 149
Sending pixel[5583] = 153
Sending pixel[5584] = 156
Sending pixel[5585] = 160
Sending pixel[5586] = 164
Sending pixel[5587] = 168
Sending pixel[5588] = 172
Sending pixel[5589] = 176
Sending pixel[5590] = 180
Sending pixel[5591] = 184
Sending pixel[5592] = 188
Sending pixel[5593] = 192
Sending pixel[5594] = 196
Sending pixel[5595] = 200
Sending pixel[5596] = 204
Sending pixel[5597] = 207
Sending pixel[5598] = 211
Sending pixel[5599] = 215
Sending pixel[5600] = 219
Sending pixel[5601] = 223
Sending pixel[5602] = 227
Sending pixel[5603] = 231
Sending pixel[5604] = 235
Sending pixel[5605] = 239
Sending pixel[5606] = 243
Sending pixel[5607] = 247
Sending pixel[5608] = 251
Sending pixel[5609] = 255
Sending pixel[5610] = 0
Sending pixel[5611] = 3
Sending pixel[5612] = 7
Sending pixel[5613] = 11
Sending pixel[5614] = 15
Sending pixel[5615] = 19
Sending pixel[5616] = 23
Sending pixel[5617] = 27
Sending pixel[5618] = 31
Sending pixel[5619] = 35
Sending pixel[5620] = 39
Sending pixel[5621] = 43
Sending pixel[5622] = 47
Sending pixel[5623] = 51
Sending pixel[5624] = 54
Sending pixel[5625] = 58
Sending pixel[5626] = 62
Sending pixel[5627] = 66
Sending pixel[5628] = 70
Sending pixel[5629] = 74
Sending pixel[5630] = 78
Sending pixel[5631] = 82
Sending pixel[5632] = 86
Sending pixel[5633] = 90
Sending pixel[5634] = 94
Sending pixel[5635] = 98
Sending pixel[5636] = 102
Sending pixel[5637] = 105
Sending pixel[5638] = 109
Sending pixel[5639] = 113
Sending pixel[5640] = 117
Sending pixel[5641] = 121
Sending pixel[5642] = 125
Sending pixel[5643] = 129
Sending pixel[5644] = 133
Sending pixel[5645] = 137
Sending pixel[5646] = 141
Sending pixel[5647] = 145
Sending pixel[5648] = 149
Sending pixel[5649] = 153
Sending pixel[5650] = 156
Sending pixel[5651] = 160
Sending pixel[5652] = 164
Sending pixel[5653] = 168
Sending pixel[5654] = 172
Sending pixel[5655] = 176
Sending pixel[5656] = 180
Sending pixel[5657] = 184
Sending pixel[5658] = 188
Sending pixel[5659] = 192
Sending pixel[5660] = 196
Sending pixel[5661] = 200
Sending pixel[5662] = 204
Sending pixel[5663] = 207
Sending pixel[5664] = 211
Sending pixel[5665] = 215
Sending pixel[5666] = 219
Sending pixel[5667] = 223
Sending pixel[5668] = 227
Sending pixel[5669] = 231
Sending pixel[5670] = 235
Sending pixel[5671] = 239
Sending pixel[5672] = 243
Sending pixel[5673] = 247
Sending pixel[5674] = 251
Sending pixel[5675] = 255
Sending pixel[5676] = 0
Sending pixel[5677] = 3
Sending pixel[5678] = 7
Sending pixel[5679] = 11
Sending pixel[5680] = 15
Sending pixel[5681] = 19
Sending pixel[5682] = 23
Sending pixel[5683] = 27
Sending pixel[5684] = 31
Sending pixel[5685] = 35
Sending pixel[5686] = 39
Sending pixel[5687] = 43
Sending pixel[5688] = 47
Sending pixel[5689] = 51
Sending pixel[5690] = 54
Sending pixel[5691] = 58
Sending pixel[5692] = 62
Sending pixel[5693] = 66
Sending pixel[5694] = 70
Sending pixel[5695] = 74
Sending pixel[5696] = 78
Sending pixel[5697] = 82
Sending pixel[5698] = 86
Sending pixel[5699] = 90
Sending pixel[5700] = 94
Sending pixel[5701] = 98
Sending pixel[5702] = 102
Sending pixel[5703] = 105
Sending pixel[5704] = 109
Sending pixel[5705] = 113
Sending pixel[5706] = 117
Sending pixel[5707] = 121
Sending pixel[5708] = 125
Sending pixel[5709] = 129
Sending pixel[5710] = 133
Sending pixel[5711] = 137
Sending pixel[5712] = 141
Sending pixel[5713] = 145
Sending pixel[5714] = 149
Sending pixel[5715] = 153
Sending pixel[5716] = 156
Sending pixel[5717] = 160
Sending pixel[5718] = 164
Sending pixel[5719] = 168
Sending pixel[5720] = 172
Sending pixel[5721] = 176
Sending pixel[5722] = 180
Sending pixel[5723] = 184
Sending pixel[5724] = 188
Sending pixel[5725] = 192
Sending pixel[5726] = 196
Sending pixel[5727] = 200
Sending pixel[5728] = 204
Sending pixel[5729] = 207
Sending pixel[5730] = 211
Sending pixel[5731] = 215
Sending pixel[5732] = 219
Sending pixel[5733] = 223
Sending pixel[5734] = 227
Sending pixel[5735] = 231
Sending pixel[5736] = 235
Sending pixel[5737] = 239
Sending pixel[5738] = 243
Sending pixel[5739] = 247
Sending pixel[5740] = 251
Sending pixel[5741] = 255
Sending pixel[5742] = 0
Sending pixel[5743] = 3
Sending pixel[5744] = 7
Sending pixel[5745] = 11
Sending pixel[5746] = 15
Sending pixel[5747] = 19
Sending pixel[5748] = 23
Sending pixel[5749] = 27
Sending pixel[5750] = 31
Sending pixel[5751] = 35
Sending pixel[5752] = 39
Sending pixel[5753] = 43
Sending pixel[5754] = 47
Sending pixel[5755] = 51
Sending pixel[5756] = 54
Sending pixel[5757] = 58
Sending pixel[5758] = 62
Sending pixel[5759] = 66
Sending pixel[5760] = 70
Sending pixel[5761] = 74
Sending pixel[5762] = 78
Sending pixel[5763] = 82
Sending pixel[5764] = 86
Sending pixel[5765] = 90
Sending pixel[5766] = 94
Sending pixel[5767] = 98
Sending pixel[5768] = 102
Sending pixel[5769] = 105
Sending pixel[5770] = 109
Sending pixel[5771] = 113
Sending pixel[5772] = 117
Sending pixel[5773] = 121
Sending pixel[5774] = 125
Sending pixel[5775] = 129
Sending pixel[5776] = 133
Sending pixel[5777] = 137
Sending pixel[5778] = 141
Sending pixel[5779] = 145
Sending pixel[5780] = 149
Sending pixel[5781] = 153
Sending pixel[5782] = 156
Sending pixel[5783] = 160
Sending pixel[5784] = 164
Sending pixel[5785] = 168
Sending pixel[5786] = 172
Sending pixel[5787] = 176
Sending pixel[5788] = 180
Sending pixel[5789] = 184
Sending pixel[5790] = 188
Sending pixel[5791] = 192
Sending pixel[5792] = 196
Sending pixel[5793] = 200
Sending pixel[5794] = 204
Sending pixel[5795] = 207
Sending pixel[5796] = 211
Sending pixel[5797] = 215
Sending pixel[5798] = 219
Sending pixel[5799] = 223
Sending pixel[5800] = 227
Sending pixel[5801] = 231
Sending pixel[5802] = 235
Sending pixel[5803] = 239
Sending pixel[5804] = 243
Sending pixel[5805] = 247
Sending pixel[5806] = 251
Sending pixel[5807] = 255
Sending pixel[5808] = 0
Sending pixel[5809] = 3
Sending pixel[5810] = 7
Sending pixel[5811] = 11
Sending pixel[5812] = 15
Sending pixel[5813] = 19
Sending pixel[5814] = 23
Sending pixel[5815] = 27
Sending pixel[5816] = 31
Sending pixel[5817] = 35
Sending pixel[5818] = 39
Sending pixel[5819] = 43
Sending pixel[5820] = 47
Sending pixel[5821] = 51
Sending pixel[5822] = 54
Sending pixel[5823] = 58
Sending pixel[5824] = 62
Sending pixel[5825] = 66
Sending pixel[5826] = 70
Sending pixel[5827] = 74
Sending pixel[5828] = 78
Sending pixel[5829] = 82
Sending pixel[5830] = 86
Sending pixel[5831] = 90
Sending pixel[5832] = 94
Sending pixel[5833] = 98
Sending pixel[5834] = 102
Sending pixel[5835] = 105
Sending pixel[5836] = 109
Sending pixel[5837] = 113
Sending pixel[5838] = 117
Sending pixel[5839] = 121
Sending pixel[5840] = 125
Sending pixel[5841] = 129
Sending pixel[5842] = 133
Sending pixel[5843] = 137
Sending pixel[5844] = 141
Sending pixel[5845] = 145
Sending pixel[5846] = 149
Sending pixel[5847] = 153
Sending pixel[5848] = 156
Sending pixel[5849] = 160
Sending pixel[5850] = 164
Sending pixel[5851] = 168
Sending pixel[5852] = 172
Sending pixel[5853] = 176
Sending pixel[5854] = 180
Sending pixel[5855] = 184
Sending pixel[5856] = 188
Sending pixel[5857] = 192
Sending pixel[5858] = 196
Sending pixel[5859] = 200
Sending pixel[5860] = 204
Sending pixel[5861] = 207
Sending pixel[5862] = 211
Sending pixel[5863] = 215
Sending pixel[5864] = 219
Sending pixel[5865] = 223
Sending pixel[5866] = 227
Sending pixel[5867] = 231
Sending pixel[5868] = 235
Sending pixel[5869] = 239
Sending pixel[5870] = 243
Sending pixel[5871] = 247
Sending pixel[5872] = 251
Sending pixel[5873] = 255
Sending pixel[5874] = 0
Sending pixel[5875] = 3
Sending pixel[5876] = 7
Sending pixel[5877] = 11
Sending pixel[5878] = 15
Sending pixel[5879] = 19
Sending pixel[5880] = 23
Sending pixel[5881] = 27
Sending pixel[5882] = 31
Sending pixel[5883] = 35
Sending pixel[5884] = 39
Sending pixel[5885] = 43
Sending pixel[5886] = 47
Sending pixel[5887] = 51
Sending pixel[5888] = 54
Sending pixel[5889] = 58
Sending pixel[5890] = 62
Sending pixel[5891] = 66
Sending pixel[5892] = 70
Sending pixel[5893] = 74
Sending pixel[5894] = 78
Sending pixel[5895] = 82
Sending pixel[5896] = 86
Sending pixel[5897] = 90
Sending pixel[5898] = 94
Sending pixel[5899] = 98
Sending pixel[5900] = 102
Sending pixel[5901] = 105
Sending pixel[5902] = 109
Sending pixel[5903] = 113
Sending pixel[5904] = 117
Sending pixel[5905] = 121
Sending pixel[5906] = 125
Sending pixel[5907] = 129
Sending pixel[5908] = 133
Sending pixel[5909] = 137
Sending pixel[5910] = 141
Sending pixel[5911] = 145
Sending pixel[5912] = 149
Sending pixel[5913] = 153
Sending pixel[5914] = 156
Sending pixel[5915] = 160
Sending pixel[5916] = 164
Sending pixel[5917] = 168
Sending pixel[5918] = 172
Sending pixel[5919] = 176
Sending pixel[5920] = 180
Sending pixel[5921] = 184
Sending pixel[5922] = 188
Sending pixel[5923] = 192
Sending pixel[5924] = 196
Sending pixel[5925] = 200
Sending pixel[5926] = 204
Sending pixel[5927] = 207
Sending pixel[5928] = 211
Sending pixel[5929] = 215
Sending pixel[5930] = 219
Sending pixel[5931] = 223
Sending pixel[5932] = 227
Sending pixel[5933] = 231
Sending pixel[5934] = 235
Sending pixel[5935] = 239
Sending pixel[5936] = 243
Sending pixel[5937] = 247
Sending pixel[5938] = 251
Sending pixel[5939] = 255
Sending pixel[5940] = 0
Sending pixel[5941] = 3
Sending pixel[5942] = 7
Sending pixel[5943] = 11
Sending pixel[5944] = 15
Sending pixel[5945] = 19
Sending pixel[5946] = 23
Sending pixel[5947] = 27
Sending pixel[5948] = 31
Sending pixel[5949] = 35
Sending pixel[5950] = 39
Sending pixel[5951] = 43
Sending pixel[5952] = 47
Sending pixel[5953] = 51
Sending pixel[5954] = 54
Sending pixel[5955] = 58
Sending pixel[5956] = 62
Sending pixel[5957] = 66
Sending pixel[5958] = 70
Sending pixel[5959] = 74
Sending pixel[5960] = 78
Sending pixel[5961] = 82
Sending pixel[5962] = 86
Sending pixel[5963] = 90
Sending pixel[5964] = 94
Sending pixel[5965] = 98
Sending pixel[5966] = 102
Sending pixel[5967] = 105
Sending pixel[5968] = 109
Sending pixel[5969] = 113
Sending pixel[5970] = 117
Sending pixel[5971] = 121
Sending pixel[5972] = 125
Sending pixel[5973] = 129
Sending pixel[5974] = 133
Sending pixel[5975] = 137
Sending pixel[5976] = 141
Sending pixel[5977] = 145
Sending pixel[5978] = 149
Sending pixel[5979] = 153
Sending pixel[5980] = 156
Sending pixel[5981] = 160
Sending pixel[5982] = 164
Sending pixel[5983] = 168
Sending pixel[5984] = 172
Sending pixel[5985] = 176
Sending pixel[5986] = 180
Sending pixel[5987] = 184
Sending pixel[5988] = 188
Sending pixel[5989] = 192
Sending pixel[5990] = 196
Sending pixel[5991] = 200
Sending pixel[5992] = 204
Sending pixel[5993] = 207
Sending pixel[5994] = 211
Sending pixel[5995] = 215
Sending pixel[5996] = 219
Sending pixel[5997] = 223
Sending pixel[5998] = 227
Sending pixel[5999] = 231
Sending pixel[6000] = 235
Sending pixel[6001] = 239
Sending pixel[6002] = 243
Sending pixel[6003] = 247
Sending pixel[6004] = 251
Sending pixel[6005] = 255
Sending pixel[6006] = 0
Sending pixel[6007] = 3
Sending pixel[6008] = 7
Sending pixel[6009] = 11
Sending pixel[6010] = 15
Sending pixel[6011] = 19
Sending pixel[6012] = 23
Sending pixel[6013] = 27
Sending pixel[6014] = 31
Sending pixel[6015] = 35
Sending pixel[6016] = 39
Sending pixel[6017] = 43
Sending pixel[6018] = 47
Sending pixel[6019] = 51
Sending pixel[6020] = 54
Sending pixel[6021] = 58
Sending pixel[6022] = 62
Sending pixel[6023] = 66
Sending pixel[6024] = 70
Sending pixel[6025] = 74
Sending pixel[6026] = 78
Sending pixel[6027] = 82
Sending pixel[6028] = 86
Sending pixel[6029] = 90
Sending pixel[6030] = 94
Sending pixel[6031] = 98
Sending pixel[6032] = 102
Sending pixel[6033] = 105
Sending pixel[6034] = 109
Sending pixel[6035] = 113
Sending pixel[6036] = 117
Sending pixel[6037] = 121
Sending pixel[6038] = 125
Sending pixel[6039] = 129
Sending pixel[6040] = 133
Sending pixel[6041] = 137
Sending pixel[6042] = 141
Sending pixel[6043] = 145
Sending pixel[6044] = 149
Sending pixel[6045] = 153
Sending pixel[6046] = 156
Sending pixel[6047] = 160
Sending pixel[6048] = 164
Sending pixel[6049] = 168
Sending pixel[6050] = 172
Sending pixel[6051] = 176
Sending pixel[6052] = 180
Sending pixel[6053] = 184
Sending pixel[6054] = 188
Sending pixel[6055] = 192
Sending pixel[6056] = 196
Sending pixel[6057] = 200
Sending pixel[6058] = 204
Sending pixel[6059] = 207
Sending pixel[6060] = 211
Sending pixel[6061] = 215
Sending pixel[6062] = 219
Sending pixel[6063] = 223
Sending pixel[6064] = 227
Sending pixel[6065] = 231
Sending pixel[6066] = 235
Sending pixel[6067] = 239
Sending pixel[6068] = 243
Sending pixel[6069] = 247
Sending pixel[6070] = 251
Sending pixel[6071] = 255
Sending pixel[6072] = 0
Sending pixel[6073] = 3
Sending pixel[6074] = 7
Sending pixel[6075] = 11
Sending pixel[6076] = 15
Sending pixel[6077] = 19
Sending pixel[6078] = 23
Sending pixel[6079] = 27
Sending pixel[6080] = 31
Sending pixel[6081] = 35
Sending pixel[6082] = 39
Sending pixel[6083] = 43
Sending pixel[6084] = 47
Sending pixel[6085] = 51
Sending pixel[6086] = 54
Sending pixel[6087] = 58
Sending pixel[6088] = 62
Sending pixel[6089] = 66
Sending pixel[6090] = 70
Sending pixel[6091] = 74
Sending pixel[6092] = 78
Sending pixel[6093] = 82
Sending pixel[6094] = 86
Sending pixel[6095] = 90
Sending pixel[6096] = 94
Sending pixel[6097] = 98
Sending pixel[6098] = 102
Sending pixel[6099] = 105
Sending pixel[6100] = 109
Sending pixel[6101] = 113
Sending pixel[6102] = 117
Sending pixel[6103] = 121
Sending pixel[6104] = 125
Sending pixel[6105] = 129
Sending pixel[6106] = 133
Sending pixel[6107] = 137
Sending pixel[6108] = 141
Sending pixel[6109] = 145
Sending pixel[6110] = 149
Sending pixel[6111] = 153
Sending pixel[6112] = 156
Sending pixel[6113] = 160
Sending pixel[6114] = 164
Sending pixel[6115] = 168
Sending pixel[6116] = 172
Sending pixel[6117] = 176
Sending pixel[6118] = 180
Sending pixel[6119] = 184
Sending pixel[6120] = 188
Sending pixel[6121] = 192
Sending pixel[6122] = 196
Sending pixel[6123] = 200
Sending pixel[6124] = 204
Sending pixel[6125] = 207
Sending pixel[6126] = 211
Sending pixel[6127] = 215
Sending pixel[6128] = 219
Sending pixel[6129] = 223
Sending pixel[6130] = 227
Sending pixel[6131] = 231
Sending pixel[6132] = 235
Sending pixel[6133] = 239
Sending pixel[6134] = 243
Sending pixel[6135] = 247
Sending pixel[6136] = 251
Sending pixel[6137] = 255
Sending pixel[6138] = 0
Sending pixel[6139] = 3
Sending pixel[6140] = 7
Sending pixel[6141] = 11
Sending pixel[6142] = 15
Sending pixel[6143] = 19
Sending pixel[6144] = 23
Sending pixel[6145] = 27
Sending pixel[6146] = 31
Sending pixel[6147] = 35
Sending pixel[6148] = 39
Sending pixel[6149] = 43
Sending pixel[6150] = 47
Sending pixel[6151] = 51
Sending pixel[6152] = 54
Sending pixel[6153] = 58
Sending pixel[6154] = 62
Sending pixel[6155] = 66
Sending pixel[6156] = 70
Sending pixel[6157] = 74
Sending pixel[6158] = 78
Sending pixel[6159] = 82
Sending pixel[6160] = 86
Sending pixel[6161] = 90
Sending pixel[6162] = 94
Sending pixel[6163] = 98
Sending pixel[6164] = 102
Sending pixel[6165] = 105
Sending pixel[6166] = 109
Sending pixel[6167] = 113
Sending pixel[6168] = 117
Sending pixel[6169] = 121
Sending pixel[6170] = 125
Sending pixel[6171] = 129
Sending pixel[6172] = 133
Sending pixel[6173] = 137
Sending pixel[6174] = 141
Sending pixel[6175] = 145
Sending pixel[6176] = 149
Sending pixel[6177] = 153
Sending pixel[6178] = 156
Sending pixel[6179] = 160
Sending pixel[6180] = 164
Sending pixel[6181] = 168
Sending pixel[6182] = 172
Sending pixel[6183] = 176
Sending pixel[6184] = 180
Sending pixel[6185] = 184
Sending pixel[6186] = 188
Sending pixel[6187] = 192
Sending pixel[6188] = 196
Sending pixel[6189] = 200
Sending pixel[6190] = 204
Sending pixel[6191] = 207
Sending pixel[6192] = 211
Sending pixel[6193] = 215
Sending pixel[6194] = 219
Sending pixel[6195] = 223
Sending pixel[6196] = 227
Sending pixel[6197] = 231
Sending pixel[6198] = 235
Sending pixel[6199] = 239
Sending pixel[6200] = 243
Sending pixel[6201] = 247
Sending pixel[6202] = 251
Sending pixel[6203] = 255
Sending pixel[6204] = 0
Sending pixel[6205] = 3
Sending pixel[6206] = 7
Sending pixel[6207] = 11
Sending pixel[6208] = 15
Sending pixel[6209] = 19
Sending pixel[6210] = 23
Sending pixel[6211] = 27
Sending pixel[6212] = 31
Sending pixel[6213] = 35
Sending pixel[6214] = 39
Sending pixel[6215] = 43
Sending pixel[6216] = 47
Sending pixel[6217] = 51
Sending pixel[6218] = 54
Sending pixel[6219] = 58
Sending pixel[6220] = 62
Sending pixel[6221] = 66
Sending pixel[6222] = 70
Sending pixel[6223] = 74
Sending pixel[6224] = 78
Sending pixel[6225] = 82
Sending pixel[6226] = 86
Sending pixel[6227] = 90
Sending pixel[6228] = 94
Sending pixel[6229] = 98
Sending pixel[6230] = 102
Sending pixel[6231] = 105
Sending pixel[6232] = 109
Sending pixel[6233] = 113
Sending pixel[6234] = 117
Sending pixel[6235] = 121
Sending pixel[6236] = 125
Sending pixel[6237] = 129
Sending pixel[6238] = 133
Sending pixel[6239] = 137
Sending pixel[6240] = 141
Sending pixel[6241] = 145
Sending pixel[6242] = 149
Sending pixel[6243] = 153
Sending pixel[6244] = 156
Sending pixel[6245] = 160
Sending pixel[6246] = 164
Sending pixel[6247] = 168
Sending pixel[6248] = 172
Sending pixel[6249] = 176
Sending pixel[6250] = 180
Sending pixel[6251] = 184
Sending pixel[6252] = 188
Sending pixel[6253] = 192
Sending pixel[6254] = 196
Sending pixel[6255] = 200
Sending pixel[6256] = 204
Sending pixel[6257] = 207
Sending pixel[6258] = 211
Sending pixel[6259] = 215
Sending pixel[6260] = 219
Sending pixel[6261] = 223
Sending pixel[6262] = 227
Sending pixel[6263] = 231
Sending pixel[6264] = 235
Sending pixel[6265] = 239
Sending pixel[6266] = 243
Sending pixel[6267] = 247
Sending pixel[6268] = 251
Sending pixel[6269] = 255
Sending pixel[6270] = 0
Sending pixel[6271] = 3
Sending pixel[6272] = 7
Sending pixel[6273] = 11
Sending pixel[6274] = 15
Sending pixel[6275] = 19
Sending pixel[6276] = 23
Sending pixel[6277] = 27
Sending pixel[6278] = 31
Sending pixel[6279] = 35
Sending pixel[6280] = 39
Sending pixel[6281] = 43
Sending pixel[6282] = 47
Sending pixel[6283] = 51
Sending pixel[6284] = 54
Sending pixel[6285] = 58
Sending pixel[6286] = 62
Sending pixel[6287] = 66
Sending pixel[6288] = 70
Sending pixel[6289] = 74
Sending pixel[6290] = 78
Sending pixel[6291] = 82
Sending pixel[6292] = 86
Sending pixel[6293] = 90
Sending pixel[6294] = 94
Sending pixel[6295] = 98
Sending pixel[6296] = 102
Sending pixel[6297] = 105
Sending pixel[6298] = 109
Sending pixel[6299] = 113
Sending pixel[6300] = 117
Sending pixel[6301] = 121
Sending pixel[6302] = 125
Sending pixel[6303] = 129
Sending pixel[6304] = 133
Sending pixel[6305] = 137
Sending pixel[6306] = 141
Sending pixel[6307] = 145
Sending pixel[6308] = 149
Sending pixel[6309] = 153
Sending pixel[6310] = 156
Sending pixel[6311] = 160
Sending pixel[6312] = 164
Sending pixel[6313] = 168
Sending pixel[6314] = 172
Sending pixel[6315] = 176
Sending pixel[6316] = 180
Sending pixel[6317] = 184
Sending pixel[6318] = 188
Sending pixel[6319] = 192
Sending pixel[6320] = 196
Sending pixel[6321] = 200
Sending pixel[6322] = 204
Sending pixel[6323] = 207
Sending pixel[6324] = 211
Sending pixel[6325] = 215
Sending pixel[6326] = 219
Sending pixel[6327] = 223
Sending pixel[6328] = 227
Sending pixel[6329] = 231
Sending pixel[6330] = 235
Sending pixel[6331] = 239
Sending pixel[6332] = 243
Sending pixel[6333] = 247
Sending pixel[6334] = 251
Sending pixel[6335] = 255
Sending pixel[6336] = 0
Sending pixel[6337] = 3
Sending pixel[6338] = 7
Sending pixel[6339] = 11
Sending pixel[6340] = 15
Sending pixel[6341] = 19
Sending pixel[6342] = 23
Sending pixel[6343] = 27
Sending pixel[6344] = 31
Sending pixel[6345] = 35
Sending pixel[6346] = 39
Sending pixel[6347] = 43
Sending pixel[6348] = 47
Sending pixel[6349] = 51
Sending pixel[6350] = 54
Sending pixel[6351] = 58
Sending pixel[6352] = 62
Sending pixel[6353] = 66
Sending pixel[6354] = 70
Sending pixel[6355] = 74
Sending pixel[6356] = 78
Sending pixel[6357] = 82
Sending pixel[6358] = 86
Sending pixel[6359] = 90
Sending pixel[6360] = 94
Sending pixel[6361] = 98
Sending pixel[6362] = 102
Sending pixel[6363] = 105
Sending pixel[6364] = 109
Sending pixel[6365] = 113
Sending pixel[6366] = 117
Sending pixel[6367] = 121
Sending pixel[6368] = 125
Sending pixel[6369] = 129
Sending pixel[6370] = 133
Sending pixel[6371] = 137
Sending pixel[6372] = 141
Sending pixel[6373] = 145
Sending pixel[6374] = 149
Sending pixel[6375] = 153
Sending pixel[6376] = 156
Sending pixel[6377] = 160
Sending pixel[6378] = 164
Sending pixel[6379] = 168
Sending pixel[6380] = 172
Sending pixel[6381] = 176
Sending pixel[6382] = 180
Sending pixel[6383] = 184
Sending pixel[6384] = 188
Sending pixel[6385] = 192
Sending pixel[6386] = 196
Sending pixel[6387] = 200
Sending pixel[6388] = 204
Sending pixel[6389] = 207
Sending pixel[6390] = 211
Sending pixel[6391] = 215
Sending pixel[6392] = 219
Sending pixel[6393] = 223
Sending pixel[6394] = 227
Sending pixel[6395] = 231
Sending pixel[6396] = 235
Sending pixel[6397] = 239
Sending pixel[6398] = 243
Sending pixel[6399] = 247
Sending pixel[6400] = 251
Sending pixel[6401] = 255
Sending pixel[6402] = 0
Sending pixel[6403] = 3
Sending pixel[6404] = 7
Sending pixel[6405] = 11
Sending pixel[6406] = 15
Sending pixel[6407] = 19
Sending pixel[6408] = 23
Sending pixel[6409] = 27
Sending pixel[6410] = 31
Sending pixel[6411] = 35
Sending pixel[6412] = 39
Sending pixel[6413] = 43
Sending pixel[6414] = 47
Sending pixel[6415] = 51
Sending pixel[6416] = 54
Sending pixel[6417] = 58
Sending pixel[6418] = 62
Sending pixel[6419] = 66
Sending pixel[6420] = 70
Sending pixel[6421] = 74
Sending pixel[6422] = 78
Sending pixel[6423] = 82
Sending pixel[6424] = 86
Sending pixel[6425] = 90
Sending pixel[6426] = 94
Sending pixel[6427] = 98
Sending pixel[6428] = 102
Sending pixel[6429] = 105
Sending pixel[6430] = 109
Sending pixel[6431] = 113
Sending pixel[6432] = 117
Sending pixel[6433] = 121
Sending pixel[6434] = 125
Sending pixel[6435] = 129
Sending pixel[6436] = 133
Sending pixel[6437] = 137
Sending pixel[6438] = 141
Sending pixel[6439] = 145
Sending pixel[6440] = 149
Sending pixel[6441] = 153
Sending pixel[6442] = 156
Sending pixel[6443] = 160
Sending pixel[6444] = 164
Sending pixel[6445] = 168
Sending pixel[6446] = 172
Sending pixel[6447] = 176
Sending pixel[6448] = 180
Sending pixel[6449] = 184
Sending pixel[6450] = 188
Sending pixel[6451] = 192
Sending pixel[6452] = 196
Sending pixel[6453] = 200
Sending pixel[6454] = 204
Sending pixel[6455] = 207
Sending pixel[6456] = 211
Sending pixel[6457] = 215
Sending pixel[6458] = 219
Sending pixel[6459] = 223
Sending pixel[6460] = 227
Sending pixel[6461] = 231
Sending pixel[6462] = 235
Sending pixel[6463] = 239
Sending pixel[6464] = 243
Sending pixel[6465] = 247
Sending pixel[6466] = 251
Sending pixel[6467] = 255
=== Receiving pixels ===
  0   0   0   0   0   0   0   0   0   0   0   0   0   0   0   0   0   0   0   0   0   0   0   0   0   0   0   0   0   0   0   0   0   0   0   0   0   0   0   0   0   0   0   0   0   0   0   0   0   0   0   0   0   0   0   0   0   0   0   0   0   0   0   0   0   0   0   0   0   0   0   0   0   0   0   0   0   0   0   0   0   0   0   0   0   0   0   0   0   0   0   0   0   0   0   0   0   0 
  3   3   3   3   3   3   3   3   3   3   3   3   3   3   3   3   3   3   3   3   3   3   3   3   3   3   3   3   3   3   3   3   3   3   3   3   3   3   3   3   3   3   3   3   3   3   3   3   3   3   3   3   3   3   3   3   3   3   3   3   3   3   3   3   3   3   3   3   3   3   3   3   3   3   3   3   3   3   3   3   3   3   3   3   3   3   3   3   3   3   3   3   3   3   3   3   3   3 
  7   7   7   7   7   7   7   7   7   7   7   7   7   7   7   7   7   7   7   7   7   7   7   7   7   7   7   7   7   7   7   7   7   7   7   7   7   7   7   7   7   7   7   7   7   7   7   7   7   7   7   7   7   7   7   7   7   7   7   7   7   7   7   7   7   7   7   7   7   7   7   7   7   7   7   7   7   7   7   7   7   7   7   7   7   7   7   7   7   7   7   7   7   7   7   7   7   7 
 11  11  11  11  11  11  11  11  11  11  11  11  11  11  11  11  11  11  11  11  11  11  11  11  11  11  11  11  11  11  11  11  11  11  11  11  11  11  11  11  11  11  11  11  11  11  11  11  11  11  11  11  11  11  11  11  11  11  11  11  11  11  11  11  11  11  11  11  11  11  11  11  11  11  11  11  11  11  11  11  11  11  11  11  11  11  11  11  11  11  11  11  11  11  11  11  11  11 
 15  15  15  15  15  15  15  15  15  15  15  15  15  15  15  15  15  15  15  15  15  15  15  15  15  15  15  15  15  15  15  15  15  15  15  15  15  15  15  15  15  15  15  15  15  15  15  15  15  15  15  15  15  15  15  15  15  15  15  15  15  15  15  15  15  15  15  15  15  15  15  15  15  15  15  15  15  15  15  15  15  15  15  15  15  15  15  15  15  15  15  15  15  15  15  15  15  15 
 19  19  19  19  19  19  19  19  19  19  19  19  19  19  19  19  19  19  19  19  19  19  19  19  19  19  19  19  19  19  19  19  19  19  19  19  19  19  19  19  19  19  19  19  19  19  19  19  19  19  19  19  19  19  19  19  19  19  19  19  19  19  19  19  19  19  19  19  19  19  19  19  19  19  19  19  19  19  19  19  19  19  19  19  19  19  19  19  19  19  19  19  19  19  19  19  19  19 
 23  23  23  23  23  23  23  23  23  23  23  23  23  23  23  23  23  23  23  23  23  23  23  23  23  23  23  23  23  23  23  23  23  23  23  23  23  23  23  23  23  23  23  23  23  23  23  23  23  23  23  23  23  23  23  23  23  23  23  23  23  23  23  23  23  23  23  23  23  23  23  23  23  23  23  23  23  23  23  23  23  23  23  23  23  23  23  23  23  23  23  23  23  23  23  23  23  23 
 27  27  27  27  27  27  27  27  27  27  27  27  27  27  27  27  27  27  27  27  27  27  27  27  27  27  27  27  27  27  27  27  27  27  27  27  27  27  27  27  27  27  27  27  27  27  27  27  27  27  27  27  27  27  27  27  27  27  27  27  27  27  27  27  27  27  27  27  27  27  27  27  27  27  27  27  27  27  27  27  27  27  27  27  27  27  27  27  27  27  27  27  27  27  27  27  27  27 
 31  31  31  31  31  31  31  31  31  31  31  31  31  31  31  31  31  31  31  31  31  31  31  31  31  31  31  31  31  31  31  31  31  31  31  31  31  31  31  31  31  31  31  31  31  31  31  31  31  31  31  31  31  31  31  31  31  31  31  31  31  31  31  31  31  31  31  31  31  31  31  31  31  31  31  31  31  31  31  31  31  31  31  31  31  31  31  31  31  31  31  31  31  31  31  31  31  31 
 35  35  35  35  35  35  35  35  35  35  35  35  35  35  35  35  35  35  35  35  35  35  35  35  35  35  35  35  35  35  35  35  35  35  35  35  35  35  35  35  35  35  35  35  35  35  35  35  35  35  35  35  35  35  35  35  35  35  35  35  35  35  35  35  35  35  35  35  35  35  35  35  35  35  35  35  35  35  35  35  35  35  35  35  35  35  35  35  35  35  35  35  35  35  35  35  35  35 
 39  39  39  39  39  39  39  39  39  39  39  39  39  39  39  39  39  39  39  39  39  39  39  39  39  39  39  39  39  39  39  39  39  39  39  39  39  39  39  39  39  39  39  39  39  39  39  39  39  39  39  39  39  39  39  39  39  39  39  39  39  39  39  39  39  39  39  39  39  39  39  39  39  39  39  39  39  39  39  39  39  39  39  39  39  39  39  39  39  39  39  39  39  39  39  39  39  39 
 43  43  43  43  43  43  43  43  43  43  43  43  43  43  43  43  43  43  43  43  43  43  43  43  43  43  43  43  43  43  43  43  43  43  43  43  43  43  43  43  43  43  43  43  43  43  43  43  43  43  43  43  43  43  43  43  43  43  43  43  43  43  43  43  43  43  43  43  43  43  43  43  43  43  43  43  43  43  43  43  43  43  43  43  43  43  43  43  43  43  43  43  43  43  43  43  43  43 
 47  47  47  47  47  47  47  47  47  47  47  47  47  47  47  47  47  47  47  47  47  47  47  47  47  47  47  47  47  47  47  47  47  47  47  47  47  47  47  47  47  47  47  47  47  47  47  47  47  47  47  47  47  47  47  47  47  47  47  47  47  47  47  47  47  47  47  47  47  47  47  47  47  47  47  47  47  47  47  47  47  47  47  47  47  47  47  47  47  47  47  47  47  47  47  47  47  47 
 51  51  51  51  51  51  51  51  51  51  51  51  51  51  51  51  51  51  51  51  51  51  51  51  51  51  51  51  51  51  51  51  51  51  51  51  51  51  51  51  51  51  51  51  51  51  51  51  51  51  51  51  51  51  51  51  51  51  51  51  51  51  51  51  51  51  51  51  51  51  51  51  51  51  51  51  51  51  51  51  51  51  51  51  51  51  51  51  51  51  51  51  51  51  51  51  51  51 
 54  54  54  54  54  54  54  54  54  54  54  54  54  54  54  54  54  54  54  54  54  54  54  54  54  54  54  54  54  54  54  54  54  54  54  54  54  54  54  54  54  54  54  54  54  54  54  54  54  54  54  54  54  54  54  54  54  54  54  54  54  54  54  54  54  54  54  54  54  54  54  54  54  54  54  54  54  54  54  54  54  54  54  54  54  54  54  54  54  54  54  54  54  54  54  54  54  54 
 58  58  58  58  58  58  58  58  58  58  58  58  58  58  58  58  58  58  58  58  58  58  58  58  58  58  58  58  58  58  58  58  58  58  58  58  58  58  58  58  58  58  58  58  58  58  58  58  58  58  58  58  58  58  58  58  58  58  58  58  58  58  58  58  58  58  58  58  58  58  58  58  58  58  58  58  58  58  58  58  58  58  58  58  58  58  58  58  58  58  58  58  58  58  58  58  58  58 
 62  62  62  62  62  62  62  62  62  62  62  62  62  62  62  62  62  62  62  62  62  62  62  62  62  62  62  62  62  62  62  62  62  62  62  62  62  62  62  62  62  62  62  62  62  62  62  62  62  62  62  62  62  62  62  62  62  62  62  62  62  62  62  62  62  62  62  62  62  62  62  62  62  62  62  62  62  62  62  62  62  62  62  62  62  62  62  62  62  62  62  62  62  62  62  62  62  62 
 66  66  66  66  66  66  66  66  66  66  66  66  66  66  66  66  66  66  66  66  66  66  66  66  66  66  66  66  66  66  66  66  66  66  66  66  66  66  66  66  66  66  66  66  66  66  66  66  66  66  66  66  66  66  66  66  66  66  66  66  66  66  66  66  66  66  66  66  66  66  66  66  66  66  66  66  66  66  66  66  66  66  66  66  66  66  66  66  66  66  66  66  66  66  66  66  66  66 
 70  70  70  70  70  70  70  70  70  70  70  70  70  70  70  70  70  70  70  70  70  70  70  70  70  70  70  70  70  70  70  70  70  70  70  70  70  70  70  70  70  70  70  70  70  70  70  70  70  70  70  70  70  70  70  70  70  70  70  70  70  70  70  70  70  70  70  70  70  70  70  70  70  70  70  70  70  70  70  70  70  70  70  70  70  70  70  70  70  70  70  70  70  70  70  70  70  70 
 74  74  74  74  74  74  74  74  74  74  74  74  74  74  74  74  74  74  74  74  74  74  74  74  74  74  74  74  74  74  74  74  74  74  74  74  74  74  74  74  74  74  74  74  74  74  74  74  74  74  74  74  74  74  74  74  74  74  74  74  74  74  74  74  74  74  74  74  74  74  74  74  74  74  74  74  74  74  74  74  74  74  74  74  74  74  74  74  74  74  74  74  74  74  74  74  74  74 
 78  78  78  78  78  78  78  78  78  78  78  78  78  78  78  78  78  78  78  78  78  78  78  78  78  78  78  78  78  78  78  78  78  78  78  78  78  78  78  78  78  78  78  78  78  78  78  78  78  78  78  78  78  78  78  78  78  78  78  78  78  78  78  78  78  78  78  78  78  78  78  78  78  78  78  78  78  78  78  78  78  78  78  78  78  78  78  78  78  78  78  78  78  78  78  78  78  78 
 82  82  82  82  82  82  82  82  82  82  82  82  82  82  82  82  82  82  82  82  82  82  82  82  82  82  82  82  82  82  82  82  82  82  82  82  82  82  82  82  82  82  82  82  82  82  82  82  82  82  82  82  82  82  82  82  82  82  82  82  82  82  82  82  82  82  82  82  82  82  82  82  82  82  82  82  82  82  82  82  82  82  82  82  82  82  82  82  82  82  82  82  82  82  82  82  82  82 
 86  86  86  86  86  86  86  86  86  86  86  86  86  86  86  86  86  86  86  86  86  86  86  86  86  86  86  86  86  86  86  86  86  86  86  86  86  86  86  86  86  86  86  86  86  86  86  86  86  86  86  86  86  86  86  86  86  86  86  86  86  86  86  86  86  86  86  86  86  86  86  86  86  86  86  86  86  86  86  86  86  86  86  86  86  86  86  86  86  86  86  86  86  86  86  86  86  86 
 90  90  90  90  90  90  90  90  90  90  90  90  90  90  90  90  90  90  90  90  90  90  90  90  90  90  90  90  90  90  90  90  90  90  90  90  90  90  90  90  90  90  90  90  90  90  90  90  90  90  90  90  90  90  90  90  90  90  90  90  90  90  90  90  90  90  90  90  90  90  90  90  90  90  90  90  90  90  90  90  90  90  90  90  90  90  90  90  90  90  90  90  90  90  90  90  90  90 
 94  94  94  94  94  94  94  94  94  94  94  94  94  94  94  94  94  94  94  94  94  94  94  94  94  94  94  94  94  94  94  94  94  94  94  94  94  94  94  94  94  94  94  94  94  94  94  94  94  94  94  94  94  94  94  94  94  94  94  94  94  94  94  94  94  94  94  94  94  94  94  94  94  94  94  94  94  94  94  94  94  94  94  94  94  94  94  94  94  94  94  94  94  94  94  94  94  94 
 98  98  98  98  98  98  98  98  98  98  98  98  98  98  98  98  98  98  98  98  98  98  98  98  98  98  98  98  98  98  98  98  98  98  98  98  98  98  98  98  98  98  98  98  98  98  98  98  98  98  98  98  98  98  98  98  98  98  98  98  98  98  98  98  98  98  98  98  98  98  98  98  98  98  98  98  98  98  98  98  98  98  98  98  98  98  98  98  98  98  98  98  98  98  98  98  98  98 
102 102 102 102 102 102 102 102 102 102 102 102 102 102 102 102 102 102 102 102 102 102 102 102 102 102 102 102 102 102 102 102 102 102 102 102 102 102 102 102 102 102 102 102 102 102 102 102 102 102 102 102 102 102 102 102 102 102 102 102 102 102 102 102 102 102 102 102 102 102 102 102 102 102 102 102 102 102 102 102 102 102 102 102 102 102 102 102 102 102 102 102 102 102 102 102 102 102 
105 105 105 105 105 105 105 105 105 105 105 105 105 105 105 105 105 105 105 105 105 105 105 105 105 105 105 105 105 105 105 105 105 105 105 105 105 105 105 105 105 105 105 105 105 105 105 105 105 105 105 105 105 105 105 105 105 105 105 105 105 105 105 105 105 105 105 105 105 105 105 105 105 105 105 105 105 105 105 105 105 105 105 105 105 105 105 105 105 105 105 105 105 105 105 105 105 105 
109 109 109 109 109 109 109 109 109 109 109 109 109 109 109 109 109 109 109 109 109 109 109 109 109 109 109 109 109 109 109 109 109 109 109 109 109 109 109 109 109 109 109 109 109 109 109 109 109 109 109 109 109 109 109 109 109 109 109 109 109 109 109 109 109 109 109 109 109 109 109 109 109 109 109 109 109 109 109 109 109 109 109 109 109 109 109 109 109 109 109 109 109 109 109 109 109 109 
113 113 113 113 113 113 113 113 113 113 113 113 113 113 113 113 113 113 113 113 113 113 113 113 113 113 113 113 113 113 113 113 113 113 113 113 113 113 113 113 113 113 113 113 113 113 113 113 113 113 113 113 113 113 113 113 113 113 113 113 113 113 113 113 113 113 113 113 113 113 113 113 113 113 113 113 113 113 113 113 113 113 113 113 113 113 113 113 113 113 113 113 113 113 113 113 113 113 
117 117 117 117 117 117 117 117 117 117 117 117 117 117 117 117 117 117 117 117 117 117 117 117 117 117 117 117 117 117 117 117 117 117 117 117 117 117 117 117 117 117 117 117 117 117 117 117 117 117 117 117 117 117 117 117 117 117 117 117 117 117 117 117 117 117 117 117 117 117 117 117 117 117 117 117 117 117 117 117 117 117 117 117 117 117 117 117 117 117 117 117 117 117 117 117 117 117 
121 121 121 121 121 121 121 121 121 121 121 121 121 121 121 121 121 121 121 121 121 121 121 121 121 121 121 121 121 121 121 121 121 121 121 121 121 121 121 121 121 121 121 121 121 121 121 121 121 121 121 121 121 121 121 121 121 121 121 121 121 121 121 121 121 121 121 121 121 121 121 121 121 121 121 121 121 121 121 121 121 121 121 121 121 121 121 121 121 121 121 121 121 121 121 121 121 121 
125 125 125 125 125 125 125 125 125 125 125 125 125 125 125 125 125 125 125 125 125 125 125 125 125 125 125 125 125 125 125 125 125 125 125 125 125 125 125 125 125 125 125 125 125 125 125 125 125 125 125 125 125 125 125 125 125 125 125 125 125 125 125 125 125 125 125 125 125 125 125 125 125 125 125 125 125 125 125 125 125 125 125 125 125 125 125 125 125 125 125 125 125 125 125 125 125 125 
129 129 129 129 129 129 129 129 129 129 129 129 129 129 129 129 129 129 129 129 129 129 129 129 129 129 129 129 129 129 129 129 129 129 129 129 129 129 129 129 129 129 129 129 129 129 129 129 129 129 129 129 129 129 129 129 129 129 129 129 129 129 129 129 129 129 129 129 129 129 129 129 129 129 129 129 129 129 129 129 129 129 129 129 129 129 129 129 129 129 129 129 129 129 129 129 129 129 
133 133 133 133 133 133 133 133 133 133 133 133 133 133 133 133 133 133 133 133 133 133 133 133 133 133 133 133 133 133 133 133 133 133 133 133 133 133 133 133 133 133 133 133 133 133 133 133 133 133 133 133 133 133 133 133 133 133 133 133 133 133 133 133 133 133 133 133 133 133 133 133 133 133 133 133 133 133 133 133 133 133 133 133 133 133 133 133 133 133 133 133 133 133 133 133 133 133 
137 137 137 137 137 137 137 137 137 137 137 137 137 137 137 137 137 137 137 137 137 137 137 137 137 137 137 137 137 137 137 137 137 137 137 137 137 137 137 137 137 137 137 137 137 137 137 137 137 137 137 137 137 137 137 137 137 137 137 137 137 137 137 137 137 137 137 137 137 137 137 137 137 137 137 137 137 137 137 137 137 137 137 137 137 137 137 137 137 137 137 137 137 137 137 137 137 137 
141 141 141 141 141 141 141 141 141 141 141 141 141 141 141 141 141 141 141 141 141 141 141 141 141 141 141 141 141 141 141 141 141 141 141 141 141 141 141 141 141 141 141 141 141 141 141 141 141 141 141 141 141 141 141 141 141 141 141 141 141 141 141 141 141 141 141 141 141 141 141 141 141 141 141 141 141 141 141 141 141 141 141 141 141 141 141 141 141 141 141 141 141 141 141 141 141 141 
145 145 145 145 145 145 145 145 145 145 145 145 145 145 145 145 145 145 145 145 145 145 145 145 145 145 145 145 145 145 145 145 145 145 145 145 145 145 145 145 145 145 145 145 145 145 145 145 145 145 145 145 145 145 145 145 145 145 145 145 145 145 145 145 145 145 145 145 145 145 145 145 145 145 145 145 145 145 145 145 145 145 145 145 145 145 145 145 145 145 145 145 145 145 145 145 145 145 
149 149 149 149 149 149 149 149 149 149 149 149 149 149 149 149 149 149 149 149 149 149 149 149 149 149 149 149 149 149 149 149 149 149 149 149 149 149 149 149 149 149 149 149 149 149 149 149 149 149 149 149 149 149 149 149 149 149 149 149 149 149 149 149 149 149 149 149 149 149 149 149 149 149 149 149 149 149 149 149 149 149 149 149 149 149 149 149 149 149 149 149 149 149 149 149 149 149 
153 153 153 153 153 153 153 153 153 153 153 153 153 153 153 153 153 153 153 153 153 153 153 153 153 153 153 153 153 153 153 153 153 153 153 153 153 153 153 153 153 153 153 153 153 153 153 153 153 153 153 153 153 153 153 153 153 153 153 153 153 153 153 153 153 153 153 153 153 153 153 153 153 153 153 153 153 153 153 153 153 153 153 153 153 153 153 153 153 153 153 153 153 153 153 153 153 153 
156 156 156 156 156 156 156 156 156 156 156 156 156 156 156 156 156 156 156 156 156 156 156 156 156 156 156 156 156 156 156 156 156 156 156 156 156 156 156 156 156 156 156 156 156 156 156 156 156 156 156 156 156 156 156 156 156 156 156 156 156 156 156 156 156 156 156 156 156 156 156 156 156 156 156 156 156 156 156 156 156 156 156 156 156 156 156 156 156 156 156 156 156 156 156 156 156 156 
160 160 160 160 160 160 160 160 160 160 160 160 160 160 160 160 160 160 160 160 160 160 160 160 160 160 160 160 160 160 160 160 160 160 160 160 160 160 160 160 160 160 160 160 160 160 160 160 160 160 160 160 160 160 160 160 160 160 160 160 160 160 160 160 160 160 160 160 160 160 160 160 160 160 160 160 160 160 160 160 160 160 160 160 160 160 160 160 160 160 160 160 160 160 160 160 160 160 
164 164 164 164 164 164 164 164 164 164 164 164 164 164 164 164 164 164 164 164 164 164 164 164 164 164 164 164 164 164 164 164 164 164 164 164 164 164 164 164 164 164 164 164 164 164 164 164 164 164 164 164 164 164 164 164 164 164 164 164 164 164 164 164 164 164 164 164 164 164 164 164 164 164 164 164 164 164 164 164 164 164 164 164 164 164 164 164 164 164 164 164 164 164 164 164 164 164 
168 168 168 168 168 168 168 168 168 168 168 168 168 168 168 168 168 168 168 168 168 168 168 168 168 168 168 168 168 168 168 168 168 168 168 168 168 168 168 168 168 168 168 168 168 168 168 168 168 168 168 168 168 168 168 168 168 168 168 168 168 168 168 168 168 168 168 168 168 168 168 168 168 168 168 168 168 168 168 168 168 168 168 168 168 168 168 168 168 168 168 168 168 168 168 168 168 168 
172 172 172 172 172 172 172 172 172 172 172 172 172 172 172 172 172 172 172 172 172 172 172 172 172 172 172 172 172 172 172 172 172 172 172 172 172 172 172 172 172 172 172 172 172 172 172 172 172 172 172 172 172 172 172 172 172 172 172 172 172 172 172 172 172 172 172 172 172 172 172 172 172 172 172 172 172 172 172 172 172 172 172 172 172 172 172 172 172 172 172 172 172 172 172 172 172 172 
176 176 176 176 176 176 176 176 176 176 176 176 176 176 176 176 176 176 176 176 176 176 176 176 176 176 176 176 176 176 176 176 176 176 176 176 176 176 176 176 176 176 176 176 176 176 176 176 176 176 176 176 176 176 176 176 176 176 176 176 176 176 176 176 176 176 176 176 176 176 176 176 176 176 176 176 176 176 176 176 176 176 176 176 176 176 176 176 176 176 176 176 176 176 176 176 176 176 
180 180 180 180 180 180 180 180 180 180 180 180 180 180 180 180 180 180 180 180 180 180 180 180 180 180 180 180 180 180 180 180 180 180 180 180 180 180 180 180 180 180 180 180 180 180 180 180 180 180 180 180 180 180 180 180 180 180 180 180 180 180 180 180 180 180 180 180 180 180 180 180 180 180 180 180 180 180 180 180 180 180 180 180 180 180 180 180 180 180 180 180 180 180 180 180 180 180 
184 184 184 184 184 184 184 184 184 184 184 184 184 184 184 184 184 184 184 184 184 184 184 184 184 184 184 184 184 184 184 184 184 184 184 184 184 184 184 184 184 184 184 184 184 184 184 184 184 184 184 184 184 184 184 184 184 184 184 184 184 184 184 184 184 184 184 184 184 184 184 184 184 184 184 184 184 184 184 184 184 184 184 184 184 184 184 184 184 184 184 184 184 184 184 184 184 184 
188 188 188 188 188 188 188 188 188 188 188 188 188 188 188 188 188 188 188 188 188 188 188 188 188 188 188 188 188 188 188 188 188 188 188 188 188 188 188 188 188 188 188 188 188 188 188 188 188 188 188 188 188 188 188 188 188 188 188 188 188 188 188 188 188 188 188 188 188 188 188 188 188 188 188 188 188 188 188 188 188 188 188 188 188 188 188 188 188 188 188 188 188 188 188 188 188 188 
192 192 192 192 192 192 192 192 192 192 192 192 192 192 192 192 192 192 192 192 192 192 192 192 192 192 192 192 192 192 192 192 192 192 192 192 192 192 192 192 192 192 192 192 192 192 192 192 192 192 192 192 192 192 192 192 192 192 192 192 192 192 192 192 192 192 192 192 192 192 192 192 192 192 192 192 192 192 192 192 192 192 192 192 192 192 192 192 192 192 192 192 192 192 192 192 192 192 
196 196 196 196 196 196 196 196 196 196 196 196 196 196 196 196 196 196 196 196 196 196 196 196 196 196 196 196 196 196 196 196 196 196 196 196 196 196 196 196 196 196 196 196 196 196 196 196 196 196 196 196 196 196 196 196 196 196 196 196 196 196 196 196 196 196 196 196 196 196 196 196 196 196 196 196 196 196 196 196 196 196 196 196 196 196 196 196 196 196 196 196 196 196 196 196 196 196 
200 200 200 200 200 200 200 200 200 200 200 200 200 200 200 200 200 200 200 200 200 200 200 200 200 200 200 200 200 200 200 200 200 200 200 200 200 200 200 200 200 200 200 200 200 200 200 200 200 200 200 200 200 200 200 200 200 200 200 200 200 200 200 200 200 200 200 200 200 200 200 200 200 200 200 200 200 200 200 200 200 200 200 200 200 200 200 200 200 200 200 200 200 200 200 200 200 200 
204 204 204 204 204 204 204 204 204 204 204 204 204 204 204 204 204 204 204 204 204 204 204 204 204 204 204 204 204 204 204 204 204 204 204 204 204 204 204 204 204 204 204 204 204 204 204 204 204 204 204 204 204 204 204 204 204 204 204 204 204 204 204 204 204 204 204 204 204 204 204 204 204 204 204 204 204 204 204 204 204 204 204 204 204 204 204 204 204 204 204 204 204 204 204 204 204 204 
207 207 207 207 207 207 207 207 207 207 207 207 207 207 207 207 207 207 207 207 207 207 207 207 207 207 207 207 207 207 207 207 207 207 207 207 207 207 207 207 207 207 207 207 207 207 207 207 207 207 207 207 207 207 207 207 207 207 207 207 207 207 207 207 207 207 207 207 207 207 207 207 207 207 207 207 207 207 207 207 207 207 207 207 207 207 207 207 207 207 207 207 207 207 207 207 207 207 
211 211 211 211 211 211 211 211 211 211 211 211 211 211 211 211 211 211 211 211 211 211 211 211 211 211 211 211 211 211 211 211 211 211 211 211 211 211 211 211 211 211 211 211 211 211 211 211 211 211 211 211 211 211 211 211 211 211 211 211 211 211 211 211 211 211 211 211 211 211 211 211 211 211 211 211 211 211 211 211 211 211 211 211 211 211 211 211 211 211 211 211 211 211 211 211 211 211 
215 215 215 215 215 215 215 215 215 215 215 215 215 215 215 215 215 215 215 215 215 215 215 215 215 215 215 215 215 215 215 215 215 215 215 215 215 215 215 215 215 215 215 215 215 215 215 215 215 215 215 215 215 215 215 215 215 215 215 215 215 215 215 215 215 215 215 215 215 215 215 215 215 215 215 215 215 215 215 215 215 215 215 215 215 215 215 215 215 215 215 215 215 215 215 215 215 215 
219 219 219 219 219 219 219 219 219 219 219 219 219 219 219 219 219 219 219 219 219 219 219 219 219 219 219 219 219 219 219 219 219 219 219 219 219 219 219 219 219 219 219 219 219 219 219 219 219 219 219 219 219 219 219 219 219 219 219 219 219 219 219 219 219 219 219 219 219 219 219 219 219 219 219 219 219 219 219 219 219 219 219 219 219 219 219 219 219 219 219 219 219 219 219 219 219 219 
223 223 223 223 223 223 223 223 223 223 223 223 223 223 223 223 223 223 223 223 223 223 223 223 223 223 223 223 223 223 223 223 223 223 223 223 223 223 223 223 223 223 223 223 223 223 223 223 223 223 223 223 223 223 223 223 223 223 223 223 223 223 223 223 223 223 223 223 223 223 223 223 223 223 223 223 223 223 223 223 223 223 223 223 223 223 223 223 223 223 223 223 223 223 223 223 223 223 
227 227 227 227 227 227 227 227 227 227 227 227 227 227 227 227 227 227 227 227 227 227 227 227 227 227 227 227 227 227 227 227 227 227 227 227 227 227 227 227 227 227 227 227 227 227 227 227 227 227 227 227 227 227 227 227 227 227 227 227 227 227 227 227 227 227 227 227 227 227 227 227 227 227 227 227 227 227 227 227 227 227 227 227 227 227 227 227 227 227 227 227 227 227 227 227 227 227 
231 231 231 231 231 231 231 231 231 231 231 231 231 231 231 231 231 231 231 231 231 231 231 231 231 231 231 231 231 231 231 231 231 231 231 231 231 231 231 231 231 231 231 231 231 231 231 231 231 231 231 231 231 231 231 231 231 231 231 231 231 231 231 231 231 231 231 231 231 231 231 231 231 231 231 231 231 231 231 231 231 231 231 231 231 231 231 231 231 231 231 231 231 231 231 231 231 231 
235 235 235 235 235 235 235 235 235 235 235 235 235 235 235 235 235 235 235 235 235 235 235 235 235 235 235 235 235 235 235 235 235 235 235 235 235 235 235 235 235 235 235 235 235 235 235 235 235 235 235 235 235 235 235 235 235 235 235 235 235 235 235 235 235 235 235 235 235 235 235 235 235 235 235 235 235 235 235 235 235 235 235 235 235 235 235 235 235 235 235 235 235 235 235 235 235 235 
239 239 239 239 239 239 239 239 239 239 239 239 239 239 239 239 239 239 239 239 239 239 239 239 239 239 239 239 239 239 239 239 239 239 239 239 239 239 239 239 239 239 239 239 239 239 239 239 239 239 239 239 239 239 239 239 239 239 239 239 239 239 239 239 239 239 239 239 239 239 239 239 239 239 239 239 239 239 239 239 239 239 239 239 239 239 239 239 239 239 239 239 239 239 239 239 239 239 
243 243 243 243 243 243 243 243 243 243 243 243 243 243 243 243 243 243 243 243 243 243 243 243 243 243 243 243 243 243 243 243 243 243 243 243 243 243 243 243 243 243 243 243 243 243 243 243 243 243 243 243 243 243 243 243 243 243 243 243 243 243 243 243 243 243 243 243 243 243 243 243 243 243 243 243 243 243 243 243 243 243 243 243 243 243 243 243 243 243 243 243 243 243 243 243 243 243 
247 247 247 247 247 247 247 247 247 247 247 247 247 247 247 247 247 247 247 247 247 247 247 247 247 247 247 247 247 247 247 247 247 247 247 247 247 247 247 247 247 247 247 247 247 247 247 247 247 247 247 247 247 247 247 247 247 247 247 247 247 247 247 247 247 247 247 247 247 247 247 247 247 247 247 247 247 247 247 247 247 247 247 247 247 247 247 247 247 247 247 247 247 247 247 247 247 247 
251 251 251 251 251 251 251 251 251 251 251 251 251 251 251 251 251 251 251 251 251 251 251 251 251 251 251 251 251 251 251 251 251 251 251 251 251 251 251 251 251 251 251 251 251 251 251 251 251 251 251 251 251 251 251 251 251 251 251 251 251 251 251 251 251 251 251 251 251 251 251 251 251 251 251 251 251 251 251 251 251 251 251 251 251 251 251 251 251 251 251 251 251 251 251 251 251 251 
255 255 255 255 255 255 255 255 255 255 255 255 255 255 255 255 255 255 255 255 255 255 255 255 255 255 255 255 255 255 255 255 255 255 255 255 255 255 255 255 255 255 255 255 255 255 255 255 255 255 255 255 255 255 255 255 255 255 255 255 255 255 255 255 255 255 255 255 255 255 255 255 255 255 255 255 255 255 255 255 255 255 255 255 255 255 255 255 255 255 255 255 255 255 255 255 255 255 
=== DONE, samples_out.pgm written ===
$finish called at time : 129435 ns : File "D:/SingleDGH/ComputerEngineering/LogicDesign/img_rot_project/img_rot_project.srcs/sources_1/new/axi_image_rotator_tb.v" Line 115
